2026-10-06 16:25:25,960 INFO === benchmark start ===
2026-10-06 16:25:25,960 INFO dataset_root=/home/fakeheadset/Projects/EulerEasel/dataset runs=3 timeout_seconds=120.0 max_matrix_file_mb=128.0
2026-10-06 16:25:27,828 INFO Available kernels=['CPU_CSR', 'CPU_ELL', 'CPU_CSR_AVX', 'CPU_ELL_AVX_x4', 'CPU_ELL_AVX_x16', 'GPU_CSR', 'GPU_ELL']
2026-10-06 16:25:27,828 INFO matrix=Fashion_MNIST_norm_10NN.mtx start
2026-10-06 16:25:27,828 INFO matrix=Fashion_MNIST_norm_10NN.mtx kernel=CPU_CSR start
2026-10-06 16:25:28,042 INFO matrix=Fashion_MNIST_norm_10NN.mtx kernel=CPU_CSR status=ok kernel_ms=[0.097156, 0.103393, 0.091646] wall_latencies_ms=[0.332087, 0.412417, 0.323535] setup_seconds=0.000005 wall_seconds=0.213276 correct=True max_abs_error=0.0
2026-10-06 16:25:28,042 INFO matrix=Fashion_MNIST_norm_10NN.mtx kernel=CPU_ELL start
2026-10-06 16:25:28,654 INFO matrix=Fashion_MNIST_norm_10NN.mtx kernel=CPU_ELL status=ok kernel_ms=[0.565705, 0.519935, 0.449861] wall_latencies_ms=[92.601156, 91.102485, 89.557497] setup_seconds=0.088440 wall_seconds=0.611678 correct=True max_abs_error=0.0
2026-10-06 16:25:28,654 INFO matrix=Fashion_MNIST_norm_10NN.mtx kernel=CPU_CSR_AVX start
2026-10-06 16:25:28,819 INFO matrix=Fashion_MNIST_norm_10NN.mtx kernel=CPU_CSR_AVX status=ok kernel_ms=[0.226129, 0.256242, 0.254449] wall_latencies_ms=[0.472424, 0.564006, 0.471847] setup_seconds=0.000006 wall_seconds=0.164413 correct=True max_abs_error=1.5543122344752192e-15
2026-10-06 16:25:28,819 INFO matrix=Fashion_MNIST_norm_10NN.mtx kernel=CPU_ELL_AVX_x4 start
2026-10-06 16:25:29,441 INFO matrix=Fashion_MNIST_norm_10NN.mtx kernel=CPU_ELL_AVX_x4 status=ok kernel_ms=[0.703379, 0.695535, 0.74788] wall_latencies_ms=[92.236239, 91.179602, 92.476901] setup_seconds=0.093360 wall_seconds=0.621593 correct=True max_abs_error=3.3306690738754696e-16
2026-10-06 16:25:29,441 INFO matrix=Fashion_MNIST_norm_10NN.mtx kernel=CPU_ELL_AVX_x16 start
2026-10-06 16:25:30,096 INFO matrix=Fashion_MNIST_norm_10NN.mtx kernel=CPU_ELL_AVX_x16 status=ok kernel_ms=[0.498387, 0.592116, 0.560099] wall_latencies_ms=[97.826719, 95.459944, 98.695619] setup_seconds=0.087006 wall_seconds=0.654797 correct=True max_abs_error=8.881784197001252e-16
2026-10-06 16:25:30,097 INFO matrix=Fashion_MNIST_norm_10NN.mtx kernel=GPU_CSR start
2026-10-06 16:25:30,515 INFO matrix=Fashion_MNIST_norm_10NN.mtx kernel=GPU_CSR status=ok kernel_ms=[0.01936, 0.018432, 0.018368] wall_latencies_ms=[0.043067, 0.03223, 0.030709] setup_seconds=0.127001 wall_seconds=0.417851 correct=True max_abs_error=2.220446049250313e-16
2026-10-06 16:25:30,515 INFO matrix=Fashion_MNIST_norm_10NN.mtx kernel=GPU_ELL start
2026-10-06 16:25:31,430 INFO matrix=Fashion_MNIST_norm_10NN.mtx kernel=GPU_ELL status=ok kernel_ms=[0.050176, 0.049152, 0.048128] wall_latencies_ms=[0.080993, 0.062109, 0.060723] setup_seconds=0.562885 wall_seconds=0.914936 correct=True max_abs_error=2.220446049250313e-16
2026-10-06 16:25:31,431 INFO matrix=Fashion_MNIST_norm_10NN.mtx complete
2026-10-06 16:25:31,431 INFO matrix=Goodwin_071.mtx start
2026-10-06 16:25:31,431 INFO matrix=Goodwin_071.mtx kernel=CPU_CSR start
2026-10-06 16:25:32,758 INFO matrix=Goodwin_071.mtx kernel=CPU_CSR status=ok kernel_ms=[1.281578, 1.239805, 1.214973] wall_latencies_ms=[2.790906, 3.118322, 2.506844] setup_seconds=0.000008 wall_seconds=1.327217 correct=True max_abs_error=0.0
2026-10-06 16:25:32,758 INFO matrix=Goodwin_071.mtx kernel=CPU_ELL start
2026-10-06 16:25:35,610 INFO matrix=Goodwin_071.mtx kernel=CPU_ELL status=ok kernel_ms=[2.094487, 2.501403, 1.94467] wall_latencies_ms=[295.441163, 293.291471, 290.420264] setup_seconds=0.353156 wall_seconds=2.851208 correct=True max_abs_error=0.0
2026-10-06 16:25:35,610 INFO matrix=Goodwin_071.mtx kernel=CPU_CSR_AVX start
2026-10-06 16:25:36,899 INFO matrix=Goodwin_071.mtx kernel=CPU_CSR_AVX status=ok kernel_ms=[1.986008, 1.944521, 2.095171] wall_latencies_ms=[3.612103, 3.787625, 3.377565] setup_seconds=0.000007 wall_seconds=1.288938 correct=True max_abs_error=2.498001805406602e-16
2026-10-06 16:25:36,899 INFO matrix=Goodwin_071.mtx kernel=CPU_ELL_AVX_x4 start
2026-10-06 16:25:39,740 INFO matrix=Goodwin_071.mtx kernel=CPU_ELL_AVX_x4 status=ok kernel_ms=[2.210793, 2.728757, 2.673954] wall_latencies_ms=[295.997141, 296.476926, 293.096092] setup_seconds=0.354774 wall_seconds=2.840404 correct=True max_abs_error=2.7755575615628914e-16
2026-10-06 16:25:39,740 INFO matrix=Goodwin_071.mtx kernel=CPU_ELL_AVX_x16 start
2026-10-06 16:25:42,621 INFO matrix=Goodwin_071.mtx kernel=CPU_ELL_AVX_x16 status=ok kernel_ms=[1.570458, 1.269539, 1.266183] wall_latencies_ms=[307.383613, 299.16568, 296.382255] setup_seconds=0.367143 wall_seconds=2.880558 correct=True max_abs_error=2.498001805406602e-16
2026-10-06 16:25:42,622 INFO matrix=Goodwin_071.mtx kernel=GPU_CSR start
2026-10-06 16:25:44,412 INFO matrix=Goodwin_071.mtx kernel=GPU_CSR status=ok kernel_ms=[0.29696, 0.306176, 0.30208] wall_latencies_ms=[0.326473, 0.320448, 0.314449] setup_seconds=0.405918 wall_seconds=1.790665 correct=True max_abs_error=1.6653345369377348e-16
2026-10-06 16:25:44,413 INFO matrix=Goodwin_071.mtx kernel=GPU_ELL start
2026-10-06 16:25:47,550 INFO matrix=Goodwin_071.mtx kernel=GPU_ELL status=ok kernel_ms=[0.226112, 0.225184, 0.22528] wall_latencies_ms=[0.274678, 0.238393, 0.236538] setup_seconds=1.683894 wall_seconds=3.137185 correct=True max_abs_error=1.6653345369377348e-16
2026-10-06 16:25:47,551 INFO matrix=Goodwin_071.mtx complete
2026-10-06 16:25:47,551 INFO matrix=Spectro_10NN.mtx start
2026-10-06 16:25:47,551 INFO matrix=Spectro_10NN.mtx kernel=CPU_CSR start
2026-10-06 16:25:47,657 INFO matrix=Spectro_10NN.mtx kernel=CPU_CSR status=ok kernel_ms=[0.002904, 0.002628, 0.00247] wall_latencies_ms=[0.024704, 0.026727, 0.020583] setup_seconds=0.000003 wall_seconds=0.106104 correct=True max_abs_error=0.0
2026-10-06 16:25:47,658 INFO matrix=Spectro_10NN.mtx kernel=CPU_ELL start
2026-10-06 16:25:47,766 INFO matrix=Spectro_10NN.mtx kernel=CPU_ELL status=ok kernel_ms=[0.006594, 0.005378, 0.005876] wall_latencies_ms=[2.292696, 2.326803, 2.425222] setup_seconds=0.001679 wall_seconds=0.107554 correct=True max_abs_error=0.0
2026-10-06 16:25:47,766 INFO matrix=Spectro_10NN.mtx kernel=CPU_CSR_AVX start
2026-10-06 16:25:47,889 INFO matrix=Spectro_10NN.mtx kernel=CPU_CSR_AVX status=ok kernel_ms=[2.738618, 2.1294, 0.988827] wall_latencies_ms=[2.778307, 2.16414, 1.015542] setup_seconds=0.000002 wall_seconds=0.122930 correct=True max_abs_error=2.220446049250313e-16
2026-10-06 16:25:47,890 INFO matrix=Spectro_10NN.mtx kernel=CPU_ELL_AVX_x4 start
2026-10-06 16:25:48,010 INFO matrix=Spectro_10NN.mtx kernel=CPU_ELL_AVX_x4 status=ok kernel_ms=[2.871845, 1.466522, 0.706171] wall_latencies_ms=[5.196786, 3.767998, 3.024695] setup_seconds=0.001690 wall_seconds=0.120263 correct=True max_abs_error=2.220446049250313e-16
2026-10-06 16:25:48,010 INFO matrix=Spectro_10NN.mtx kernel=CPU_ELL_AVX_x16 start
2026-10-06 16:25:48,128 INFO matrix=Spectro_10NN.mtx kernel=CPU_ELL_AVX_x16 status=ok kernel_ms=[3.566007, 0.551685, 0.487215] wall_latencies_ms=[6.058021, 2.918675, 2.928043] setup_seconds=0.001618 wall_seconds=0.117627 correct=True max_abs_error=2.220446049250313e-16
2026-10-06 16:25:48,129 INFO matrix=Spectro_10NN.mtx kernel=GPU_CSR start
2026-10-06 16:25:48,474 INFO matrix=Spectro_10NN.mtx kernel=GPU_CSR status=ok kernel_ms=[0.007168, 0.006144, 0.007168] wall_latencies_ms=[0.031729, 0.019729, 0.018358] setup_seconds=0.116144 wall_seconds=0.344510 correct=True max_abs_error=2.220446049250313e-16
2026-10-06 16:25:48,474 INFO matrix=Spectro_10NN.mtx kernel=GPU_ELL start
2026-10-06 16:25:48,915 INFO matrix=Spectro_10NN.mtx kernel=GPU_ELL status=ok kernel_ms=[0.006144, 0.006944, 0.006144] wall_latencies_ms=[0.03244, 0.019477, 0.018221] setup_seconds=0.135451 wall_seconds=0.439915 correct=True max_abs_error=2.220446049250313e-16
2026-10-06 16:25:48,917 INFO matrix=Spectro_10NN.mtx complete
2026-10-06 16:25:48,917 INFO matrix=analytics.mtx start
2026-10-06 16:25:48,917 INFO matrix=analytics.mtx kernel=CPU_CSR start
2026-10-06 16:25:49,877 INFO matrix=analytics.mtx kernel=CPU_CSR status=ok kernel_ms=[1.350548, 1.503659, 1.383022] wall_latencies_ms=[12.81723, 13.427286, 12.308466] setup_seconds=0.000007 wall_seconds=0.959045 correct=True max_abs_error=0.0
2026-10-06 16:25:49,877 INFO matrix=analytics.mtx kernel=CPU_ELL start
2026-10-06 16:25:59,435 WARNING matrix=analytics.mtx kernel=CPU_ELL status=error issue=native process terminated by SIGKILL returncode=-9 stderr=process produced no diagnostic output
2026-10-06 16:25:59,441 INFO matrix=analytics.mtx kernel=CPU_CSR_AVX start
2026-10-06 16:26:00,487 INFO matrix=analytics.mtx kernel=CPU_CSR_AVX status=ok kernel_ms=[8.619623, 8.417845, 8.915667] wall_latencies_ms=[20.55969, 20.659986, 20.911765] setup_seconds=0.000007 wall_seconds=1.045164 correct=True max_abs_error=7.152557373046875e-07
2026-10-06 16:26:00,488 INFO matrix=analytics.mtx kernel=CPU_ELL_AVX_x4 start
2026-10-06 16:26:07,203 WARNING matrix=analytics.mtx kernel=CPU_ELL_AVX_x4 status=error issue=native process terminated by SIGKILL returncode=-9 stderr=process produced no diagnostic output
2026-10-06 16:26:07,205 INFO matrix=analytics.mtx kernel=CPU_ELL_AVX_x16 start
2026-10-06 16:26:13,841 WARNING matrix=analytics.mtx kernel=CPU_ELL_AVX_x16 status=error issue=native process terminated by SIGKILL returncode=-9 stderr=process produced no diagnostic output
2026-10-06 16:26:13,843 INFO matrix=analytics.mtx kernel=GPU_CSR start
2026-10-06 16:26:16,117 INFO matrix=analytics.mtx kernel=GPU_CSR status=ok kernel_ms=[3.068928, 3.070848, 3.094528] wall_latencies_ms=[3.105658, 3.092104, 3.114294] setup_seconds=1.182272 wall_seconds=2.273368 correct=True max_abs_error=1.1920928955078125e-07
2026-10-06 16:26:16,118 INFO matrix=analytics.mtx kernel=GPU_ELL start
2026-10-06 16:26:21,017 WARNING matrix=analytics.mtx kernel=GPU_ELL status=error issue=native process terminated by SIGKILL returncode=-9 stderr=process produced no diagnostic output
2026-10-06 16:26:21,020 INFO matrix=analytics.mtx complete
2026-10-06 16:26:21,021 INFO matrix=bcsstk18.mtx start
2026-10-06 16:26:21,021 INFO matrix=bcsstk18.mtx kernel=CPU_CSR start
2026-10-06 16:26:21,340 INFO matrix=bcsstk18.mtx kernel=CPU_CSR status=ok kernel_ms=[0.090875, 0.087509, 0.090859] wall_latencies_ms=[0.354736, 0.452238, 0.36075] setup_seconds=0.000005 wall_seconds=0.318164 correct=True max_abs_error=0.0
2026-10-06 16:26:21,340 INFO matrix=bcsstk18.mtx kernel=CPU_ELL start
2026-10-06 16:26:21,725 INFO matrix=bcsstk18.mtx kernel=CPU_ELL status=ok kernel_ms=[0.208207, 0.176941, 0.216962] wall_latencies_ms=[44.994173, 44.214068, 44.058217] setup_seconds=0.048638 wall_seconds=0.384240 correct=True max_abs_error=0.0
2026-10-06 16:26:21,725 INFO matrix=bcsstk18.mtx kernel=CPU_CSR_AVX start
2026-10-06 16:26:21,899 INFO matrix=bcsstk18.mtx kernel=CPU_CSR_AVX status=ok kernel_ms=[0.390967, 0.327915, 0.471142] wall_latencies_ms=[0.698103, 0.735859, 0.900248] setup_seconds=0.000007 wall_seconds=0.173121 correct=True max_abs_error=3.814697265625e-06
2026-10-06 16:26:21,899 INFO matrix=bcsstk18.mtx kernel=CPU_ELL_AVX_x4 start
2026-10-06 16:26:22,320 INFO matrix=bcsstk18.mtx kernel=CPU_ELL_AVX_x4 status=ok kernel_ms=[0.441568, 0.407878, 0.461214] wall_latencies_ms=[44.714519, 44.920547, 44.761466] setup_seconds=0.042950 wall_seconds=0.420745 correct=True max_abs_error=1.9073486328125e-06
2026-10-06 16:26:22,321 INFO matrix=bcsstk18.mtx kernel=CPU_ELL_AVX_x16 start
2026-10-06 16:26:22,713 INFO matrix=bcsstk18.mtx kernel=CPU_ELL_AVX_x16 status=ok kernel_ms=[0.238954, 0.245737, 0.233176] wall_latencies_ms=[46.265746, 45.425445, 44.807921] setup_seconds=0.044725 wall_seconds=0.392011 correct=True max_abs_error=3.814697265625e-06
2026-10-06 16:26:22,714 INFO matrix=bcsstk18.mtx kernel=GPU_CSR start
2026-10-06 16:26:23,332 INFO matrix=bcsstk18.mtx kernel=GPU_CSR status=ok kernel_ms=[0.013248, 0.012288, 0.012288] wall_latencies_ms=[0.040442, 0.025712, 0.024319] setup_seconds=0.311700 wall_seconds=0.617999 correct=True max_abs_error=3.814697265625e-06
2026-10-06 16:26:23,334 INFO matrix=bcsstk18.mtx kernel=GPU_ELL start
2026-10-06 16:26:23,948 INFO matrix=bcsstk18.mtx kernel=GPU_ELL status=ok kernel_ms=[0.023552, 0.021504, 0.0224] wall_latencies_ms=[0.051431, 0.034627, 0.034025] setup_seconds=0.316145 wall_seconds=0.613593 correct=True max_abs_error=3.814697265625e-06
2026-10-06 16:26:23,948 INFO matrix=bcsstk18.mtx complete
2026-10-06 16:26:23,948 INFO matrix=kmer_V1r.mtx start
2026-10-06 16:26:23,956 WARNING matrix=kmer_V1r.mtx kernel=CPU_CSR status=skipped_resource_limit issue=file size 4208.3 MiB exceeds configured limit 128.0 MiB
2026-10-06 16:26:23,957 WARNING matrix=kmer_V1r.mtx kernel=CPU_ELL status=skipped_resource_limit issue=file size 4208.3 MiB exceeds configured limit 128.0 MiB
2026-10-06 16:26:23,957 WARNING matrix=kmer_V1r.mtx kernel=CPU_CSR_AVX status=skipped_resource_limit issue=file size 4208.3 MiB exceeds configured limit 128.0 MiB
2026-10-06 16:26:23,957 WARNING matrix=kmer_V1r.mtx kernel=CPU_ELL_AVX_x4 status=skipped_resource_limit issue=file size 4208.3 MiB exceeds configured limit 128.0 MiB
2026-10-06 16:26:23,958 WARNING matrix=kmer_V1r.mtx kernel=CPU_ELL_AVX_x16 status=skipped_resource_limit issue=file size 4208.3 MiB exceeds configured limit 128.0 MiB
2026-10-06 16:26:23,958 WARNING matrix=kmer_V1r.mtx kernel=GPU_CSR status=skipped_resource_limit issue=file size 4208.3 MiB exceeds configured limit 128.0 MiB
2026-10-06 16:26:23,958 WARNING matrix=kmer_V1r.mtx kernel=GPU_ELL status=skipped_resource_limit issue=file size 4208.3 MiB exceeds configured limit 128.0 MiB
2026-10-06 16:26:23,959 INFO matrix=kmer_V1r.mtx complete
2026-10-06 16:26:23,959 INFO matrix=ss.mtx start
2026-10-06 16:26:23,959 WARNING matrix=ss.mtx kernel=CPU_CSR status=skipped_resource_limit issue=file size 786.4 MiB exceeds configured limit 128.0 MiB
2026-10-06 16:26:23,959 WARNING matrix=ss.mtx kernel=CPU_ELL status=skipped_resource_limit issue=file size 786.4 MiB exceeds configured limit 128.0 MiB
2026-10-06 16:26:23,959 WARNING matrix=ss.mtx kernel=CPU_CSR_AVX status=skipped_resource_limit issue=file size 786.4 MiB exceeds configured limit 128.0 MiB
2026-10-06 16:26:23,960 WARNING matrix=ss.mtx kernel=CPU_ELL_AVX_x4 status=skipped_resource_limit issue=file size 786.4 MiB exceeds configured limit 128.0 MiB
2026-10-06 16:26:23,960 WARNING matrix=ss.mtx kernel=CPU_ELL_AVX_x16 status=skipped_resource_limit issue=file size 786.4 MiB exceeds configured limit 128.0 MiB
2026-10-06 16:26:23,960 WARNING matrix=ss.mtx kernel=GPU_CSR status=skipped_resource_limit issue=file size 786.4 MiB exceeds configured limit 128.0 MiB
2026-10-06 16:26:23,960 WARNING matrix=ss.mtx kernel=GPU_ELL status=skipped_resource_limit issue=file size 786.4 MiB exceeds configured limit 128.0 MiB
2026-10-06 16:26:23,961 INFO matrix=ss.mtx complete
2026-10-06 16:26:23,961 INFO matrix=stokes.mtx start
2026-10-06 16:26:23,961 WARNING matrix=stokes.mtx kernel=CPU_CSR status=skipped_resource_limit issue=file size 8551.8 MiB exceeds configured limit 128.0 MiB
2026-10-06 16:26:23,961 WARNING matrix=stokes.mtx kernel=CPU_ELL status=skipped_resource_limit issue=file size 8551.8 MiB exceeds configured limit 128.0 MiB
2026-10-06 16:26:23,962 WARNING matrix=stokes.mtx kernel=CPU_CSR_AVX status=skipped_resource_limit issue=file size 8551.8 MiB exceeds configured limit 128.0 MiB
2026-10-06 16:26:23,962 WARNING matrix=stokes.mtx kernel=CPU_ELL_AVX_x4 status=skipped_resource_limit issue=file size 8551.8 MiB exceeds configured limit 128.0 MiB
2026-10-06 16:26:23,962 WARNING matrix=stokes.mtx kernel=CPU_ELL_AVX_x16 status=skipped_resource_limit issue=file size 8551.8 MiB exceeds configured limit 128.0 MiB
2026-10-06 16:26:23,962 WARNING matrix=stokes.mtx kernel=GPU_CSR status=skipped_resource_limit issue=file size 8551.8 MiB exceeds configured limit 128.0 MiB
2026-10-06 16:26:23,963 WARNING matrix=stokes.mtx kernel=GPU_ELL status=skipped_resource_limit issue=file size 8551.8 MiB exceeds configured limit 128.0 MiB
2026-10-06 16:26:23,963 INFO matrix=stokes.mtx complete
2026-10-06 16:26:23,963 INFO matrix=uni_chimera_i5.mtx start
2026-10-06 16:26:23,963 INFO matrix=uni_chimera_i5.mtx kernel=CPU_CSR start
2026-10-06 16:26:24,299 INFO matrix=uni_chimera_i5.mtx kernel=CPU_CSR status=ok kernel_ms=[0.691497, 0.704373, 0.691413] wall_latencies_ms=[3.749903, 4.118932, 3.411415] setup_seconds=0.000006 wall_seconds=0.336008 correct=True max_abs_error=0.0
2026-10-06 16:26:24,300 INFO matrix=uni_chimera_i5.mtx kernel=CPU_ELL start
2026-10-06 16:26:26,075 INFO matrix=uni_chimera_i5.mtx kernel=CPU_ELL status=ok kernel_ms=[1.819605, 1.786362, 1.746594] wall_latencies_ms=[298.925403, 295.326994, 290.554806] setup_seconds=0.257629 wall_seconds=1.775050 correct=True max_abs_error=0.0
2026-10-06 16:26:26,076 INFO matrix=uni_chimera_i5.mtx kernel=CPU_CSR_AVX start
2026-10-06 16:26:26,411 INFO matrix=uni_chimera_i5.mtx kernel=CPU_CSR_AVX status=ok kernel_ms=[2.328947, 2.321208, 2.637081] wall_latencies_ms=[5.173882, 5.421361, 5.267045] setup_seconds=0.000006 wall_seconds=0.334945 correct=True max_abs_error=1.9984014443252818e-15
2026-10-06 16:26:26,411 INFO matrix=uni_chimera_i5.mtx kernel=CPU_ELL_AVX_x4 start
2026-10-06 16:26:28,150 INFO matrix=uni_chimera_i5.mtx kernel=CPU_ELL_AVX_x4 status=ok kernel_ms=[3.206217, 3.445716, 3.179198] wall_latencies_ms=[287.979366, 293.49878, 288.616473] setup_seconds=0.254740 wall_seconds=1.738037 correct=True max_abs_error=1.7763568394002505e-15
2026-10-06 16:26:28,150 INFO matrix=uni_chimera_i5.mtx kernel=CPU_ELL_AVX_x16 start
2026-10-06 16:26:29,919 INFO matrix=uni_chimera_i5.mtx kernel=CPU_ELL_AVX_x16 status=ok kernel_ms=[1.423638, 1.381938, 1.391014] wall_latencies_ms=[299.158344, 290.714248, 291.066329] setup_seconds=0.259448 wall_seconds=1.768915 correct=True max_abs_error=1.7763568394002505e-15
2026-10-06 16:26:29,920 INFO matrix=uni_chimera_i5.mtx kernel=GPU_CSR start
2026-10-06 16:26:30,603 INFO matrix=uni_chimera_i5.mtx kernel=GPU_CSR status=ok kernel_ms=[0.054976, 0.055232, 0.054272] wall_latencies_ms=[0.084644, 0.06988, 0.066971] setup_seconds=0.224616 wall_seconds=0.682911 correct=True max_abs_error=1.7763568394002505e-15
2026-10-06 16:26:30,604 INFO matrix=uni_chimera_i5.mtx kernel=GPU_ELL start
2026-10-06 16:26:32,394 INFO matrix=uni_chimera_i5.mtx kernel=GPU_ELL status=ok kernel_ms=[0.112448, 0.111616, 0.110784] wall_latencies_ms=[0.143297, 0.125811, 0.123757] setup_seconds=1.346929 wall_seconds=1.790209 correct=True max_abs_error=1.7763568394002505e-15
2026-10-06 16:26:32,396 INFO matrix=uni_chimera_i5.mtx complete
2026-10-06 16:26:32,396 INFO matrix=uni_chimera_i5_A_01.mtx start
2026-10-06 16:26:32,396 INFO matrix=uni_chimera_i5_A_01.mtx kernel=CPU_CSR start
2026-10-06 16:26:32,729 INFO matrix=uni_chimera_i5_A_01.mtx kernel=CPU_CSR status=ok kernel_ms=[0.659119, 0.654474, 0.658961] wall_latencies_ms=[3.395886, 3.827233, 3.272213] setup_seconds=0.000007 wall_seconds=0.332556 correct=True max_abs_error=0.0
2026-10-06 16:26:32,729 INFO matrix=uni_chimera_i5_A_01.mtx kernel=CPU_ELL start
2026-10-06 16:26:34,477 INFO matrix=uni_chimera_i5_A_01.mtx kernel=CPU_ELL status=ok kernel_ms=[1.975797, 1.932718, 1.770999] wall_latencies_ms=[295.042454, 290.19418, 287.436945] setup_seconds=0.259580 wall_seconds=1.747164 correct=True max_abs_error=0.0
2026-10-06 16:26:34,477 INFO matrix=uni_chimera_i5_A_01.mtx kernel=CPU_CSR_AVX start
2026-10-06 16:26:34,828 INFO matrix=uni_chimera_i5_A_01.mtx kernel=CPU_CSR_AVX status=ok kernel_ms=[3.173712, 3.520285, 2.439049] wall_latencies_ms=[6.151158, 7.120681, 5.186826] setup_seconds=0.000006 wall_seconds=0.350257 correct=True max_abs_error=1.7763568394002505e-15
2026-10-06 16:26:34,828 INFO matrix=uni_chimera_i5_A_01.mtx kernel=CPU_ELL_AVX_x4 start
2026-10-06 16:26:36,587 INFO matrix=uni_chimera_i5_A_01.mtx kernel=CPU_ELL_AVX_x4 status=ok kernel_ms=[3.29006, 3.126086, 3.160701] wall_latencies_ms=[294.47849, 289.50418, 292.594653] setup_seconds=0.259846 wall_seconds=1.758874 correct=True max_abs_error=1.7763568394002505e-15
2026-10-06 16:26:36,588 INFO matrix=uni_chimera_i5_A_01.mtx kernel=CPU_ELL_AVX_x16 start
2026-10-06 16:26:38,357 INFO matrix=uni_chimera_i5_A_01.mtx kernel=CPU_ELL_AVX_x16 status=ok kernel_ms=[1.420475, 1.477592, 1.409599] wall_latencies_ms=[298.468333, 291.162475, 289.129806] setup_seconds=0.266475 wall_seconds=1.769563 correct=True max_abs_error=1.7763568394002505e-15
2026-10-06 16:26:38,358 INFO matrix=uni_chimera_i5_A_01.mtx kernel=GPU_CSR start
2026-10-06 16:26:39,094 INFO matrix=uni_chimera_i5_A_01.mtx kernel=GPU_CSR status=ok kernel_ms=[0.057344, 0.054272, 0.055072] wall_latencies_ms=[0.088036, 0.069609, 0.068345] setup_seconds=0.230344 wall_seconds=0.735830 correct=True max_abs_error=1.7763568394002505e-15
2026-10-06 16:26:39,095 INFO matrix=uni_chimera_i5_A_01.mtx kernel=GPU_ELL start
2026-10-06 16:26:40,892 INFO matrix=uni_chimera_i5_A_01.mtx kernel=GPU_ELL status=ok kernel_ms=[0.111616, 0.11264, 0.11264] wall_latencies_ms=[0.143137, 0.126415, 0.12433] setup_seconds=1.342687 wall_seconds=1.796843 correct=True max_abs_error=2.220446049250313e-15
2026-10-06 16:26:40,893 INFO matrix=uni_chimera_i5_A_01.mtx complete
2026-10-06 16:26:40,893 INFO matrix=uni_chimera_i5_A_02.mtx start
2026-10-06 16:26:40,893 INFO matrix=uni_chimera_i5_A_02.mtx kernel=CPU_CSR start
2026-10-06 16:26:41,242 INFO matrix=uni_chimera_i5_A_02.mtx kernel=CPU_CSR status=ok kernel_ms=[0.72346, 0.675352, 0.689826] wall_latencies_ms=[3.601909, 3.587719, 3.338014] setup_seconds=0.000006 wall_seconds=0.348834 correct=True max_abs_error=0.0
2026-10-06 16:26:41,243 INFO matrix=uni_chimera_i5_A_02.mtx kernel=CPU_ELL start
2026-10-06 16:26:43,020 INFO matrix=uni_chimera_i5_A_02.mtx kernel=CPU_ELL status=ok kernel_ms=[1.802027, 2.123175, 1.692929] wall_latencies_ms=[299.803532, 291.098792, 288.032405] setup_seconds=0.257851 wall_seconds=1.777049 correct=True max_abs_error=0.0
2026-10-06 16:26:43,021 INFO matrix=uni_chimera_i5_A_02.mtx kernel=CPU_CSR_AVX start
2026-10-06 16:26:43,355 INFO matrix=uni_chimera_i5_A_02.mtx kernel=CPU_CSR_AVX status=ok kernel_ms=[2.455118, 2.64765, 2.53267] wall_latencies_ms=[5.170203, 5.82694, 5.315508] setup_seconds=0.000007 wall_seconds=0.333595 correct=True max_abs_error=2.220446049250313e-15
2026-10-06 16:26:43,356 INFO matrix=uni_chimera_i5_A_02.mtx kernel=CPU_ELL_AVX_x4 start
2026-10-06 16:26:45,095 INFO matrix=uni_chimera_i5_A_02.mtx kernel=CPU_ELL_AVX_x4 status=ok kernel_ms=[3.094198, 3.305951, 3.279934] wall_latencies_ms=[289.129323, 292.099939, 290.796665] setup_seconds=0.254670 wall_seconds=1.739284 correct=True max_abs_error=1.7763568394002505e-15
2026-10-06 16:26:45,096 INFO matrix=uni_chimera_i5_A_02.mtx kernel=CPU_ELL_AVX_x16 start
2026-10-06 16:26:46,882 INFO matrix=uni_chimera_i5_A_02.mtx kernel=CPU_ELL_AVX_x16 status=ok kernel_ms=[1.416611, 1.423905, 1.363952] wall_latencies_ms=[302.85301, 288.359661, 287.819442] setup_seconds=0.275012 wall_seconds=1.785686 correct=True max_abs_error=1.7763568394002505e-15
2026-10-06 16:26:46,882 INFO matrix=uni_chimera_i5_A_02.mtx kernel=GPU_CSR start
2026-10-06 16:26:47,565 INFO matrix=uni_chimera_i5_A_02.mtx kernel=GPU_CSR status=ok kernel_ms=[0.055296, 0.053984, 0.054272] wall_latencies_ms=[0.083478, 0.068303, 0.06687] setup_seconds=0.223176 wall_seconds=0.682622 correct=True max_abs_error=1.7763568394002505e-15
2026-10-06 16:26:47,568 INFO matrix=uni_chimera_i5_A_02.mtx kernel=GPU_ELL start
2026-10-06 16:26:49,352 INFO matrix=uni_chimera_i5_A_02.mtx kernel=GPU_ELL status=ok kernel_ms=[0.11264, 0.111616, 0.11264] wall_latencies_ms=[0.142147, 0.125444, 0.124668] setup_seconds=1.335713 wall_seconds=1.783759 correct=True max_abs_error=1.7763568394002505e-15
2026-10-06 16:26:49,353 INFO matrix=uni_chimera_i5_A_02.mtx complete
2026-10-06 16:26:49,353 INFO matrix=uni_chimera_i5_A_03.mtx start
2026-10-06 16:26:49,353 INFO matrix=uni_chimera_i5_A_03.mtx kernel=CPU_CSR start
2026-10-06 16:26:49,695 INFO matrix=uni_chimera_i5_A_03.mtx kernel=CPU_CSR status=ok kernel_ms=[0.664158, 0.677401, 0.676459] wall_latencies_ms=[3.31354, 3.860028, 3.052797] setup_seconds=0.000006 wall_seconds=0.341253 correct=True max_abs_error=0.0
2026-10-06 16:26:49,695 INFO matrix=uni_chimera_i5_A_03.mtx kernel=CPU_ELL start
2026-10-06 16:26:51,454 INFO matrix=uni_chimera_i5_A_03.mtx kernel=CPU_ELL status=ok kernel_ms=[2.055767, 1.881124, 2.027386] wall_latencies_ms=[298.610631, 285.38082, 290.445772] setup_seconds=0.257519 wall_seconds=1.758676 correct=True max_abs_error=0.0
2026-10-06 16:26:51,455 INFO matrix=uni_chimera_i5_A_03.mtx kernel=CPU_CSR_AVX start
2026-10-06 16:26:51,807 INFO matrix=uni_chimera_i5_A_03.mtx kernel=CPU_CSR_AVX status=ok kernel_ms=[2.420166, 2.400827, 2.220956] wall_latencies_ms=[5.20847, 5.64248, 4.759337] setup_seconds=0.000006 wall_seconds=0.352262 correct=True max_abs_error=1.7763568394002505e-15
2026-10-06 16:26:51,808 INFO matrix=uni_chimera_i5_A_03.mtx kernel=CPU_ELL_AVX_x4 start
2026-10-06 16:26:53,570 INFO matrix=uni_chimera_i5_A_03.mtx kernel=CPU_ELL_AVX_x4 status=ok kernel_ms=[3.283694, 3.043619, 3.377091] wall_latencies_ms=[298.788003, 293.428407, 295.925016] setup_seconds=0.254445 wall_seconds=1.761262 correct=True max_abs_error=1.7763568394002505e-15
2026-10-06 16:26:53,570 INFO matrix=uni_chimera_i5_A_03.mtx kernel=CPU_ELL_AVX_x16 start
2026-10-06 16:26:55,362 INFO matrix=uni_chimera_i5_A_03.mtx kernel=CPU_ELL_AVX_x16 status=ok kernel_ms=[1.426472, 1.396362, 1.583514] wall_latencies_ms=[302.822061, 295.734008, 297.67522] setup_seconds=0.260304 wall_seconds=1.791162 correct=True max_abs_error=3.1086244689504383e-15
2026-10-06 16:26:55,362 INFO matrix=uni_chimera_i5_A_03.mtx kernel=GPU_CSR start
2026-10-06 16:26:56,081 INFO matrix=uni_chimera_i5_A_03.mtx kernel=GPU_CSR status=ok kernel_ms=[0.05632, 0.054272, 0.05424] wall_latencies_ms=[0.084963, 0.0689, 0.066637] setup_seconds=0.229426 wall_seconds=0.718759 correct=True max_abs_error=1.7763568394002505e-15
2026-10-06 16:26:56,083 INFO matrix=uni_chimera_i5_A_03.mtx kernel=GPU_ELL start
2026-10-06 16:26:57,869 INFO matrix=uni_chimera_i5_A_03.mtx kernel=GPU_ELL status=ok kernel_ms=[0.11264, 0.111392, 0.111616] wall_latencies_ms=[0.143434, 0.125064, 0.129542] setup_seconds=1.337464 wall_seconds=1.785318 correct=True max_abs_error=1.7763568394002505e-15
2026-10-06 16:26:57,871 INFO matrix=uni_chimera_i5_A_03.mtx complete
2026-10-06 16:26:57,871 INFO matrix=uni_chimera_i5_A_04.mtx start
2026-10-06 16:26:57,871 INFO matrix=uni_chimera_i5_A_04.mtx kernel=CPU_CSR start
2026-10-06 16:26:58,231 INFO matrix=uni_chimera_i5_A_04.mtx kernel=CPU_CSR status=ok kernel_ms=[0.693875, 0.657285, 0.692307] wall_latencies_ms=[3.286583, 3.714803, 3.131929] setup_seconds=0.000007 wall_seconds=0.359409 correct=True max_abs_error=0.0
2026-10-06 16:26:58,232 INFO matrix=uni_chimera_i5_A_04.mtx kernel=CPU_ELL start
2026-10-06 16:27:00,035 INFO matrix=uni_chimera_i5_A_04.mtx kernel=CPU_ELL status=ok kernel_ms=[2.136321, 1.794415, 1.869057] wall_latencies_ms=[311.807743, 301.672959, 298.719133] setup_seconds=0.263751 wall_seconds=1.802918 correct=True max_abs_error=0.0
2026-10-06 16:27:00,036 INFO matrix=uni_chimera_i5_A_04.mtx kernel=CPU_CSR_AVX start
2026-10-06 16:27:00,376 INFO matrix=uni_chimera_i5_A_04.mtx kernel=CPU_CSR_AVX status=ok kernel_ms=[2.887537, 3.069168, 3.212196] wall_latencies_ms=[6.097174, 6.474152, 6.161758] setup_seconds=0.000007 wall_seconds=0.340612 correct=True max_abs_error=2.6645352591003757e-15
2026-10-06 16:27:00,377 INFO matrix=uni_chimera_i5_A_04.mtx kernel=CPU_ELL_AVX_x4 start
2026-10-06 16:27:02,125 INFO matrix=uni_chimera_i5_A_04.mtx kernel=CPU_ELL_AVX_x4 status=ok kernel_ms=[3.266427, 3.250189, 3.457719] wall_latencies_ms=[287.789905, 290.988216, 291.179603] setup_seconds=0.259174 wall_seconds=1.747280 correct=True max_abs_error=1.7763568394002505e-15
2026-10-06 16:27:02,125 INFO matrix=uni_chimera_i5_A_04.mtx kernel=CPU_ELL_AVX_x16 start
2026-10-06 16:27:03,902 INFO matrix=uni_chimera_i5_A_04.mtx kernel=CPU_ELL_AVX_x16 status=ok kernel_ms=[1.401811, 1.39927, 1.444652] wall_latencies_ms=[304.181333, 295.907569, 294.718673] setup_seconds=0.257395 wall_seconds=1.776963 correct=True max_abs_error=1.7763568394002505e-15
2026-10-06 16:27:03,903 INFO matrix=uni_chimera_i5_A_04.mtx kernel=GPU_CSR start
2026-10-06 16:27:04,587 INFO matrix=uni_chimera_i5_A_04.mtx kernel=GPU_CSR status=ok kernel_ms=[0.054976, 0.055296, 0.05632] wall_latencies_ms=[0.080467, 0.069121, 0.068587] setup_seconds=0.222223 wall_seconds=0.683321 correct=True max_abs_error=1.7763568394002505e-15
2026-10-06 16:27:04,587 INFO matrix=uni_chimera_i5_A_04.mtx kernel=GPU_ELL start
2026-10-06 16:27:06,386 INFO matrix=uni_chimera_i5_A_04.mtx kernel=GPU_ELL status=ok kernel_ms=[0.11248, 0.11264, 0.112512] wall_latencies_ms=[0.140513, 0.140435, 0.124351] setup_seconds=1.341187 wall_seconds=1.798718 correct=True max_abs_error=1.7763568394002505e-15
2026-10-06 16:27:06,387 INFO matrix=uni_chimera_i5_A_04.mtx complete
2026-10-06 16:27:06,387 INFO matrix=uni_chimera_i5_A_05.mtx start
2026-10-06 16:27:06,387 INFO matrix=uni_chimera_i5_A_05.mtx kernel=CPU_CSR start
2026-10-06 16:27:06,714 INFO matrix=uni_chimera_i5_A_05.mtx kernel=CPU_CSR status=ok kernel_ms=[0.666306, 0.657999, 0.657313] wall_latencies_ms=[3.401582, 3.661824, 3.145508] setup_seconds=0.000005 wall_seconds=0.327211 correct=True max_abs_error=0.0
2026-10-06 16:27:06,715 INFO matrix=uni_chimera_i5_A_05.mtx kernel=CPU_ELL start
2026-10-06 16:27:08,469 INFO matrix=uni_chimera_i5_A_05.mtx kernel=CPU_ELL status=ok kernel_ms=[2.03555, 1.991141, 1.732316] wall_latencies_ms=[298.124937, 288.654664, 290.797071] setup_seconds=0.255305 wall_seconds=1.753880 correct=True max_abs_error=0.0
2026-10-06 16:27:08,470 INFO matrix=uni_chimera_i5_A_05.mtx kernel=CPU_CSR_AVX start
2026-10-06 16:27:08,805 INFO matrix=uni_chimera_i5_A_05.mtx kernel=CPU_CSR_AVX status=ok kernel_ms=[2.339156, 2.672755, 2.28579] wall_latencies_ms=[5.228506, 5.757273, 4.855375] setup_seconds=0.000006 wall_seconds=0.334892 correct=True max_abs_error=1.7763568394002505e-15
2026-10-06 16:27:08,806 INFO matrix=uni_chimera_i5_A_05.mtx kernel=CPU_ELL_AVX_x4 start
2026-10-06 16:27:10,552 INFO matrix=uni_chimera_i5_A_05.mtx kernel=CPU_ELL_AVX_x4 status=ok kernel_ms=[3.122908, 2.877285, 3.407622] wall_latencies_ms=[288.273187, 287.976813, 293.689107] setup_seconds=0.257576 wall_seconds=1.745775 correct=True max_abs_error=1.7763568394002505e-15
2026-10-06 16:27:10,552 INFO matrix=uni_chimera_i5_A_05.mtx kernel=CPU_ELL_AVX_x16 start
2026-10-06 16:27:12,326 INFO matrix=uni_chimera_i5_A_05.mtx kernel=CPU_ELL_AVX_x16 status=ok kernel_ms=[1.448059, 1.42052, 1.39677] wall_latencies_ms=[303.220501, 292.893311, 292.348968] setup_seconds=0.259466 wall_seconds=1.773290 correct=True max_abs_error=1.7763568394002505e-15
2026-10-06 16:27:12,327 INFO matrix=uni_chimera_i5_A_05.mtx kernel=GPU_CSR start
2026-10-06 16:27:12,996 INFO matrix=uni_chimera_i5_A_05.mtx kernel=GPU_CSR status=ok kernel_ms=[0.054272, 0.054432, 0.055296] wall_latencies_ms=[0.0806, 0.069398, 0.06743] setup_seconds=0.227633 wall_seconds=0.669301 correct=True max_abs_error=1.7763568394002505e-15
2026-10-06 16:27:12,997 INFO matrix=uni_chimera_i5_A_05.mtx kernel=GPU_ELL start
2026-10-06 16:27:14,774 INFO matrix=uni_chimera_i5_A_05.mtx kernel=GPU_ELL status=ok kernel_ms=[0.11264, 0.111328, 0.111616] wall_latencies_ms=[0.139797, 0.124998, 0.123136] setup_seconds=1.334434 wall_seconds=1.776209 correct=True max_abs_error=1.7763568394002505e-15
2026-10-06 16:27:14,776 INFO matrix=uni_chimera_i5_A_05.mtx complete
2026-10-06 16:27:14,776 INFO matrix=uni_chimera_i5_A_06.mtx start
2026-10-06 16:27:14,776 INFO matrix=uni_chimera_i5_A_06.mtx kernel=CPU_CSR start
2026-10-06 16:27:15,110 INFO matrix=uni_chimera_i5_A_06.mtx kernel=CPU_CSR status=ok kernel_ms=[0.667246, 0.692605, 0.685393] wall_latencies_ms=[3.409963, 3.795616, 3.057475] setup_seconds=0.000007 wall_seconds=0.333723 correct=True max_abs_error=0.0
2026-10-06 16:27:15,111 INFO matrix=uni_chimera_i5_A_06.mtx kernel=CPU_ELL start
2026-10-06 16:27:16,891 INFO matrix=uni_chimera_i5_A_06.mtx kernel=CPU_ELL status=ok kernel_ms=[1.693789, 1.724399, 2.128913] wall_latencies_ms=[301.174033, 292.421707, 293.251887] setup_seconds=0.262343 wall_seconds=1.779672 correct=True max_abs_error=0.0
2026-10-06 16:27:16,892 INFO matrix=uni_chimera_i5_A_06.mtx kernel=CPU_CSR_AVX start
2026-10-06 16:27:17,231 INFO matrix=uni_chimera_i5_A_06.mtx kernel=CPU_CSR_AVX status=ok kernel_ms=[2.251757, 2.320136, 2.261409] wall_latencies_ms=[5.602271, 5.38623, 6.091438] setup_seconds=0.000006 wall_seconds=0.338589 correct=True max_abs_error=1.887379141862766e-15
2026-10-06 16:27:17,232 INFO matrix=uni_chimera_i5_A_06.mtx kernel=CPU_ELL_AVX_x4 start
2026-10-06 16:27:19,039 INFO matrix=uni_chimera_i5_A_06.mtx kernel=CPU_ELL_AVX_x4 status=ok kernel_ms=[3.153528, 3.29378, 3.064042] wall_latencies_ms=[303.058857, 300.957011, 300.820095] setup_seconds=0.265367 wall_seconds=1.807738 correct=True max_abs_error=1.7763568394002505e-15
2026-10-06 16:27:19,040 INFO matrix=uni_chimera_i5_A_06.mtx kernel=CPU_ELL_AVX_x16 start
2026-10-06 16:27:20,834 INFO matrix=uni_chimera_i5_A_06.mtx kernel=CPU_ELL_AVX_x16 status=ok kernel_ms=[1.481622, 1.387047, 1.432057] wall_latencies_ms=[305.340551, 296.620516, 301.992515] setup_seconds=0.258877 wall_seconds=1.793383 correct=True max_abs_error=2.6645352591003757e-15
2026-10-06 16:27:20,835 INFO matrix=uni_chimera_i5_A_06.mtx kernel=GPU_CSR start
2026-10-06 16:27:21,507 INFO matrix=uni_chimera_i5_A_06.mtx kernel=GPU_CSR status=ok kernel_ms=[0.055328, 0.054272, 0.05632] wall_latencies_ms=[0.081741, 0.069359, 0.068887] setup_seconds=0.221347 wall_seconds=0.672510 correct=True max_abs_error=1.7763568394002505e-15
2026-10-06 16:27:21,508 INFO matrix=uni_chimera_i5_A_06.mtx kernel=GPU_ELL start
2026-10-06 16:27:23,302 INFO matrix=uni_chimera_i5_A_06.mtx kernel=GPU_ELL status=ok kernel_ms=[0.112512, 0.11264, 0.11264] wall_latencies_ms=[0.142617, 0.126018, 0.124717] setup_seconds=1.352950 wall_seconds=1.793973 correct=True max_abs_error=1.7763568394002505e-15
2026-10-06 16:27:23,303 INFO matrix=uni_chimera_i5_A_06.mtx complete
2026-10-06 16:27:23,303 INFO matrix=uni_chimera_i5_A_07.mtx start
2026-10-06 16:27:23,303 INFO matrix=uni_chimera_i5_A_07.mtx kernel=CPU_CSR start
2026-10-06 16:27:23,636 INFO matrix=uni_chimera_i5_A_07.mtx kernel=CPU_CSR status=ok kernel_ms=[0.711615, 0.687731, 0.715559] wall_latencies_ms=[3.47211, 3.873189, 3.323638] setup_seconds=0.000006 wall_seconds=0.332920 correct=True max_abs_error=0.0
2026-10-06 16:27:23,637 INFO matrix=uni_chimera_i5_A_07.mtx kernel=CPU_ELL start
2026-10-06 16:27:25,452 INFO matrix=uni_chimera_i5_A_07.mtx kernel=CPU_ELL status=ok kernel_ms=[1.707049, 1.810589, 1.741767] wall_latencies_ms=[312.13699, 306.216768, 302.55203] setup_seconds=0.263584 wall_seconds=1.815218 correct=True max_abs_error=0.0
2026-10-06 16:27:25,453 INFO matrix=uni_chimera_i5_A_07.mtx kernel=CPU_CSR_AVX start
2026-10-06 16:27:25,784 INFO matrix=uni_chimera_i5_A_07.mtx kernel=CPU_CSR_AVX status=ok kernel_ms=[2.236078, 2.242522, 2.241198] wall_latencies_ms=[5.653149, 5.406369, 4.873162] setup_seconds=0.000006 wall_seconds=0.331152 correct=True max_abs_error=2.6645352591003757e-15
2026-10-06 16:27:25,785 INFO matrix=uni_chimera_i5_A_07.mtx kernel=CPU_ELL_AVX_x4 start
2026-10-06 16:27:27,539 INFO matrix=uni_chimera_i5_A_07.mtx kernel=CPU_ELL_AVX_x4 status=ok kernel_ms=[3.72996, 3.026653, 3.156404] wall_latencies_ms=[293.681458, 295.336697, 286.552587] setup_seconds=0.255646 wall_seconds=1.753689 correct=True max_abs_error=1.7763568394002505e-15
2026-10-06 16:27:27,540 INFO matrix=uni_chimera_i5_A_07.mtx kernel=CPU_ELL_AVX_x16 start
2026-10-06 16:27:29,301 INFO matrix=uni_chimera_i5_A_07.mtx kernel=CPU_ELL_AVX_x16 status=ok kernel_ms=[1.410857, 1.468249, 1.339395] wall_latencies_ms=[300.576206, 290.326351, 289.614029] setup_seconds=0.258661 wall_seconds=1.760537 correct=True max_abs_error=1.7763568394002505e-15
2026-10-06 16:27:29,302 INFO matrix=uni_chimera_i5_A_07.mtx kernel=GPU_CSR start
2026-10-06 16:27:29,978 INFO matrix=uni_chimera_i5_A_07.mtx kernel=GPU_CSR status=ok kernel_ms=[0.055296, 0.054272, 0.055008] wall_latencies_ms=[0.082657, 0.068442, 0.067506] setup_seconds=0.223939 wall_seconds=0.675681 correct=True max_abs_error=1.7763568394002505e-15
2026-10-06 16:27:29,978 INFO matrix=uni_chimera_i5_A_07.mtx kernel=GPU_ELL start
2026-10-06 16:27:31,773 INFO matrix=uni_chimera_i5_A_07.mtx kernel=GPU_ELL status=ok kernel_ms=[0.111616, 0.111616, 0.111424] wall_latencies_ms=[0.139341, 0.126298, 0.123452] setup_seconds=1.351018 wall_seconds=1.794066 correct=True max_abs_error=1.7763568394002505e-15
2026-10-06 16:27:31,775 INFO matrix=uni_chimera_i5_A_07.mtx complete
2026-10-06 16:27:31,775 INFO matrix=uni_chimera_i5_A_08.mtx start
2026-10-06 16:27:31,775 INFO matrix=uni_chimera_i5_A_08.mtx kernel=CPU_CSR start
2026-10-06 16:27:32,107 INFO matrix=uni_chimera_i5_A_08.mtx kernel=CPU_CSR status=ok kernel_ms=[0.666331, 0.658267, 0.70946] wall_latencies_ms=[3.29867, 3.801652, 3.158639] setup_seconds=0.000006 wall_seconds=0.331167 correct=True max_abs_error=0.0
2026-10-06 16:27:32,108 INFO matrix=uni_chimera_i5_A_08.mtx kernel=CPU_ELL start
2026-10-06 16:27:33,928 INFO matrix=uni_chimera_i5_A_08.mtx kernel=CPU_ELL status=ok kernel_ms=[1.743099, 1.732979, 1.667502] wall_latencies_ms=[314.090245, 308.908629, 306.758847] setup_seconds=0.261188 wall_seconds=1.819952 correct=True max_abs_error=0.0
2026-10-06 16:27:33,929 INFO matrix=uni_chimera_i5_A_08.mtx kernel=CPU_CSR_AVX start
2026-10-06 16:27:34,278 INFO matrix=uni_chimera_i5_A_08.mtx kernel=CPU_CSR_AVX status=ok kernel_ms=[2.376055, 2.658096, 2.868932] wall_latencies_ms=[5.351458, 6.081797, 5.718538] setup_seconds=0.000006 wall_seconds=0.349190 correct=True max_abs_error=2.6645352591003757e-15
2026-10-06 16:27:34,279 INFO matrix=uni_chimera_i5_A_08.mtx kernel=CPU_ELL_AVX_x4 start
2026-10-06 16:27:36,053 INFO matrix=uni_chimera_i5_A_08.mtx kernel=CPU_ELL_AVX_x4 status=ok kernel_ms=[3.051243, 4.11677, 3.509984] wall_latencies_ms=[293.111678, 296.439219, 294.948726] setup_seconds=0.257509 wall_seconds=1.774226 correct=True max_abs_error=1.7763568394002505e-15
2026-10-06 16:27:36,054 INFO matrix=uni_chimera_i5_A_08.mtx kernel=CPU_ELL_AVX_x16 start
2026-10-06 16:27:37,837 INFO matrix=uni_chimera_i5_A_08.mtx kernel=CPU_ELL_AVX_x16 status=ok kernel_ms=[1.423859, 1.387613, 1.380931] wall_latencies_ms=[300.841108, 295.453628, 298.056933] setup_seconds=0.256865 wall_seconds=1.783139 correct=True max_abs_error=1.7763568394002505e-15
2026-10-06 16:27:37,838 INFO matrix=uni_chimera_i5_A_08.mtx kernel=GPU_CSR start
2026-10-06 16:27:38,505 INFO matrix=uni_chimera_i5_A_08.mtx kernel=GPU_CSR status=ok kernel_ms=[0.055296, 0.055296, 0.055296] wall_latencies_ms=[0.086907, 0.069681, 0.067497] setup_seconds=0.222070 wall_seconds=0.666447 correct=True max_abs_error=1.7763568394002505e-15
2026-10-06 16:27:38,506 INFO matrix=uni_chimera_i5_A_08.mtx kernel=GPU_ELL start
2026-10-06 16:27:40,294 INFO matrix=uni_chimera_i5_A_08.mtx kernel=GPU_ELL status=ok kernel_ms=[0.11264, 0.11264, 0.111616] wall_latencies_ms=[0.141202, 0.132867, 0.124196] setup_seconds=1.346113 wall_seconds=1.787283 correct=True max_abs_error=1.7763568394002505e-15
2026-10-06 16:27:40,298 INFO matrix=uni_chimera_i5_A_08.mtx complete
2026-10-06 16:27:40,298 INFO matrix=uni_chimera_i5_A_09.mtx start
2026-10-06 16:27:40,298 INFO matrix=uni_chimera_i5_A_09.mtx kernel=CPU_CSR start
2026-10-06 16:27:40,642 INFO matrix=uni_chimera_i5_A_09.mtx kernel=CPU_CSR status=ok kernel_ms=[0.7198, 0.715691, 0.682666] wall_latencies_ms=[4.905845, 4.069713, 3.057084] setup_seconds=0.000008 wall_seconds=0.343714 correct=True max_abs_error=0.0
2026-10-06 16:27:40,643 INFO matrix=uni_chimera_i5_A_09.mtx kernel=CPU_ELL start
2026-10-06 16:27:42,454 INFO matrix=uni_chimera_i5_A_09.mtx kernel=CPU_ELL status=ok kernel_ms=[1.820986, 2.078355, 1.74808] wall_latencies_ms=[309.728081, 301.4505, 299.002013] setup_seconds=0.261124 wall_seconds=1.809978 correct=True max_abs_error=0.0
2026-10-06 16:27:42,455 INFO matrix=uni_chimera_i5_A_09.mtx kernel=CPU_CSR_AVX start
2026-10-06 16:27:42,810 INFO matrix=uni_chimera_i5_A_09.mtx kernel=CPU_CSR_AVX status=ok kernel_ms=[2.573726, 2.660168, 2.322472] wall_latencies_ms=[5.395893, 5.80315, 4.628726] setup_seconds=0.000006 wall_seconds=0.354899 correct=True max_abs_error=1.9984014443252818e-15
2026-10-06 16:27:42,811 INFO matrix=uni_chimera_i5_A_09.mtx kernel=CPU_ELL_AVX_x4 start
2026-10-06 16:27:44,582 INFO matrix=uni_chimera_i5_A_09.mtx kernel=CPU_ELL_AVX_x4 status=ok kernel_ms=[3.227669, 3.364277, 3.437353] wall_latencies_ms=[298.920913, 294.072126, 294.502555] setup_seconds=0.259734 wall_seconds=1.771189 correct=True max_abs_error=1.7763568394002505e-15
2026-10-06 16:27:44,583 INFO matrix=uni_chimera_i5_A_09.mtx kernel=CPU_ELL_AVX_x16 start
2026-10-06 16:27:46,375 INFO matrix=uni_chimera_i5_A_09.mtx kernel=CPU_ELL_AVX_x16 status=ok kernel_ms=[1.420503, 1.452272, 1.390628] wall_latencies_ms=[304.729816, 298.728747, 297.847766] setup_seconds=0.257719 wall_seconds=1.791569 correct=True max_abs_error=1.7763568394002505e-15
2026-10-06 16:27:46,376 INFO matrix=uni_chimera_i5_A_09.mtx kernel=GPU_CSR start
2026-10-06 16:27:47,091 INFO matrix=uni_chimera_i5_A_09.mtx kernel=GPU_CSR status=ok kernel_ms=[0.056, 0.054272, 0.055296] wall_latencies_ms=[0.084083, 0.069208, 0.068033] setup_seconds=0.225359 wall_seconds=0.714859 correct=True max_abs_error=1.7763568394002505e-15
2026-10-06 16:27:47,093 INFO matrix=uni_chimera_i5_A_09.mtx kernel=GPU_ELL start
2026-10-06 16:27:48,871 INFO matrix=uni_chimera_i5_A_09.mtx kernel=GPU_ELL status=ok kernel_ms=[0.11264, 0.114688, 0.111616] wall_latencies_ms=[0.140055, 0.127394, 0.123034] setup_seconds=1.331000 wall_seconds=1.778440 correct=True max_abs_error=1.7763568394002505e-15
2026-10-06 16:27:48,873 INFO matrix=uni_chimera_i5_A_09.mtx complete
2026-10-06 16:27:48,873 INFO matrix=uni_chimera_i5_A_10.mtx start
2026-10-06 16:27:48,881 INFO matrix=uni_chimera_i5_A_10.mtx kernel=CPU_CSR start
2026-10-06 16:27:49,218 INFO matrix=uni_chimera_i5_A_10.mtx kernel=CPU_CSR status=ok kernel_ms=[0.689495, 0.662541, 0.65884] wall_latencies_ms=[3.49656, 3.796655, 3.19801] setup_seconds=0.000006 wall_seconds=0.336546 correct=True max_abs_error=0.0
2026-10-06 16:27:49,219 INFO matrix=uni_chimera_i5_A_10.mtx kernel=CPU_ELL start
2026-10-06 16:27:51,020 INFO matrix=uni_chimera_i5_A_10.mtx kernel=CPU_ELL status=ok kernel_ms=[1.671001, 1.732314, 1.789771] wall_latencies_ms=[310.212265, 302.450969, 295.985901] setup_seconds=0.256298 wall_seconds=1.801125 correct=True max_abs_error=0.0
2026-10-06 16:27:51,021 INFO matrix=uni_chimera_i5_A_10.mtx kernel=CPU_CSR_AVX start
2026-10-06 16:27:51,358 INFO matrix=uni_chimera_i5_A_10.mtx kernel=CPU_CSR_AVX status=ok kernel_ms=[2.595568, 2.471218, 2.374837] wall_latencies_ms=[5.522953, 5.590457, 5.037676] setup_seconds=0.000007 wall_seconds=0.337304 correct=True max_abs_error=1.7763568394002505e-15
2026-10-06 16:27:51,359 INFO matrix=uni_chimera_i5_A_10.mtx kernel=CPU_ELL_AVX_x4 start
2026-10-06 16:27:53,113 INFO matrix=uni_chimera_i5_A_10.mtx kernel=CPU_ELL_AVX_x4 status=ok kernel_ms=[3.393937, 3.148546, 3.16973] wall_latencies_ms=[295.651264, 293.267703, 291.805519] setup_seconds=0.256626 wall_seconds=1.753428 correct=True max_abs_error=1.7763568394002505e-15
2026-10-06 16:27:53,114 INFO matrix=uni_chimera_i5_A_10.mtx kernel=CPU_ELL_AVX_x16 start
2026-10-06 16:27:54,890 INFO matrix=uni_chimera_i5_A_10.mtx kernel=CPU_ELL_AVX_x16 status=ok kernel_ms=[1.418754, 1.386195, 1.447924] wall_latencies_ms=[303.076368, 295.725947, 295.078398] setup_seconds=0.257022 wall_seconds=1.775325 correct=True max_abs_error=2.6645352591003757e-15
2026-10-06 16:27:54,891 INFO matrix=uni_chimera_i5_A_10.mtx kernel=GPU_CSR start
2026-10-06 16:27:55,590 INFO matrix=uni_chimera_i5_A_10.mtx kernel=GPU_CSR status=ok kernel_ms=[0.05632, 0.054272, 0.054272] wall_latencies_ms=[0.083318, 0.068968, 0.067357] setup_seconds=0.223860 wall_seconds=0.699526 correct=True max_abs_error=1.7763568394002505e-15
2026-10-06 16:27:55,591 INFO matrix=uni_chimera_i5_A_10.mtx kernel=GPU_ELL start
2026-10-06 16:27:57,399 INFO matrix=uni_chimera_i5_A_10.mtx kernel=GPU_ELL status=ok kernel_ms=[0.11264, 0.11264, 0.111616] wall_latencies_ms=[0.140036, 0.126324, 0.129234] setup_seconds=1.362276 wall_seconds=1.806957 correct=True max_abs_error=1.7763568394002505e-15
2026-10-06 16:27:57,402 INFO matrix=uni_chimera_i5_A_10.mtx complete
2026-10-06 16:27:57,402 INFO matrix=uni_chimera_i5_A_11.mtx start
2026-10-06 16:27:57,403 INFO matrix=uni_chimera_i5_A_11.mtx kernel=CPU_CSR start
2026-10-06 16:27:57,741 INFO matrix=uni_chimera_i5_A_11.mtx kernel=CPU_CSR status=ok kernel_ms=[0.682462, 0.663906, 0.69489] wall_latencies_ms=[3.540141, 3.725317, 3.218697] setup_seconds=0.000006 wall_seconds=0.338510 correct=True max_abs_error=0.0
2026-10-06 16:27:57,742 INFO matrix=uni_chimera_i5_A_11.mtx kernel=CPU_ELL start
2026-10-06 16:27:59,479 INFO matrix=uni_chimera_i5_A_11.mtx kernel=CPU_ELL status=ok kernel_ms=[1.785521, 2.098095, 1.756847] wall_latencies_ms=[293.153586, 287.374992, 287.375204] setup_seconds=0.257895 wall_seconds=1.736429 correct=True max_abs_error=0.0
2026-10-06 16:27:59,480 INFO matrix=uni_chimera_i5_A_11.mtx kernel=CPU_CSR_AVX start
2026-10-06 16:27:59,814 INFO matrix=uni_chimera_i5_A_11.mtx kernel=CPU_CSR_AVX status=ok kernel_ms=[2.82215, 2.388944, 2.336617] wall_latencies_ms=[6.827024, 5.401466, 4.693664] setup_seconds=0.000006 wall_seconds=0.333624 correct=True max_abs_error=2.6645352591003757e-15
2026-10-06 16:27:59,815 INFO matrix=uni_chimera_i5_A_11.mtx kernel=CPU_ELL_AVX_x4 start
2026-10-06 16:28:01,555 INFO matrix=uni_chimera_i5_A_11.mtx kernel=CPU_ELL_AVX_x4 status=ok kernel_ms=[3.016785, 3.407096, 3.422093] wall_latencies_ms=[288.80797, 293.213229, 286.510474] setup_seconds=0.255435 wall_seconds=1.739977 correct=True max_abs_error=1.7763568394002505e-15
2026-10-06 16:28:01,556 INFO matrix=uni_chimera_i5_A_11.mtx kernel=CPU_ELL_AVX_x16 start
2026-10-06 16:28:03,339 INFO matrix=uni_chimera_i5_A_11.mtx kernel=CPU_ELL_AVX_x16 status=ok kernel_ms=[1.444411, 1.530681, 1.412162] wall_latencies_ms=[306.216659, 299.059951, 289.310384] setup_seconds=0.258367 wall_seconds=1.782898 correct=True max_abs_error=1.7763568394002505e-15
2026-10-06 16:28:03,340 INFO matrix=uni_chimera_i5_A_11.mtx kernel=GPU_CSR start
2026-10-06 16:28:04,000 INFO matrix=uni_chimera_i5_A_11.mtx kernel=GPU_CSR status=ok kernel_ms=[0.055168, 0.055296, 0.054272] wall_latencies_ms=[0.08438, 0.068567, 0.066434] setup_seconds=0.221847 wall_seconds=0.659663 correct=True max_abs_error=1.7763568394002505e-15
2026-10-06 16:28:04,001 INFO matrix=uni_chimera_i5_A_11.mtx kernel=GPU_ELL start
2026-10-06 16:28:05,793 INFO matrix=uni_chimera_i5_A_11.mtx kernel=GPU_ELL status=ok kernel_ms=[0.114432, 0.111616, 0.111616] wall_latencies_ms=[0.143569, 0.125508, 0.12364] setup_seconds=1.351339 wall_seconds=1.791788 correct=True max_abs_error=1.7763568394002505e-15
2026-10-06 16:28:05,794 INFO matrix=uni_chimera_i5_A_11.mtx complete
2026-10-06 16:28:05,795 INFO matrix=uni_chimera_i5_A_12.mtx start
2026-10-06 16:28:05,795 INFO matrix=uni_chimera_i5_A_12.mtx kernel=CPU_CSR start
2026-10-06 16:28:06,129 INFO matrix=uni_chimera_i5_A_12.mtx kernel=CPU_CSR status=ok kernel_ms=[0.683624, 0.732099, 0.66975] wall_latencies_ms=[3.21596, 3.858767, 3.127531] setup_seconds=0.000007 wall_seconds=0.334242 correct=True max_abs_error=0.0
2026-10-06 16:28:06,130 INFO matrix=uni_chimera_i5_A_12.mtx kernel=CPU_ELL start
2026-10-06 16:28:07,929 INFO matrix=uni_chimera_i5_A_12.mtx kernel=CPU_ELL status=ok kernel_ms=[1.946509, 1.707612, 1.792359] wall_latencies_ms=[314.867484, 307.581073, 292.110933] setup_seconds=0.255777 wall_seconds=1.798198 correct=True max_abs_error=0.0
2026-10-06 16:28:07,930 INFO matrix=uni_chimera_i5_A_12.mtx kernel=CPU_CSR_AVX start
2026-10-06 16:28:08,289 INFO matrix=uni_chimera_i5_A_12.mtx kernel=CPU_CSR_AVX status=ok kernel_ms=[3.068897, 3.013986, 2.692966] wall_latencies_ms=[6.577697, 7.45131, 5.808097] setup_seconds=0.000008 wall_seconds=0.359560 correct=True max_abs_error=2.220446049250313e-15
2026-10-06 16:28:08,290 INFO matrix=uni_chimera_i5_A_12.mtx kernel=CPU_ELL_AVX_x4 start
2026-10-06 16:28:10,060 INFO matrix=uni_chimera_i5_A_12.mtx kernel=CPU_ELL_AVX_x4 status=ok kernel_ms=[3.291023, 3.125412, 2.938958] wall_latencies_ms=[296.796387, 294.746352, 295.296065] setup_seconds=0.262017 wall_seconds=1.769582 correct=True max_abs_error=1.7763568394002505e-15
2026-10-06 16:28:10,061 INFO matrix=uni_chimera_i5_A_12.mtx kernel=CPU_ELL_AVX_x16 start
2026-10-06 16:28:11,982 INFO matrix=uni_chimera_i5_A_12.mtx kernel=CPU_ELL_AVX_x16 status=ok kernel_ms=[1.584772, 1.359945, 1.738342] wall_latencies_ms=[315.875925, 304.091068, 310.806846] setup_seconds=0.309257 wall_seconds=1.920516 correct=True max_abs_error=1.7763568394002505e-15
2026-10-06 16:28:11,983 INFO matrix=uni_chimera_i5_A_12.mtx kernel=GPU_CSR start
2026-10-06 16:28:12,683 INFO matrix=uni_chimera_i5_A_12.mtx kernel=GPU_CSR status=ok kernel_ms=[0.05632, 0.053248, 0.055296] wall_latencies_ms=[0.089418, 0.069437, 0.068825] setup_seconds=0.229737 wall_seconds=0.699407 correct=True max_abs_error=1.7763568394002505e-15
2026-10-06 16:28:12,684 INFO matrix=uni_chimera_i5_A_12.mtx kernel=GPU_ELL start
2026-10-06 16:28:14,496 INFO matrix=uni_chimera_i5_A_12.mtx kernel=GPU_ELL status=ok kernel_ms=[0.11264, 0.11264, 0.111616] wall_latencies_ms=[0.142064, 0.126883, 0.12401] setup_seconds=1.355339 wall_seconds=1.811680 correct=True max_abs_error=1.7763568394002505e-15
2026-10-06 16:28:14,497 INFO matrix=uni_chimera_i5_A_12.mtx complete
2026-10-06 16:28:14,497 INFO matrix=uni_chimera_i5_A_13.mtx start
2026-10-06 16:28:14,497 INFO matrix=uni_chimera_i5_A_13.mtx kernel=CPU_CSR start
2026-10-06 16:28:14,843 INFO matrix=uni_chimera_i5_A_13.mtx kernel=CPU_CSR status=ok kernel_ms=[0.708856, 0.668889, 0.708187] wall_latencies_ms=[3.43262, 3.710302, 3.078518] setup_seconds=0.000006 wall_seconds=0.345820 correct=True max_abs_error=0.0
2026-10-06 16:28:14,844 INFO matrix=uni_chimera_i5_A_13.mtx kernel=CPU_ELL start
2026-10-06 16:28:16,611 INFO matrix=uni_chimera_i5_A_13.mtx kernel=CPU_ELL status=ok kernel_ms=[1.862927, 1.864633, 1.725231] wall_latencies_ms=[302.003185, 292.972505, 292.286245] setup_seconds=0.257857 wall_seconds=1.766906 correct=True max_abs_error=0.0
2026-10-06 16:28:16,612 INFO matrix=uni_chimera_i5_A_13.mtx kernel=CPU_CSR_AVX start
2026-10-06 16:28:16,956 INFO matrix=uni_chimera_i5_A_13.mtx kernel=CPU_CSR_AVX status=ok kernel_ms=[2.40909, 2.67234, 2.414807] wall_latencies_ms=[5.252588, 5.842602, 5.1385] setup_seconds=0.000007 wall_seconds=0.343280 correct=True max_abs_error=1.7763568394002505e-15
2026-10-06 16:28:16,957 INFO matrix=uni_chimera_i5_A_13.mtx kernel=CPU_ELL_AVX_x4 start
2026-10-06 16:28:18,718 INFO matrix=uni_chimera_i5_A_13.mtx kernel=CPU_ELL_AVX_x4 status=ok kernel_ms=[2.999547, 3.269307, 3.219804] wall_latencies_ms=[293.601816, 293.547311, 293.783674] setup_seconds=0.257567 wall_seconds=1.761583 correct=True max_abs_error=1.7763568394002505e-15
2026-10-06 16:28:18,719 INFO matrix=uni_chimera_i5_A_13.mtx kernel=CPU_ELL_AVX_x16 start
2026-10-06 16:28:20,521 INFO matrix=uni_chimera_i5_A_13.mtx kernel=CPU_ELL_AVX_x16 status=ok kernel_ms=[1.438645, 1.48217, 1.423398] wall_latencies_ms=[306.736351, 293.229293, 295.459031] setup_seconds=0.260565 wall_seconds=1.801604 correct=True max_abs_error=1.7763568394002505e-15
2026-10-06 16:28:20,522 INFO matrix=uni_chimera_i5_A_13.mtx kernel=GPU_CSR start
2026-10-06 16:28:21,192 INFO matrix=uni_chimera_i5_A_13.mtx kernel=GPU_CSR status=ok kernel_ms=[0.05632, 0.055296, 0.055296] wall_latencies_ms=[0.086129, 0.068989, 0.067398] setup_seconds=0.222502 wall_seconds=0.669005 correct=True max_abs_error=1.7763568394002505e-15
2026-10-06 16:28:21,193 INFO matrix=uni_chimera_i5_A_13.mtx kernel=GPU_ELL start
2026-10-06 16:28:22,960 INFO matrix=uni_chimera_i5_A_13.mtx kernel=GPU_ELL status=ok kernel_ms=[0.11264, 0.11264, 0.111616] wall_latencies_ms=[0.142624, 0.12562, 0.129979] setup_seconds=1.321923 wall_seconds=1.766939 correct=True max_abs_error=1.7763568394002505e-15
2026-10-06 16:28:22,961 INFO matrix=uni_chimera_i5_A_13.mtx complete
2026-10-06 16:28:22,961 INFO matrix=uni_chimera_i5_A_14.mtx start
2026-10-06 16:28:22,961 INFO matrix=uni_chimera_i5_A_14.mtx kernel=CPU_CSR start
2026-10-06 16:28:23,289 INFO matrix=uni_chimera_i5_A_14.mtx kernel=CPU_CSR status=ok kernel_ms=[0.652698, 0.692249, 0.683215] wall_latencies_ms=[3.231855, 3.804371, 3.250272] setup_seconds=0.000006 wall_seconds=0.327247 correct=True max_abs_error=0.0
2026-10-06 16:28:23,290 INFO matrix=uni_chimera_i5_A_14.mtx kernel=CPU_ELL start
2026-10-06 16:28:25,026 INFO matrix=uni_chimera_i5_A_14.mtx kernel=CPU_ELL status=ok kernel_ms=[2.18084, 1.794451, 1.863075] wall_latencies_ms=[297.292322, 286.918146, 288.548154] setup_seconds=0.251177 wall_seconds=1.735646 correct=True max_abs_error=0.0
2026-10-06 16:28:25,027 INFO matrix=uni_chimera_i5_A_14.mtx kernel=CPU_CSR_AVX start
2026-10-06 16:28:25,363 INFO matrix=uni_chimera_i5_A_14.mtx kernel=CPU_CSR_AVX status=ok kernel_ms=[2.457644, 2.750805, 2.458835] wall_latencies_ms=[5.345785, 5.876944, 5.257595] setup_seconds=0.000006 wall_seconds=0.336104 correct=True max_abs_error=2.220446049250313e-15
2026-10-06 16:28:25,364 INFO matrix=uni_chimera_i5_A_14.mtx kernel=CPU_ELL_AVX_x4 start
2026-10-06 16:28:27,119 INFO matrix=uni_chimera_i5_A_14.mtx kernel=CPU_ELL_AVX_x4 status=ok kernel_ms=[3.124869, 3.537464, 3.007553] wall_latencies_ms=[290.472654, 291.700876, 292.378139] setup_seconds=0.263179 wall_seconds=1.754608 correct=True max_abs_error=1.7763568394002505e-15
2026-10-06 16:28:27,120 INFO matrix=uni_chimera_i5_A_14.mtx kernel=CPU_ELL_AVX_x16 start
2026-10-06 16:28:28,916 INFO matrix=uni_chimera_i5_A_14.mtx kernel=CPU_ELL_AVX_x16 status=ok kernel_ms=[1.398756, 1.346467, 1.373844] wall_latencies_ms=[303.035785, 297.766853, 298.643058] setup_seconds=0.255046 wall_seconds=1.795817 correct=True max_abs_error=1.7763568394002505e-15
2026-10-06 16:28:28,917 INFO matrix=uni_chimera_i5_A_14.mtx kernel=GPU_CSR start
2026-10-06 16:28:29,585 INFO matrix=uni_chimera_i5_A_14.mtx kernel=GPU_CSR status=ok kernel_ms=[0.054464, 0.05424, 0.0544] wall_latencies_ms=[0.080165, 0.067698, 0.066807] setup_seconds=0.225329 wall_seconds=0.667710 correct=True max_abs_error=1.7763568394002505e-15
2026-10-06 16:28:29,586 INFO matrix=uni_chimera_i5_A_14.mtx kernel=GPU_ELL start
2026-10-06 16:28:31,392 INFO matrix=uni_chimera_i5_A_14.mtx kernel=GPU_ELL status=ok kernel_ms=[0.11264, 0.111616, 0.111616] wall_latencies_ms=[0.141622, 0.125301, 0.139467] setup_seconds=1.356933 wall_seconds=1.805250 correct=True max_abs_error=1.3322676295501878e-15
2026-10-06 16:28:31,393 INFO matrix=uni_chimera_i5_A_14.mtx complete
2026-10-06 16:28:31,393 INFO matrix=uni_chimera_i5_A_15.mtx start
2026-10-06 16:28:31,393 INFO matrix=uni_chimera_i5_A_15.mtx kernel=CPU_CSR start
2026-10-06 16:28:31,738 INFO matrix=uni_chimera_i5_A_15.mtx kernel=CPU_CSR status=ok kernel_ms=[0.696916, 0.69136, 0.705835] wall_latencies_ms=[3.513664, 3.679783, 3.33919] setup_seconds=0.000006 wall_seconds=0.345082 correct=True max_abs_error=0.0
2026-10-06 16:28:31,740 INFO matrix=uni_chimera_i5_A_15.mtx kernel=CPU_ELL start
2026-10-06 16:28:33,488 INFO matrix=uni_chimera_i5_A_15.mtx kernel=CPU_ELL status=ok kernel_ms=[1.931164, 1.739094, 1.842803] wall_latencies_ms=[296.572921, 287.561256, 290.384113] setup_seconds=0.257217 wall_seconds=1.747855 correct=True max_abs_error=0.0
2026-10-06 16:28:33,489 INFO matrix=uni_chimera_i5_A_15.mtx kernel=CPU_CSR_AVX start
2026-10-06 16:28:33,820 INFO matrix=uni_chimera_i5_A_15.mtx kernel=CPU_CSR_AVX status=ok kernel_ms=[2.670267, 2.384423, 2.412622] wall_latencies_ms=[5.387491, 5.482883, 4.751932] setup_seconds=0.000006 wall_seconds=0.330985 correct=True max_abs_error=2.6645352591003757e-15
2026-10-06 16:28:33,821 INFO matrix=uni_chimera_i5_A_15.mtx kernel=CPU_ELL_AVX_x4 start
2026-10-06 16:28:35,577 INFO matrix=uni_chimera_i5_A_15.mtx kernel=CPU_ELL_AVX_x4 status=ok kernel_ms=[3.203864, 3.226655, 3.355123] wall_latencies_ms=[287.267922, 287.023247, 287.731288] setup_seconds=0.256812 wall_seconds=1.755968 correct=True max_abs_error=1.7763568394002505e-15
2026-10-06 16:28:35,578 INFO matrix=uni_chimera_i5_A_15.mtx kernel=CPU_ELL_AVX_x16 start
2026-10-06 16:28:37,430 INFO matrix=uni_chimera_i5_A_15.mtx kernel=CPU_ELL_AVX_x16 status=ok kernel_ms=[1.487081, 1.3723, 1.377048] wall_latencies_ms=[312.865462, 310.25447, 312.649988] setup_seconds=0.263350 wall_seconds=1.851225 correct=True max_abs_error=2.220446049250313e-15
2026-10-06 16:28:37,431 INFO matrix=uni_chimera_i5_A_15.mtx kernel=GPU_CSR start
2026-10-06 16:28:38,092 INFO matrix=uni_chimera_i5_A_15.mtx kernel=GPU_CSR status=ok kernel_ms=[0.055296, 0.054272, 0.054272] wall_latencies_ms=[0.084639, 0.068762, 0.066714] setup_seconds=0.223156 wall_seconds=0.661138 correct=True max_abs_error=1.7763568394002505e-15
2026-10-06 16:28:38,093 INFO matrix=uni_chimera_i5_A_15.mtx kernel=GPU_ELL start
2026-10-06 16:28:39,887 INFO matrix=uni_chimera_i5_A_15.mtx kernel=GPU_ELL status=ok kernel_ms=[0.111616, 0.113376, 0.11264] wall_latencies_ms=[0.147626, 0.126557, 0.124695] setup_seconds=1.329178 wall_seconds=1.792836 correct=True max_abs_error=1.7763568394002505e-15
2026-10-06 16:28:39,888 INFO matrix=uni_chimera_i5_A_15.mtx complete
2026-10-06 16:28:39,888 INFO matrix=uni_chimera_i5_A_16.mtx start
2026-10-06 16:28:39,888 INFO matrix=uni_chimera_i5_A_16.mtx kernel=CPU_CSR start
2026-10-06 16:28:40,223 INFO matrix=uni_chimera_i5_A_16.mtx kernel=CPU_CSR status=ok kernel_ms=[0.664292, 0.688996, 0.681262] wall_latencies_ms=[3.378836, 3.945654, 3.264263] setup_seconds=0.000006 wall_seconds=0.334537 correct=True max_abs_error=0.0
2026-10-06 16:28:40,224 INFO matrix=uni_chimera_i5_A_16.mtx kernel=CPU_ELL start
2026-10-06 16:28:41,974 INFO matrix=uni_chimera_i5_A_16.mtx kernel=CPU_ELL status=ok kernel_ms=[1.745764, 1.913316, 1.679259] wall_latencies_ms=[295.160608, 287.154926, 288.156806] setup_seconds=0.263388 wall_seconds=1.749297 correct=True max_abs_error=0.0
2026-10-06 16:28:41,975 INFO matrix=uni_chimera_i5_A_16.mtx kernel=CPU_CSR_AVX start
2026-10-06 16:28:42,312 INFO matrix=uni_chimera_i5_A_16.mtx kernel=CPU_CSR_AVX status=ok kernel_ms=[2.496547, 2.465923, 2.818576] wall_latencies_ms=[5.358736, 5.618855, 6.704916] setup_seconds=0.000006 wall_seconds=0.336613 correct=True max_abs_error=2.6645352591003757e-15
2026-10-06 16:28:42,313 INFO matrix=uni_chimera_i5_A_16.mtx kernel=CPU_ELL_AVX_x4 start
2026-10-06 16:28:44,053 INFO matrix=uni_chimera_i5_A_16.mtx kernel=CPU_ELL_AVX_x4 status=ok kernel_ms=[3.188604, 3.367723, 3.309875] wall_latencies_ms=[288.653934, 289.51106, 287.982596] setup_seconds=0.253920 wall_seconds=1.739890 correct=True max_abs_error=1.7763568394002505e-15
2026-10-06 16:28:44,054 INFO matrix=uni_chimera_i5_A_16.mtx kernel=CPU_ELL_AVX_x16 start
2026-10-06 16:28:45,839 INFO matrix=uni_chimera_i5_A_16.mtx kernel=CPU_ELL_AVX_x16 status=ok kernel_ms=[1.429409, 1.39583, 1.529354] wall_latencies_ms=[301.815039, 291.38755, 306.42015] setup_seconds=0.256026 wall_seconds=1.784534 correct=True max_abs_error=2.6645352591003757e-15
2026-10-06 16:28:45,840 INFO matrix=uni_chimera_i5_A_16.mtx kernel=GPU_CSR start
2026-10-06 16:28:46,502 INFO matrix=uni_chimera_i5_A_16.mtx kernel=GPU_CSR status=ok kernel_ms=[0.05712, 0.054272, 0.054272] wall_latencies_ms=[0.098976, 0.069143, 0.067528] setup_seconds=0.220632 wall_seconds=0.662231 correct=True max_abs_error=1.7763568394002505e-15
2026-10-06 16:28:46,503 INFO matrix=uni_chimera_i5_A_16.mtx kernel=GPU_ELL start
2026-10-06 16:28:48,287 INFO matrix=uni_chimera_i5_A_16.mtx kernel=GPU_ELL status=ok kernel_ms=[0.111616, 0.111616, 0.111456] wall_latencies_ms=[0.141058, 0.126685, 0.123465] setup_seconds=1.334931 wall_seconds=1.782851 correct=True max_abs_error=1.7763568394002505e-15
2026-10-06 16:28:48,288 INFO matrix=uni_chimera_i5_A_16.mtx complete
2026-10-06 16:28:48,289 INFO matrix=uni_chimera_i5_A_17.mtx start
2026-10-06 16:28:48,289 INFO matrix=uni_chimera_i5_A_17.mtx kernel=CPU_CSR start
2026-10-06 16:28:48,622 INFO matrix=uni_chimera_i5_A_17.mtx kernel=CPU_CSR status=ok kernel_ms=[0.663795, 0.64429, 0.656793] wall_latencies_ms=[3.370258, 3.697725, 3.14448] setup_seconds=0.000006 wall_seconds=0.332786 correct=True max_abs_error=0.0
2026-10-06 16:28:48,623 INFO matrix=uni_chimera_i5_A_17.mtx kernel=CPU_ELL start
2026-10-06 16:28:50,387 INFO matrix=uni_chimera_i5_A_17.mtx kernel=CPU_ELL status=ok kernel_ms=[2.05744, 1.776448, 1.735976] wall_latencies_ms=[303.07727, 293.103647, 293.03203] setup_seconds=0.257535 wall_seconds=1.764289 correct=True max_abs_error=0.0
2026-10-06 16:28:50,388 INFO matrix=uni_chimera_i5_A_17.mtx kernel=CPU_CSR_AVX start
2026-10-06 16:28:50,738 INFO matrix=uni_chimera_i5_A_17.mtx kernel=CPU_CSR_AVX status=ok kernel_ms=[2.68288, 2.680341, 2.516804] wall_latencies_ms=[5.574942, 7.05299, 5.37722] setup_seconds=0.000007 wall_seconds=0.349510 correct=True max_abs_error=1.7763568394002505e-15
2026-10-06 16:28:50,740 INFO matrix=uni_chimera_i5_A_17.mtx kernel=CPU_ELL_AVX_x4 start
2026-10-06 16:28:52,500 INFO matrix=uni_chimera_i5_A_17.mtx kernel=CPU_ELL_AVX_x4 status=ok kernel_ms=[3.318233, 3.199098, 3.133818] wall_latencies_ms=[288.370843, 292.822808, 289.436866] setup_seconds=0.257134 wall_seconds=1.759265 correct=True max_abs_error=1.7763568394002505e-15
2026-10-06 16:28:52,501 INFO matrix=uni_chimera_i5_A_17.mtx kernel=CPU_ELL_AVX_x16 start
2026-10-06 16:28:54,268 INFO matrix=uni_chimera_i5_A_17.mtx kernel=CPU_ELL_AVX_x16 status=ok kernel_ms=[1.442205, 1.53848, 1.364425] wall_latencies_ms=[299.043704, 292.159406, 290.517691] setup_seconds=0.259428 wall_seconds=1.767354 correct=True max_abs_error=1.7763568394002505e-15
2026-10-06 16:28:54,270 INFO matrix=uni_chimera_i5_A_17.mtx kernel=GPU_CSR start
2026-10-06 16:28:54,930 INFO matrix=uni_chimera_i5_A_17.mtx kernel=GPU_CSR status=ok kernel_ms=[0.054272, 0.055232, 0.055296] wall_latencies_ms=[0.086633, 0.070655, 0.067177] setup_seconds=0.223788 wall_seconds=0.659738 correct=True max_abs_error=1.7763568394002505e-15
2026-10-06 16:28:54,933 INFO matrix=uni_chimera_i5_A_17.mtx kernel=GPU_ELL start
2026-10-06 16:28:56,740 INFO matrix=uni_chimera_i5_A_17.mtx kernel=GPU_ELL status=ok kernel_ms=[0.11248, 0.110592, 0.112576] wall_latencies_ms=[0.142676, 0.124681, 0.124861] setup_seconds=1.355759 wall_seconds=1.807119 correct=True max_abs_error=1.7763568394002505e-15
2026-10-06 16:28:56,743 INFO matrix=uni_chimera_i5_A_17.mtx complete
2026-10-06 16:28:56,743 INFO matrix=uni_chimera_i5_A_18.mtx start
2026-10-06 16:28:56,743 INFO matrix=uni_chimera_i5_A_18.mtx kernel=CPU_CSR start
2026-10-06 16:28:57,087 INFO matrix=uni_chimera_i5_A_18.mtx kernel=CPU_CSR status=ok kernel_ms=[0.654712, 0.683272, 0.726538] wall_latencies_ms=[3.243957, 3.77935, 3.056131] setup_seconds=0.000005 wall_seconds=0.343284 correct=True max_abs_error=0.0
2026-10-06 16:28:57,088 INFO matrix=uni_chimera_i5_A_18.mtx kernel=CPU_ELL start
2026-10-06 16:28:58,856 INFO matrix=uni_chimera_i5_A_18.mtx kernel=CPU_ELL status=ok kernel_ms=[1.745563, 2.002174, 1.843318] wall_latencies_ms=[305.396391, 296.178811, 295.480169] setup_seconds=0.252928 wall_seconds=1.767943 correct=True max_abs_error=0.0
2026-10-06 16:28:58,857 INFO matrix=uni_chimera_i5_A_18.mtx kernel=CPU_CSR_AVX start
2026-10-06 16:28:59,190 INFO matrix=uni_chimera_i5_A_18.mtx kernel=CPU_CSR_AVX status=ok kernel_ms=[2.400754, 2.417894, 2.365788] wall_latencies_ms=[5.03932, 5.55347, 4.715668] setup_seconds=0.000007 wall_seconds=0.332857 correct=True max_abs_error=1.7763568394002505e-15
2026-10-06 16:28:59,191 INFO matrix=uni_chimera_i5_A_18.mtx kernel=CPU_ELL_AVX_x4 start
2026-10-06 16:29:00,960 INFO matrix=uni_chimera_i5_A_18.mtx kernel=CPU_ELL_AVX_x4 status=ok kernel_ms=[3.03572, 3.212319, 3.498633] wall_latencies_ms=[291.656482, 296.457443, 298.297056] setup_seconds=0.255351 wall_seconds=1.767909 correct=True max_abs_error=1.7763568394002505e-15
2026-10-06 16:29:00,961 INFO matrix=uni_chimera_i5_A_18.mtx kernel=CPU_ELL_AVX_x16 start
2026-10-06 16:29:02,735 INFO matrix=uni_chimera_i5_A_18.mtx kernel=CPU_ELL_AVX_x16 status=ok kernel_ms=[1.410596, 1.358311, 1.357616] wall_latencies_ms=[298.896052, 291.741611, 292.473573] setup_seconds=0.255541 wall_seconds=1.774193 correct=True max_abs_error=3.552713678800501e-15
2026-10-06 16:29:02,736 INFO matrix=uni_chimera_i5_A_18.mtx kernel=GPU_CSR start
2026-10-06 16:29:03,399 INFO matrix=uni_chimera_i5_A_18.mtx kernel=GPU_CSR status=ok kernel_ms=[0.055296, 0.055264, 0.055232] wall_latencies_ms=[0.082682, 0.06941, 0.066665] setup_seconds=0.224341 wall_seconds=0.662146 correct=True max_abs_error=1.3322676295501878e-15
2026-10-06 16:29:03,400 INFO matrix=uni_chimera_i5_A_18.mtx kernel=GPU_ELL start
2026-10-06 16:29:05,201 INFO matrix=uni_chimera_i5_A_18.mtx kernel=GPU_ELL status=ok kernel_ms=[0.111616, 0.111616, 0.111552] wall_latencies_ms=[0.141525, 0.125762, 0.123641] setup_seconds=1.337473 wall_seconds=1.800786 correct=True max_abs_error=1.3322676295501878e-15
2026-10-06 16:29:05,205 INFO matrix=uni_chimera_i5_A_18.mtx complete
2026-10-06 16:29:05,205 INFO matrix=uni_chimera_i5_A_19.mtx start
2026-10-06 16:29:05,206 INFO matrix=uni_chimera_i5_A_19.mtx kernel=CPU_CSR start
2026-10-06 16:29:05,543 INFO matrix=uni_chimera_i5_A_19.mtx kernel=CPU_CSR status=ok kernel_ms=[0.709965, 0.744551, 0.689383] wall_latencies_ms=[3.611444, 3.947702, 3.398144] setup_seconds=0.000006 wall_seconds=0.337446 correct=True max_abs_error=0.0
2026-10-06 16:29:05,545 INFO matrix=uni_chimera_i5_A_19.mtx kernel=CPU_ELL start
2026-10-06 16:29:07,312 INFO matrix=uni_chimera_i5_A_19.mtx kernel=CPU_ELL status=ok kernel_ms=[1.81035, 2.065174, 1.650161] wall_latencies_ms=[293.988783, 289.966243, 287.376725] setup_seconds=0.267448 wall_seconds=1.767356 correct=True max_abs_error=0.0
2026-10-06 16:29:07,313 INFO matrix=uni_chimera_i5_A_19.mtx kernel=CPU_CSR_AVX start
2026-10-06 16:29:07,683 INFO matrix=uni_chimera_i5_A_19.mtx kernel=CPU_CSR_AVX status=ok kernel_ms=[2.442787, 2.775845, 4.035264] wall_latencies_ms=[5.611462, 6.132325, 9.063228] setup_seconds=0.000006 wall_seconds=0.369321 correct=True max_abs_error=1.8041124150158794e-15
2026-10-06 16:29:07,685 INFO matrix=uni_chimera_i5_A_19.mtx kernel=CPU_ELL_AVX_x4 start
2026-10-06 16:29:09,426 INFO matrix=uni_chimera_i5_A_19.mtx kernel=CPU_ELL_AVX_x4 status=ok kernel_ms=[2.843735, 2.816305, 3.282947] wall_latencies_ms=[287.928138, 290.418604, 287.330352] setup_seconds=0.262544 wall_seconds=1.741049 correct=True max_abs_error=1.7763568394002505e-15
2026-10-06 16:29:09,427 INFO matrix=uni_chimera_i5_A_19.mtx kernel=CPU_ELL_AVX_x16 start
2026-10-06 16:29:11,221 INFO matrix=uni_chimera_i5_A_19.mtx kernel=CPU_ELL_AVX_x16 status=ok kernel_ms=[1.424496, 1.567889, 1.341263] wall_latencies_ms=[299.980794, 296.729711, 301.429327] setup_seconds=0.255417 wall_seconds=1.794122 correct=True max_abs_error=1.7763568394002505e-15
2026-10-06 16:29:11,223 INFO matrix=uni_chimera_i5_A_19.mtx kernel=GPU_CSR start
2026-10-06 16:29:11,883 INFO matrix=uni_chimera_i5_A_19.mtx kernel=GPU_CSR status=ok kernel_ms=[0.054272, 0.055296, 0.055296] wall_latencies_ms=[0.083102, 0.069098, 0.067413] setup_seconds=0.222178 wall_seconds=0.660448 correct=True max_abs_error=1.7763568394002505e-15
2026-10-06 16:29:11,885 INFO matrix=uni_chimera_i5_A_19.mtx kernel=GPU_ELL start
2026-10-06 16:29:13,665 INFO matrix=uni_chimera_i5_A_19.mtx kernel=GPU_ELL status=ok kernel_ms=[0.112768, 0.111328, 0.111616] wall_latencies_ms=[0.143477, 0.125266, 0.123829] setup_seconds=1.331353 wall_seconds=1.780508 correct=True max_abs_error=1.7763568394002505e-15
2026-10-06 16:29:13,671 INFO matrix=uni_chimera_i5_A_19.mtx complete
2026-10-06 16:29:13,671 INFO matrix=uni_chimera_i5_A_20.mtx start
2026-10-06 16:29:13,671 INFO matrix=uni_chimera_i5_A_20.mtx kernel=CPU_CSR start
2026-10-06 16:29:14,026 INFO matrix=uni_chimera_i5_A_20.mtx kernel=CPU_CSR status=ok kernel_ms=[0.680242, 0.698415, 0.668399] wall_latencies_ms=[3.563803, 3.873549, 3.312898] setup_seconds=0.000008 wall_seconds=0.354362 correct=True max_abs_error=0.0
2026-10-06 16:29:14,027 INFO matrix=uni_chimera_i5_A_20.mtx kernel=CPU_ELL start
2026-10-06 16:29:15,802 INFO matrix=uni_chimera_i5_A_20.mtx kernel=CPU_ELL status=ok kernel_ms=[2.096419, 1.850693, 1.834192] wall_latencies_ms=[301.634522, 292.532311, 298.876962] setup_seconds=0.256421 wall_seconds=1.774555 correct=True max_abs_error=0.0
2026-10-06 16:29:15,804 INFO matrix=uni_chimera_i5_A_20.mtx kernel=CPU_CSR_AVX start
2026-10-06 16:29:16,160 INFO matrix=uni_chimera_i5_A_20.mtx kernel=CPU_CSR_AVX status=ok kernel_ms=[2.499665, 2.60139, 2.582299] wall_latencies_ms=[5.635075, 5.865959, 5.418627] setup_seconds=0.000007 wall_seconds=0.355745 correct=True max_abs_error=1.7763568394002505e-15
2026-10-06 16:29:16,161 INFO matrix=uni_chimera_i5_A_20.mtx kernel=CPU_ELL_AVX_x4 start
2026-10-06 16:29:17,916 INFO matrix=uni_chimera_i5_A_20.mtx kernel=CPU_ELL_AVX_x4 status=ok kernel_ms=[3.414365, 3.341869, 3.11238] wall_latencies_ms=[295.159056, 288.815278, 287.223913] setup_seconds=0.257962 wall_seconds=1.754360 correct=True max_abs_error=2.6645352591003757e-15
2026-10-06 16:29:17,917 INFO matrix=uni_chimera_i5_A_20.mtx kernel=CPU_ELL_AVX_x16 start
2026-10-06 16:29:19,704 INFO matrix=uni_chimera_i5_A_20.mtx kernel=CPU_ELL_AVX_x16 status=ok kernel_ms=[1.428147, 1.382924, 1.363603] wall_latencies_ms=[302.971664, 289.837481, 292.826499] setup_seconds=0.258840 wall_seconds=1.786639 correct=True max_abs_error=2.220446049250313e-15
2026-10-06 16:29:19,705 INFO matrix=uni_chimera_i5_A_20.mtx kernel=GPU_CSR start
2026-10-06 16:29:20,427 INFO matrix=uni_chimera_i5_A_20.mtx kernel=GPU_CSR status=ok kernel_ms=[0.054272, 0.053536, 0.055968] wall_latencies_ms=[0.080934, 0.067813, 0.067753] setup_seconds=0.224131 wall_seconds=0.721012 correct=True max_abs_error=1.887379141862766e-15
2026-10-06 16:29:20,431 INFO matrix=uni_chimera_i5_A_20.mtx kernel=GPU_ELL start
2026-10-06 16:29:22,224 INFO matrix=uni_chimera_i5_A_20.mtx kernel=GPU_ELL status=ok kernel_ms=[0.111616, 0.112416, 0.113568] wall_latencies_ms=[0.140024, 0.125431, 0.124802] setup_seconds=1.343883 wall_seconds=1.792305 correct=True max_abs_error=1.9984014443252818e-15
2026-10-06 16:29:22,227 INFO matrix=uni_chimera_i5_A_20.mtx complete
2026-10-06 16:29:22,227 INFO matrix=uni_chimera_i5_A_21.mtx start
2026-10-06 16:29:22,227 INFO matrix=uni_chimera_i5_A_21.mtx kernel=CPU_CSR start
2026-10-06 16:29:22,559 INFO matrix=uni_chimera_i5_A_21.mtx kernel=CPU_CSR status=ok kernel_ms=[0.6598, 0.660563, 0.674899] wall_latencies_ms=[3.43803, 3.904701, 3.325815] setup_seconds=0.000006 wall_seconds=0.331805 correct=True max_abs_error=0.0
2026-10-06 16:29:22,560 INFO matrix=uni_chimera_i5_A_21.mtx kernel=CPU_ELL start
2026-10-06 16:29:24,301 INFO matrix=uni_chimera_i5_A_21.mtx kernel=CPU_ELL status=ok kernel_ms=[2.053793, 1.811157, 1.70516] wall_latencies_ms=[297.560884, 287.236175, 284.140151] setup_seconds=0.256727 wall_seconds=1.740772 correct=True max_abs_error=0.0
2026-10-06 16:29:24,302 INFO matrix=uni_chimera_i5_A_21.mtx kernel=CPU_CSR_AVX start
2026-10-06 16:29:24,641 INFO matrix=uni_chimera_i5_A_21.mtx kernel=CPU_CSR_AVX status=ok kernel_ms=[2.489838, 2.464064, 2.60788] wall_latencies_ms=[5.29935, 5.520746, 5.239758] setup_seconds=0.000006 wall_seconds=0.338835 correct=True max_abs_error=1.7763568394002505e-15
2026-10-06 16:29:24,643 INFO matrix=uni_chimera_i5_A_21.mtx kernel=CPU_ELL_AVX_x4 start
2026-10-06 16:29:26,411 INFO matrix=uni_chimera_i5_A_21.mtx kernel=CPU_ELL_AVX_x4 status=ok kernel_ms=[3.514642, 3.398916, 3.104434] wall_latencies_ms=[295.118122, 303.255494, 290.392322] setup_seconds=0.258133 wall_seconds=1.767532 correct=True max_abs_error=1.7763568394002505e-15
2026-10-06 16:29:26,412 INFO matrix=uni_chimera_i5_A_21.mtx kernel=CPU_ELL_AVX_x16 start
2026-10-06 16:29:28,227 INFO matrix=uni_chimera_i5_A_21.mtx kernel=CPU_ELL_AVX_x16 status=ok kernel_ms=[1.415079, 1.542346, 1.348087] wall_latencies_ms=[312.294622, 301.641442, 298.576741] setup_seconds=0.262161 wall_seconds=1.814952 correct=True max_abs_error=1.7763568394002505e-15
2026-10-06 16:29:28,228 INFO matrix=uni_chimera_i5_A_21.mtx kernel=GPU_CSR start
2026-10-06 16:29:28,895 INFO matrix=uni_chimera_i5_A_21.mtx kernel=GPU_CSR status=ok kernel_ms=[0.05616, 0.054272, 0.054176] wall_latencies_ms=[0.08303, 0.067752, 0.066514] setup_seconds=0.220068 wall_seconds=0.666703 correct=True max_abs_error=1.7763568394002505e-15
2026-10-06 16:29:28,897 INFO matrix=uni_chimera_i5_A_21.mtx kernel=GPU_ELL start
2026-10-06 16:29:30,709 INFO matrix=uni_chimera_i5_A_21.mtx kernel=GPU_ELL status=ok kernel_ms=[0.11264, 0.11152, 0.11264] wall_latencies_ms=[0.141313, 0.129737, 0.124572] setup_seconds=1.354517 wall_seconds=1.812399 correct=True max_abs_error=1.7763568394002505e-15
2026-10-06 16:29:30,711 INFO matrix=uni_chimera_i5_A_21.mtx complete
2026-10-06 16:29:30,711 INFO matrix=uni_chimera_i5_A_22.mtx start
2026-10-06 16:29:30,711 INFO matrix=uni_chimera_i5_A_22.mtx kernel=CPU_CSR start
2026-10-06 16:29:31,054 INFO matrix=uni_chimera_i5_A_22.mtx kernel=CPU_CSR status=ok kernel_ms=[0.694857, 0.680959, 0.696658] wall_latencies_ms=[3.38964, 3.891793, 3.083978] setup_seconds=0.000006 wall_seconds=0.343355 correct=True max_abs_error=0.0
2026-10-06 16:29:31,056 INFO matrix=uni_chimera_i5_A_22.mtx kernel=CPU_ELL start
2026-10-06 16:29:32,784 INFO matrix=uni_chimera_i5_A_22.mtx kernel=CPU_ELL status=ok kernel_ms=[1.969995, 1.861874, 1.709403] wall_latencies_ms=[296.09454, 287.204987, 283.811748] setup_seconds=0.252975 wall_seconds=1.727942 correct=True max_abs_error=0.0
2026-10-06 16:29:32,785 INFO matrix=uni_chimera_i5_A_22.mtx kernel=CPU_CSR_AVX start
2026-10-06 16:29:33,151 INFO matrix=uni_chimera_i5_A_22.mtx kernel=CPU_CSR_AVX status=ok kernel_ms=[2.710782, 3.486385, 4.341975] wall_latencies_ms=[6.90674, 7.926763, 7.58722] setup_seconds=0.000007 wall_seconds=0.366089 correct=True max_abs_error=1.7763568394002505e-15
2026-10-06 16:29:33,153 INFO matrix=uni_chimera_i5_A_22.mtx kernel=CPU_ELL_AVX_x4 start
2026-10-06 16:29:34,906 INFO matrix=uni_chimera_i5_A_22.mtx kernel=CPU_ELL_AVX_x4 status=ok kernel_ms=[3.000105, 3.164201, 3.006968] wall_latencies_ms=[287.382286, 288.161096, 288.529103] setup_seconds=0.263523 wall_seconds=1.752860 correct=True max_abs_error=1.7763568394002505e-15
2026-10-06 16:29:34,907 INFO matrix=uni_chimera_i5_A_22.mtx kernel=CPU_ELL_AVX_x16 start
2026-10-06 16:29:36,734 INFO matrix=uni_chimera_i5_A_22.mtx kernel=CPU_ELL_AVX_x16 status=ok kernel_ms=[1.669509, 1.351991, 1.370097] wall_latencies_ms=[318.761314, 305.117939, 296.158496] setup_seconds=0.255170 wall_seconds=1.826913 correct=True max_abs_error=1.9984014443252818e-15
2026-10-06 16:29:36,735 INFO matrix=uni_chimera_i5_A_22.mtx kernel=GPU_CSR start
2026-10-06 16:29:37,456 INFO matrix=uni_chimera_i5_A_22.mtx kernel=GPU_CSR status=ok kernel_ms=[0.05504, 0.054272, 0.055968] wall_latencies_ms=[0.081539, 0.067971, 0.067838] setup_seconds=0.224047 wall_seconds=0.720384 correct=True max_abs_error=1.7763568394002505e-15
2026-10-06 16:29:37,470 INFO matrix=uni_chimera_i5_A_22.mtx kernel=GPU_ELL start
2026-10-06 16:29:39,273 INFO matrix=uni_chimera_i5_A_22.mtx kernel=GPU_ELL status=ok kernel_ms=[0.11344, 0.111392, 0.111616] wall_latencies_ms=[0.142255, 0.12494, 0.123551] setup_seconds=1.336777 wall_seconds=1.801740 correct=True max_abs_error=2.220446049250313e-15
2026-10-06 16:29:39,278 INFO matrix=uni_chimera_i5_A_22.mtx complete
2026-10-06 16:29:39,278 INFO matrix=uni_chimera_i5_A_23.mtx start
2026-10-06 16:29:39,278 INFO matrix=uni_chimera_i5_A_23.mtx kernel=CPU_CSR start
2026-10-06 16:29:39,618 INFO matrix=uni_chimera_i5_A_23.mtx kernel=CPU_CSR status=ok kernel_ms=[0.693193, 0.684133, 0.67787] wall_latencies_ms=[3.454906, 3.807284, 3.16309] setup_seconds=0.000006 wall_seconds=0.339771 correct=True max_abs_error=0.0
2026-10-06 16:29:39,619 INFO matrix=uni_chimera_i5_A_23.mtx kernel=CPU_ELL start
2026-10-06 16:29:41,347 INFO matrix=uni_chimera_i5_A_23.mtx kernel=CPU_ELL status=ok kernel_ms=[1.719275, 1.728036, 1.72702] wall_latencies_ms=[291.163075, 290.070689, 286.878651] setup_seconds=0.253458 wall_seconds=1.727886 correct=True max_abs_error=0.0
2026-10-06 16:29:41,349 INFO matrix=uni_chimera_i5_A_23.mtx kernel=CPU_CSR_AVX start
2026-10-06 16:29:41,680 INFO matrix=uni_chimera_i5_A_23.mtx kernel=CPU_CSR_AVX status=ok kernel_ms=[2.376488, 2.402354, 2.747823] wall_latencies_ms=[5.226135, 6.021032, 5.434523] setup_seconds=0.000006 wall_seconds=0.331005 correct=True max_abs_error=2.6645352591003757e-15
2026-10-06 16:29:41,681 INFO matrix=uni_chimera_i5_A_23.mtx kernel=CPU_ELL_AVX_x4 start
2026-10-06 16:29:43,442 INFO matrix=uni_chimera_i5_A_23.mtx kernel=CPU_ELL_AVX_x4 status=ok kernel_ms=[3.124916, 3.095042, 3.256785] wall_latencies_ms=[292.561845, 288.998038, 287.140637] setup_seconds=0.261595 wall_seconds=1.760724 correct=True max_abs_error=1.3322676295501878e-15
2026-10-06 16:29:43,444 INFO matrix=uni_chimera_i5_A_23.mtx kernel=CPU_ELL_AVX_x16 start
2026-10-06 16:29:45,240 INFO matrix=uni_chimera_i5_A_23.mtx kernel=CPU_ELL_AVX_x16 status=ok kernel_ms=[1.386996, 1.359139, 1.405487] wall_latencies_ms=[306.981183, 297.957603, 297.487454] setup_seconds=0.258552 wall_seconds=1.795882 correct=True max_abs_error=1.9984014443252818e-15
2026-10-06 16:29:45,241 INFO matrix=uni_chimera_i5_A_23.mtx kernel=GPU_CSR start
2026-10-06 16:29:45,958 INFO matrix=uni_chimera_i5_A_23.mtx kernel=GPU_CSR status=ok kernel_ms=[0.054272, 0.054272, 0.054272] wall_latencies_ms=[0.083328, 0.068608, 0.066545] setup_seconds=0.225072 wall_seconds=0.716532 correct=True max_abs_error=1.7763568394002505e-15
2026-10-06 16:29:45,960 INFO matrix=uni_chimera_i5_A_23.mtx kernel=GPU_ELL start
2026-10-06 16:29:47,742 INFO matrix=uni_chimera_i5_A_23.mtx kernel=GPU_ELL status=ok kernel_ms=[0.111616, 0.113568, 0.113472] wall_latencies_ms=[0.140676, 0.126728, 0.125408] setup_seconds=1.332654 wall_seconds=1.781371 correct=True max_abs_error=1.3322676295501878e-15
2026-10-06 16:29:47,746 INFO matrix=uni_chimera_i5_A_23.mtx complete
2026-10-06 16:29:47,746 INFO matrix=vas_stokes_4M.mtx start
2026-10-06 16:29:47,746 WARNING matrix=vas_stokes_4M.mtx kernel=CPU_CSR status=skipped_resource_limit issue=file size 3110.4 MiB exceeds configured limit 128.0 MiB
2026-10-06 16:29:47,755 WARNING matrix=vas_stokes_4M.mtx kernel=CPU_ELL status=skipped_resource_limit issue=file size 3110.4 MiB exceeds configured limit 128.0 MiB
2026-10-06 16:29:47,758 WARNING matrix=vas_stokes_4M.mtx kernel=CPU_CSR_AVX status=skipped_resource_limit issue=file size 3110.4 MiB exceeds configured limit 128.0 MiB
2026-10-06 16:29:47,760 WARNING matrix=vas_stokes_4M.mtx kernel=CPU_ELL_AVX_x4 status=skipped_resource_limit issue=file size 3110.4 MiB exceeds configured limit 128.0 MiB
2026-10-06 16:29:47,762 WARNING matrix=vas_stokes_4M.mtx kernel=CPU_ELL_AVX_x16 status=skipped_resource_limit issue=file size 3110.4 MiB exceeds configured limit 128.0 MiB
2026-10-06 16:29:47,764 WARNING matrix=vas_stokes_4M.mtx kernel=GPU_CSR status=skipped_resource_limit issue=file size 3110.4 MiB exceeds configured limit 128.0 MiB
2026-10-06 16:29:47,765 WARNING matrix=vas_stokes_4M.mtx kernel=GPU_ELL status=skipped_resource_limit issue=file size 3110.4 MiB exceeds configured limit 128.0 MiB
2026-10-06 16:29:47,766 INFO matrix=vas_stokes_4M.mtx complete
2026-10-06 16:29:47,767 INFO === benchmark end ===
2026-10-06 16:29:47,768 INFO oracle matrices=29
2026-10-06 16:29:47,768 INFO oracle matrix=Fashion_MNIST_norm_10NN.mtx best_kernel=GPU_CSR runtime_ms=0.018432
2026-10-06 16:29:47,768 INFO oracle matrix=Goodwin_071.mtx best_kernel=GPU_ELL runtime_ms=0.225280
2026-10-06 16:29:47,768 INFO oracle matrix=Spectro_10NN.mtx best_kernel=CPU_CSR runtime_ms=0.002628
2026-10-06 16:29:47,768 INFO oracle matrix=analytics.mtx best_kernel=CPU_CSR runtime_ms=1.383022
2026-10-06 16:29:47,768 INFO oracle matrix=bcsstk18.mtx best_kernel=GPU_CSR runtime_ms=0.012288
2026-10-06 16:29:47,768 INFO oracle matrix=uni_chimera_i5.mtx best_kernel=GPU_CSR runtime_ms=0.054976
2026-10-06 16:29:47,768 INFO oracle matrix=uni_chimera_i5_A_01.mtx best_kernel=GPU_CSR runtime_ms=0.055072
2026-10-06 16:29:47,768 INFO oracle matrix=uni_chimera_i5_A_02.mtx best_kernel=GPU_CSR runtime_ms=0.054272
2026-10-06 16:29:47,768 INFO oracle matrix=uni_chimera_i5_A_03.mtx best_kernel=GPU_CSR runtime_ms=0.054272
2026-10-06 16:29:47,768 INFO oracle matrix=uni_chimera_i5_A_04.mtx best_kernel=GPU_CSR runtime_ms=0.055296
2026-10-06 16:29:47,768 INFO oracle matrix=uni_chimera_i5_A_05.mtx best_kernel=GPU_CSR runtime_ms=0.054432
2026-10-06 16:29:47,768 INFO oracle matrix=uni_chimera_i5_A_06.mtx best_kernel=GPU_CSR runtime_ms=0.055328
2026-10-06 16:29:47,768 INFO oracle matrix=uni_chimera_i5_A_07.mtx best_kernel=GPU_CSR runtime_ms=0.055008
2026-10-06 16:29:47,769 INFO oracle matrix=uni_chimera_i5_A_08.mtx best_kernel=GPU_CSR runtime_ms=0.055296
2026-10-06 16:29:47,769 INFO oracle matrix=uni_chimera_i5_A_09.mtx best_kernel=GPU_CSR runtime_ms=0.055296
2026-10-06 16:29:47,769 INFO oracle matrix=uni_chimera_i5_A_10.mtx best_kernel=GPU_CSR runtime_ms=0.054272
2026-10-06 16:29:47,769 INFO oracle matrix=uni_chimera_i5_A_11.mtx best_kernel=GPU_CSR runtime_ms=0.055168
2026-10-06 16:29:47,769 INFO oracle matrix=uni_chimera_i5_A_12.mtx best_kernel=GPU_CSR runtime_ms=0.055296
2026-10-06 16:29:47,769 INFO oracle matrix=uni_chimera_i5_A_13.mtx best_kernel=GPU_CSR runtime_ms=0.055296
2026-10-06 16:29:47,769 INFO oracle matrix=uni_chimera_i5_A_14.mtx best_kernel=GPU_CSR runtime_ms=0.054400
2026-10-06 16:29:47,769 INFO oracle matrix=uni_chimera_i5_A_15.mtx best_kernel=GPU_CSR runtime_ms=0.054272
2026-10-06 16:29:47,769 INFO oracle matrix=uni_chimera_i5_A_16.mtx best_kernel=GPU_CSR runtime_ms=0.054272
2026-10-06 16:29:47,769 INFO oracle matrix=uni_chimera_i5_A_17.mtx best_kernel=GPU_CSR runtime_ms=0.055232
2026-10-06 16:29:47,769 INFO oracle matrix=uni_chimera_i5_A_18.mtx best_kernel=GPU_CSR runtime_ms=0.055264
2026-10-06 16:29:47,769 INFO oracle matrix=uni_chimera_i5_A_19.mtx best_kernel=GPU_CSR runtime_ms=0.055296
2026-10-06 16:29:47,769 INFO oracle matrix=uni_chimera_i5_A_20.mtx best_kernel=GPU_CSR runtime_ms=0.054272
2026-10-06 16:29:47,769 INFO oracle matrix=uni_chimera_i5_A_21.mtx best_kernel=GPU_CSR runtime_ms=0.054272
2026-10-06 16:29:47,769 INFO oracle matrix=uni_chimera_i5_A_22.mtx best_kernel=GPU_CSR runtime_ms=0.055040
2026-10-06 16:29:47,769 INFO oracle matrix=uni_chimera_i5_A_23.mtx best_kernel=GPU_CSR runtime_ms=0.054272


Valid matrices: 33
Available kernels: ['CPU_CSR', 'CPU_ELL', 'CPU_CSR_AVX', 'CPU_ELL_AVX_x4', 'CPU_ELL_AVX_x16', 'GPU_CSR', 'GPU_ELL']
Fashion_MNIST_norm_10NN.mtx | CPU_CSR | best=0.0916ms median=0.0972ms mean=0.0974ms | status=ok correct=True
Fashion_MNIST_norm_10NN.mtx | CPU_ELL | best=0.4499ms median=0.5199ms mean=0.5118ms | status=ok correct=True
Fashion_MNIST_norm_10NN.mtx | CPU_CSR_AVX | best=0.2261ms median=0.2544ms mean=0.2456ms | status=ok correct=True
Fashion_MNIST_norm_10NN.mtx | CPU_ELL_AVX_x4 | best=0.6955ms median=0.7034ms mean=0.7156ms | status=ok correct=True
Fashion_MNIST_norm_10NN.mtx | CPU_ELL_AVX_x16 | best=0.4984ms median=0.5601ms mean=0.5502ms | status=ok correct=True
Fashion_MNIST_norm_10NN.mtx | GPU_CSR | best=0.0184ms median=0.0184ms mean=0.0187ms | status=ok correct=True
Fashion_MNIST_norm_10NN.mtx | GPU_ELL | best=0.0481ms median=0.0492ms mean=0.0492ms | status=ok correct=True
Goodwin_071.mtx | CPU_CSR | best=1.2150ms median=1.2398ms mean=1.2455ms | status=ok correct=True
Goodwin_071.mtx | CPU_ELL | best=1.9447ms median=2.0945ms mean=2.1802ms | status=ok correct=True
Goodwin_071.mtx | CPU_CSR_AVX | best=1.9445ms median=1.9860ms mean=2.0086ms | status=ok correct=True
Goodwin_071.mtx | CPU_ELL_AVX_x4 | best=2.2108ms median=2.6740ms mean=2.5378ms | status=ok correct=True
Goodwin_071.mtx | CPU_ELL_AVX_x16 | best=1.2662ms median=1.2695ms mean=1.3687ms | status=ok correct=True
Goodwin_071.mtx | GPU_CSR | best=0.2970ms median=0.3021ms mean=0.3017ms | status=ok correct=True
Goodwin_071.mtx | GPU_ELL | best=0.2252ms median=0.2253ms mean=0.2255ms | status=ok correct=True
Spectro_10NN.mtx | CPU_CSR | best=0.0025ms median=0.0026ms mean=0.0027ms | status=ok correct=True
Spectro_10NN.mtx | CPU_ELL | best=0.0054ms median=0.0059ms mean=0.0059ms | status=ok correct=True
Spectro_10NN.mtx | CPU_CSR_AVX | best=0.9888ms median=2.1294ms mean=1.9523ms | status=ok correct=True
Spectro_10NN.mtx | CPU_ELL_AVX_x4 | best=0.7062ms median=1.4665ms mean=1.6815ms | status=ok correct=True
Spectro_10NN.mtx | CPU_ELL_AVX_x16 | best=0.4872ms median=0.5517ms mean=1.5350ms | status=ok correct=True
Spectro_10NN.mtx | GPU_CSR | best=0.0061ms median=0.0072ms mean=0.0068ms | status=ok correct=True
Spectro_10NN.mtx | GPU_ELL | best=0.0061ms median=0.0061ms mean=0.0064ms | status=ok correct=True
analytics.mtx | CPU_CSR | best=1.3505ms median=1.3830ms mean=1.4124ms | status=ok correct=True
ERROR analytics.mtx CPU_ELL => native process terminated by SIGKILL
analytics.mtx | CPU_CSR_AVX | best=8.4178ms median=8.6196ms mean=8.6510ms | status=ok correct=True
ERROR analytics.mtx CPU_ELL_AVX_x4 => native process terminated by SIGKILL
ERROR analytics.mtx CPU_ELL_AVX_x16 => native process terminated by SIGKILL
analytics.mtx | GPU_CSR | best=3.0689ms median=3.0708ms mean=3.0781ms | status=ok correct=True
ERROR analytics.mtx GPU_ELL => native process terminated by SIGKILL
bcsstk18.mtx | CPU_CSR | best=0.0875ms median=0.0909ms mean=0.0897ms | status=ok correct=True
bcsstk18.mtx | CPU_ELL | best=0.1769ms median=0.2082ms mean=0.2007ms | status=ok correct=True
bcsstk18.mtx | CPU_CSR_AVX | best=0.3279ms median=0.3910ms mean=0.3967ms | status=ok correct=True
bcsstk18.mtx | CPU_ELL_AVX_x4 | best=0.4079ms median=0.4416ms mean=0.4369ms | status=ok correct=True
bcsstk18.mtx | CPU_ELL_AVX_x16 | best=0.2332ms median=0.2390ms mean=0.2393ms | status=ok correct=True
bcsstk18.mtx | GPU_CSR | best=0.0123ms median=0.0123ms mean=0.0126ms | status=ok correct=True
bcsstk18.mtx | GPU_ELL | best=0.0215ms median=0.0224ms mean=0.0225ms | status=ok correct=True
SKIPPED_RESOURCE_LIMIT kmer_V1r.mtx CPU_CSR => file size 4208.3 MiB exceeds configured limit 128.0 MiB
SKIPPED_RESOURCE_LIMIT kmer_V1r.mtx CPU_ELL => file size 4208.3 MiB exceeds configured limit 128.0 MiB
SKIPPED_RESOURCE_LIMIT kmer_V1r.mtx CPU_CSR_AVX => file size 4208.3 MiB exceeds configured limit 128.0 MiB
SKIPPED_RESOURCE_LIMIT kmer_V1r.mtx CPU_ELL_AVX_x4 => file size 4208.3 MiB exceeds configured limit 128.0 MiB
SKIPPED_RESOURCE_LIMIT kmer_V1r.mtx CPU_ELL_AVX_x16 => file size 4208.3 MiB exceeds configured limit 128.0 MiB
SKIPPED_RESOURCE_LIMIT kmer_V1r.mtx GPU_CSR => file size 4208.3 MiB exceeds configured limit 128.0 MiB
SKIPPED_RESOURCE_LIMIT kmer_V1r.mtx GPU_ELL => file size 4208.3 MiB exceeds configured limit 128.0 MiB
SKIPPED_RESOURCE_LIMIT ss.mtx CPU_CSR => file size 786.4 MiB exceeds configured limit 128.0 MiB
SKIPPED_RESOURCE_LIMIT ss.mtx CPU_ELL => file size 786.4 MiB exceeds configured limit 128.0 MiB
SKIPPED_RESOURCE_LIMIT ss.mtx CPU_CSR_AVX => file size 786.4 MiB exceeds configured limit 128.0 MiB
SKIPPED_RESOURCE_LIMIT ss.mtx CPU_ELL_AVX_x4 => file size 786.4 MiB exceeds configured limit 128.0 MiB
SKIPPED_RESOURCE_LIMIT ss.mtx CPU_ELL_AVX_x16 => file size 786.4 MiB exceeds configured limit 128.0 MiB
SKIPPED_RESOURCE_LIMIT ss.mtx GPU_CSR => file size 786.4 MiB exceeds configured limit 128.0 MiB
SKIPPED_RESOURCE_LIMIT ss.mtx GPU_ELL => file size 786.4 MiB exceeds configured limit 128.0 MiB
SKIPPED_RESOURCE_LIMIT stokes.mtx CPU_CSR => file size 8551.8 MiB exceeds configured limit 128.0 MiB
SKIPPED_RESOURCE_LIMIT stokes.mtx CPU_ELL => file size 8551.8 MiB exceeds configured limit 128.0 MiB
SKIPPED_RESOURCE_LIMIT stokes.mtx CPU_CSR_AVX => file size 8551.8 MiB exceeds configured limit 128.0 MiB
SKIPPED_RESOURCE_LIMIT stokes.mtx CPU_ELL_AVX_x4 => file size 8551.8 MiB exceeds configured limit 128.0 MiB
SKIPPED_RESOURCE_LIMIT stokes.mtx CPU_ELL_AVX_x16 => file size 8551.8 MiB exceeds configured limit 128.0 MiB
SKIPPED_RESOURCE_LIMIT stokes.mtx GPU_CSR => file size 8551.8 MiB exceeds configured limit 128.0 MiB
SKIPPED_RESOURCE_LIMIT stokes.mtx GPU_ELL => file size 8551.8 MiB exceeds configured limit 128.0 MiB
uni_chimera_i5.mtx | CPU_CSR | best=0.6914ms median=0.6915ms mean=0.6958ms | status=ok correct=True
uni_chimera_i5.mtx | CPU_ELL | best=1.7466ms median=1.7864ms mean=1.7842ms | status=ok correct=True
uni_chimera_i5.mtx | CPU_CSR_AVX | best=2.3212ms median=2.3289ms mean=2.4291ms | status=ok correct=True
uni_chimera_i5.mtx | CPU_ELL_AVX_x4 | best=3.1792ms median=3.2062ms mean=3.2770ms | status=ok correct=True
uni_chimera_i5.mtx | CPU_ELL_AVX_x16 | best=1.3819ms median=1.3910ms mean=1.3989ms | status=ok correct=True
uni_chimera_i5.mtx | GPU_CSR | best=0.0543ms median=0.0550ms mean=0.0548ms | status=ok correct=True
uni_chimera_i5.mtx | GPU_ELL | best=0.1108ms median=0.1116ms mean=0.1116ms | status=ok correct=True
uni_chimera_i5_A_01.mtx | CPU_CSR | best=0.6545ms median=0.6590ms mean=0.6575ms | status=ok correct=True
uni_chimera_i5_A_01.mtx | CPU_ELL | best=1.7710ms median=1.9327ms mean=1.8932ms | status=ok correct=True
uni_chimera_i5_A_01.mtx | CPU_CSR_AVX | best=2.4390ms median=3.1737ms mean=3.0443ms | status=ok correct=True
uni_chimera_i5_A_01.mtx | CPU_ELL_AVX_x4 | best=3.1261ms median=3.1607ms mean=3.1923ms | status=ok correct=True
uni_chimera_i5_A_01.mtx | CPU_ELL_AVX_x16 | best=1.4096ms median=1.4205ms mean=1.4359ms | status=ok correct=True
uni_chimera_i5_A_01.mtx | GPU_CSR | best=0.0543ms median=0.0551ms mean=0.0556ms | status=ok correct=True
uni_chimera_i5_A_01.mtx | GPU_ELL | best=0.1116ms median=0.1126ms mean=0.1123ms | status=ok correct=True
uni_chimera_i5_A_02.mtx | CPU_CSR | best=0.6754ms median=0.6898ms mean=0.6962ms | status=ok correct=True
uni_chimera_i5_A_02.mtx | CPU_ELL | best=1.6929ms median=1.8020ms mean=1.8727ms | status=ok correct=True
uni_chimera_i5_A_02.mtx | CPU_CSR_AVX | best=2.4551ms median=2.5327ms mean=2.5451ms | status=ok correct=True
uni_chimera_i5_A_02.mtx | CPU_ELL_AVX_x4 | best=3.0942ms median=3.2799ms mean=3.2267ms | status=ok correct=True
uni_chimera_i5_A_02.mtx | CPU_ELL_AVX_x16 | best=1.3640ms median=1.4166ms mean=1.4015ms | status=ok correct=True
uni_chimera_i5_A_02.mtx | GPU_CSR | best=0.0540ms median=0.0543ms mean=0.0545ms | status=ok correct=True
uni_chimera_i5_A_02.mtx | GPU_ELL | best=0.1116ms median=0.1126ms mean=0.1123ms | status=ok correct=True
uni_chimera_i5_A_03.mtx | CPU_CSR | best=0.6642ms median=0.6765ms mean=0.6727ms | status=ok correct=True
uni_chimera_i5_A_03.mtx | CPU_ELL | best=1.8811ms median=2.0274ms mean=1.9881ms | status=ok correct=True
uni_chimera_i5_A_03.mtx | CPU_CSR_AVX | best=2.2210ms median=2.4008ms mean=2.3473ms | status=ok correct=True
uni_chimera_i5_A_03.mtx | CPU_ELL_AVX_x4 | best=3.0436ms median=3.2837ms mean=3.2348ms | status=ok correct=True
uni_chimera_i5_A_03.mtx | CPU_ELL_AVX_x16 | best=1.3964ms median=1.4265ms mean=1.4688ms | status=ok correct=True
uni_chimera_i5_A_03.mtx | GPU_CSR | best=0.0542ms median=0.0543ms mean=0.0549ms | status=ok correct=True
uni_chimera_i5_A_03.mtx | GPU_ELL | best=0.1114ms median=0.1116ms mean=0.1119ms | status=ok correct=True
uni_chimera_i5_A_04.mtx | CPU_CSR | best=0.6573ms median=0.6923ms mean=0.6812ms | status=ok correct=True
uni_chimera_i5_A_04.mtx | CPU_ELL | best=1.7944ms median=1.8691ms mean=1.9333ms | status=ok correct=True
uni_chimera_i5_A_04.mtx | CPU_CSR_AVX | best=2.8875ms median=3.0692ms mean=3.0563ms | status=ok correct=True
uni_chimera_i5_A_04.mtx | CPU_ELL_AVX_x4 | best=3.2502ms median=3.2664ms mean=3.3248ms | status=ok correct=True
uni_chimera_i5_A_04.mtx | CPU_ELL_AVX_x16 | best=1.3993ms median=1.4018ms mean=1.4152ms | status=ok correct=True
uni_chimera_i5_A_04.mtx | GPU_CSR | best=0.0550ms median=0.0553ms mean=0.0555ms | status=ok correct=True
uni_chimera_i5_A_04.mtx | GPU_ELL | best=0.1125ms median=0.1125ms mean=0.1125ms | status=ok correct=True
uni_chimera_i5_A_05.mtx | CPU_CSR | best=0.6573ms median=0.6580ms mean=0.6605ms | status=ok correct=True
uni_chimera_i5_A_05.mtx | CPU_ELL | best=1.7323ms median=1.9911ms mean=1.9197ms | status=ok correct=True
uni_chimera_i5_A_05.mtx | CPU_CSR_AVX | best=2.2858ms median=2.3392ms mean=2.4326ms | status=ok correct=True
uni_chimera_i5_A_05.mtx | CPU_ELL_AVX_x4 | best=2.8773ms median=3.1229ms mean=3.1359ms | status=ok correct=True
uni_chimera_i5_A_05.mtx | CPU_ELL_AVX_x16 | best=1.3968ms median=1.4205ms mean=1.4218ms | status=ok correct=True
uni_chimera_i5_A_05.mtx | GPU_CSR | best=0.0543ms median=0.0544ms mean=0.0547ms | status=ok correct=True
uni_chimera_i5_A_05.mtx | GPU_ELL | best=0.1113ms median=0.1116ms mean=0.1119ms | status=ok correct=True
uni_chimera_i5_A_06.mtx | CPU_CSR | best=0.6672ms median=0.6854ms mean=0.6817ms | status=ok correct=True
uni_chimera_i5_A_06.mtx | CPU_ELL | best=1.6938ms median=1.7244ms mean=1.8490ms | status=ok correct=True
uni_chimera_i5_A_06.mtx | CPU_CSR_AVX | best=2.2518ms median=2.2614ms mean=2.2778ms | status=ok correct=True
uni_chimera_i5_A_06.mtx | CPU_ELL_AVX_x4 | best=3.0640ms median=3.1535ms mean=3.1705ms | status=ok correct=True
uni_chimera_i5_A_06.mtx | CPU_ELL_AVX_x16 | best=1.3870ms median=1.4321ms mean=1.4336ms | status=ok correct=True
uni_chimera_i5_A_06.mtx | GPU_CSR | best=0.0543ms median=0.0553ms mean=0.0553ms | status=ok correct=True
uni_chimera_i5_A_06.mtx | GPU_ELL | best=0.1125ms median=0.1126ms mean=0.1126ms | status=ok correct=True
uni_chimera_i5_A_07.mtx | CPU_CSR | best=0.6877ms median=0.7116ms mean=0.7050ms | status=ok correct=True
uni_chimera_i5_A_07.mtx | CPU_ELL | best=1.7070ms median=1.7418ms mean=1.7531ms | status=ok correct=True
uni_chimera_i5_A_07.mtx | CPU_CSR_AVX | best=2.2361ms median=2.2412ms mean=2.2399ms | status=ok correct=True
uni_chimera_i5_A_07.mtx | CPU_ELL_AVX_x4 | best=3.0267ms median=3.1564ms mean=3.3043ms | status=ok correct=True
uni_chimera_i5_A_07.mtx | CPU_ELL_AVX_x16 | best=1.3394ms median=1.4109ms mean=1.4062ms | status=ok correct=True
uni_chimera_i5_A_07.mtx | GPU_CSR | best=0.0543ms median=0.0550ms mean=0.0549ms | status=ok correct=True
uni_chimera_i5_A_07.mtx | GPU_ELL | best=0.1114ms median=0.1116ms mean=0.1116ms | status=ok correct=True
uni_chimera_i5_A_08.mtx | CPU_CSR | best=0.6583ms median=0.6663ms mean=0.6780ms | status=ok correct=True
uni_chimera_i5_A_08.mtx | CPU_ELL | best=1.6675ms median=1.7330ms mean=1.7145ms | status=ok correct=True
uni_chimera_i5_A_08.mtx | CPU_CSR_AVX | best=2.3761ms median=2.6581ms mean=2.6344ms | status=ok correct=True
uni_chimera_i5_A_08.mtx | CPU_ELL_AVX_x4 | best=3.0512ms median=3.5100ms mean=3.5593ms | status=ok correct=True
uni_chimera_i5_A_08.mtx | CPU_ELL_AVX_x16 | best=1.3809ms median=1.3876ms mean=1.3975ms | status=ok correct=True
uni_chimera_i5_A_08.mtx | GPU_CSR | best=0.0553ms median=0.0553ms mean=0.0553ms | status=ok correct=True
uni_chimera_i5_A_08.mtx | GPU_ELL | best=0.1116ms median=0.1126ms mean=0.1123ms | status=ok correct=True
uni_chimera_i5_A_09.mtx | CPU_CSR | best=0.6827ms median=0.7157ms mean=0.7061ms | status=ok correct=True
uni_chimera_i5_A_09.mtx | CPU_ELL | best=1.7481ms median=1.8210ms mean=1.8825ms | status=ok correct=True
uni_chimera_i5_A_09.mtx | CPU_CSR_AVX | best=2.3225ms median=2.5737ms mean=2.5188ms | status=ok correct=True
uni_chimera_i5_A_09.mtx | CPU_ELL_AVX_x4 | best=3.2277ms median=3.3643ms mean=3.3431ms | status=ok correct=True
uni_chimera_i5_A_09.mtx | CPU_ELL_AVX_x16 | best=1.3906ms median=1.4205ms mean=1.4211ms | status=ok correct=True
uni_chimera_i5_A_09.mtx | GPU_CSR | best=0.0543ms median=0.0553ms mean=0.0552ms | status=ok correct=True
uni_chimera_i5_A_09.mtx | GPU_ELL | best=0.1116ms median=0.1126ms mean=0.1130ms | status=ok correct=True
uni_chimera_i5_A_10.mtx | CPU_CSR | best=0.6588ms median=0.6625ms mean=0.6703ms | status=ok correct=True
uni_chimera_i5_A_10.mtx | CPU_ELL | best=1.6710ms median=1.7323ms mean=1.7310ms | status=ok correct=True
uni_chimera_i5_A_10.mtx | CPU_CSR_AVX | best=2.3748ms median=2.4712ms mean=2.4805ms | status=ok correct=True
uni_chimera_i5_A_10.mtx | CPU_ELL_AVX_x4 | best=3.1485ms median=3.1697ms mean=3.2374ms | status=ok correct=True
uni_chimera_i5_A_10.mtx | CPU_ELL_AVX_x16 | best=1.3862ms median=1.4188ms mean=1.4176ms | status=ok correct=True
uni_chimera_i5_A_10.mtx | GPU_CSR | best=0.0543ms median=0.0543ms mean=0.0550ms | status=ok correct=True
uni_chimera_i5_A_10.mtx | GPU_ELL | best=0.1116ms median=0.1126ms mean=0.1123ms | status=ok correct=True
uni_chimera_i5_A_11.mtx | CPU_CSR | best=0.6639ms median=0.6825ms mean=0.6804ms | status=ok correct=True
uni_chimera_i5_A_11.mtx | CPU_ELL | best=1.7568ms median=1.7855ms mean=1.8802ms | status=ok correct=True
uni_chimera_i5_A_11.mtx | CPU_CSR_AVX | best=2.3366ms median=2.3889ms mean=2.5159ms | status=ok correct=True
uni_chimera_i5_A_11.mtx | CPU_ELL_AVX_x4 | best=3.0168ms median=3.4071ms mean=3.2820ms | status=ok correct=True
uni_chimera_i5_A_11.mtx | CPU_ELL_AVX_x16 | best=1.4122ms median=1.4444ms mean=1.4624ms | status=ok correct=True
uni_chimera_i5_A_11.mtx | GPU_CSR | best=0.0543ms median=0.0552ms mean=0.0549ms | status=ok correct=True
uni_chimera_i5_A_11.mtx | GPU_ELL | best=0.1116ms median=0.1116ms mean=0.1126ms | status=ok correct=True
uni_chimera_i5_A_12.mtx | CPU_CSR | best=0.6697ms median=0.6836ms mean=0.6952ms | status=ok correct=True
uni_chimera_i5_A_12.mtx | CPU_ELL | best=1.7076ms median=1.7924ms mean=1.8155ms | status=ok correct=True
uni_chimera_i5_A_12.mtx | CPU_CSR_AVX | best=2.6930ms median=3.0140ms mean=2.9253ms | status=ok correct=True
uni_chimera_i5_A_12.mtx | CPU_ELL_AVX_x4 | best=2.9390ms median=3.1254ms mean=3.1185ms | status=ok correct=True
uni_chimera_i5_A_12.mtx | CPU_ELL_AVX_x16 | best=1.3599ms median=1.5848ms mean=1.5610ms | status=ok correct=True
uni_chimera_i5_A_12.mtx | GPU_CSR | best=0.0532ms median=0.0553ms mean=0.0550ms | status=ok correct=True
uni_chimera_i5_A_12.mtx | GPU_ELL | best=0.1116ms median=0.1126ms mean=0.1123ms | status=ok correct=True
uni_chimera_i5_A_13.mtx | CPU_CSR | best=0.6689ms median=0.7082ms mean=0.6953ms | status=ok correct=True
uni_chimera_i5_A_13.mtx | CPU_ELL | best=1.7252ms median=1.8629ms mean=1.8176ms | status=ok correct=True
uni_chimera_i5_A_13.mtx | CPU_CSR_AVX | best=2.4091ms median=2.4148ms mean=2.4987ms | status=ok correct=True
uni_chimera_i5_A_13.mtx | CPU_ELL_AVX_x4 | best=2.9995ms median=3.2198ms mean=3.1629ms | status=ok correct=True
uni_chimera_i5_A_13.mtx | CPU_ELL_AVX_x16 | best=1.4234ms median=1.4386ms mean=1.4481ms | status=ok correct=True
uni_chimera_i5_A_13.mtx | GPU_CSR | best=0.0553ms median=0.0553ms mean=0.0556ms | status=ok correct=True
uni_chimera_i5_A_13.mtx | GPU_ELL | best=0.1116ms median=0.1126ms mean=0.1123ms | status=ok correct=True
uni_chimera_i5_A_14.mtx | CPU_CSR | best=0.6527ms median=0.6832ms mean=0.6761ms | status=ok correct=True
uni_chimera_i5_A_14.mtx | CPU_ELL | best=1.7945ms median=1.8631ms mean=1.9461ms | status=ok correct=True
uni_chimera_i5_A_14.mtx | CPU_CSR_AVX | best=2.4576ms median=2.4588ms mean=2.5558ms | status=ok correct=True
uni_chimera_i5_A_14.mtx | CPU_ELL_AVX_x4 | best=3.0076ms median=3.1249ms mean=3.2233ms | status=ok correct=True
uni_chimera_i5_A_14.mtx | CPU_ELL_AVX_x16 | best=1.3465ms median=1.3738ms mean=1.3730ms | status=ok correct=True
uni_chimera_i5_A_14.mtx | GPU_CSR | best=0.0542ms median=0.0544ms mean=0.0544ms | status=ok correct=True
uni_chimera_i5_A_14.mtx | GPU_ELL | best=0.1116ms median=0.1116ms mean=0.1120ms | status=ok correct=True
uni_chimera_i5_A_15.mtx | CPU_CSR | best=0.6914ms median=0.6969ms mean=0.6980ms | status=ok correct=True
uni_chimera_i5_A_15.mtx | CPU_ELL | best=1.7391ms median=1.8428ms mean=1.8377ms | status=ok correct=True
uni_chimera_i5_A_15.mtx | CPU_CSR_AVX | best=2.3844ms median=2.4126ms mean=2.4891ms | status=ok correct=True
uni_chimera_i5_A_15.mtx | CPU_ELL_AVX_x4 | best=3.2039ms median=3.2267ms mean=3.2619ms | status=ok correct=True
uni_chimera_i5_A_15.mtx | CPU_ELL_AVX_x16 | best=1.3723ms median=1.3770ms mean=1.4121ms | status=ok correct=True
uni_chimera_i5_A_15.mtx | GPU_CSR | best=0.0543ms median=0.0543ms mean=0.0546ms | status=ok correct=True
uni_chimera_i5_A_15.mtx | GPU_ELL | best=0.1116ms median=0.1126ms mean=0.1125ms | status=ok correct=True
uni_chimera_i5_A_16.mtx | CPU_CSR | best=0.6643ms median=0.6813ms mean=0.6782ms | status=ok correct=True
uni_chimera_i5_A_16.mtx | CPU_ELL | best=1.6793ms median=1.7458ms mean=1.7794ms | status=ok correct=True
uni_chimera_i5_A_16.mtx | CPU_CSR_AVX | best=2.4659ms median=2.4965ms mean=2.5937ms | status=ok correct=True
uni_chimera_i5_A_16.mtx | CPU_ELL_AVX_x4 | best=3.1886ms median=3.3099ms mean=3.2887ms | status=ok correct=True
uni_chimera_i5_A_16.mtx | CPU_ELL_AVX_x16 | best=1.3958ms median=1.4294ms mean=1.4515ms | status=ok correct=True
uni_chimera_i5_A_16.mtx | GPU_CSR | best=0.0543ms median=0.0543ms mean=0.0552ms | status=ok correct=True
uni_chimera_i5_A_16.mtx | GPU_ELL | best=0.1115ms median=0.1116ms mean=0.1116ms | status=ok correct=True
uni_chimera_i5_A_17.mtx | CPU_CSR | best=0.6443ms median=0.6568ms mean=0.6550ms | status=ok correct=True
uni_chimera_i5_A_17.mtx | CPU_ELL | best=1.7360ms median=1.7764ms mean=1.8566ms | status=ok correct=True
uni_chimera_i5_A_17.mtx | CPU_CSR_AVX | best=2.5168ms median=2.6803ms mean=2.6267ms | status=ok correct=True
uni_chimera_i5_A_17.mtx | CPU_ELL_AVX_x4 | best=3.1338ms median=3.1991ms mean=3.2170ms | status=ok correct=True
uni_chimera_i5_A_17.mtx | CPU_ELL_AVX_x16 | best=1.3644ms median=1.4422ms mean=1.4484ms | status=ok correct=True
uni_chimera_i5_A_17.mtx | GPU_CSR | best=0.0543ms median=0.0552ms mean=0.0549ms | status=ok correct=True
uni_chimera_i5_A_17.mtx | GPU_ELL | best=0.1106ms median=0.1125ms mean=0.1119ms | status=ok correct=True
uni_chimera_i5_A_18.mtx | CPU_CSR | best=0.6547ms median=0.6833ms mean=0.6882ms | status=ok correct=True
uni_chimera_i5_A_18.mtx | CPU_ELL | best=1.7456ms median=1.8433ms mean=1.8637ms | status=ok correct=True
uni_chimera_i5_A_18.mtx | CPU_CSR_AVX | best=2.3658ms median=2.4008ms mean=2.3948ms | status=ok correct=True
uni_chimera_i5_A_18.mtx | CPU_ELL_AVX_x4 | best=3.0357ms median=3.2123ms mean=3.2489ms | status=ok correct=True
uni_chimera_i5_A_18.mtx | CPU_ELL_AVX_x16 | best=1.3576ms median=1.3583ms mean=1.3755ms | status=ok correct=True
uni_chimera_i5_A_18.mtx | GPU_CSR | best=0.0552ms median=0.0553ms mean=0.0553ms | status=ok correct=True
uni_chimera_i5_A_18.mtx | GPU_ELL | best=0.1116ms median=0.1116ms mean=0.1116ms | status=ok correct=True
uni_chimera_i5_A_19.mtx | CPU_CSR | best=0.6894ms median=0.7100ms mean=0.7146ms | status=ok correct=True
uni_chimera_i5_A_19.mtx | CPU_ELL | best=1.6502ms median=1.8103ms mean=1.8419ms | status=ok correct=True
uni_chimera_i5_A_19.mtx | CPU_CSR_AVX | best=2.4428ms median=2.7758ms mean=3.0846ms | status=ok correct=True
uni_chimera_i5_A_19.mtx | CPU_ELL_AVX_x4 | best=2.8163ms median=2.8437ms mean=2.9810ms | status=ok correct=True
uni_chimera_i5_A_19.mtx | CPU_ELL_AVX_x16 | best=1.3413ms median=1.4245ms mean=1.4445ms | status=ok correct=True
uni_chimera_i5_A_19.mtx | GPU_CSR | best=0.0543ms median=0.0553ms mean=0.0550ms | status=ok correct=True
uni_chimera_i5_A_19.mtx | GPU_ELL | best=0.1113ms median=0.1116ms mean=0.1119ms | status=ok correct=True
uni_chimera_i5_A_20.mtx | CPU_CSR | best=0.6684ms median=0.6802ms mean=0.6824ms | status=ok correct=True
uni_chimera_i5_A_20.mtx | CPU_ELL | best=1.8342ms median=1.8507ms mean=1.9271ms | status=ok correct=True
uni_chimera_i5_A_20.mtx | CPU_CSR_AVX | best=2.4997ms median=2.5823ms mean=2.5611ms | status=ok correct=True
uni_chimera_i5_A_20.mtx | CPU_ELL_AVX_x4 | best=3.1124ms median=3.3419ms mean=3.2895ms | status=ok correct=True
uni_chimera_i5_A_20.mtx | CPU_ELL_AVX_x16 | best=1.3636ms median=1.3829ms mean=1.3916ms | status=ok correct=True
uni_chimera_i5_A_20.mtx | GPU_CSR | best=0.0535ms median=0.0543ms mean=0.0546ms | status=ok correct=True
uni_chimera_i5_A_20.mtx | GPU_ELL | best=0.1116ms median=0.1124ms mean=0.1125ms | status=ok correct=True
uni_chimera_i5_A_21.mtx | CPU_CSR | best=0.6598ms median=0.6606ms mean=0.6651ms | status=ok correct=True
uni_chimera_i5_A_21.mtx | CPU_ELL | best=1.7052ms median=1.8112ms mean=1.8567ms | status=ok correct=True
uni_chimera_i5_A_21.mtx | CPU_CSR_AVX | best=2.4641ms median=2.4898ms mean=2.5206ms | status=ok correct=True
uni_chimera_i5_A_21.mtx | CPU_ELL_AVX_x4 | best=3.1044ms median=3.3989ms mean=3.3393ms | status=ok correct=True
uni_chimera_i5_A_21.mtx | CPU_ELL_AVX_x16 | best=1.3481ms median=1.4151ms mean=1.4352ms | status=ok correct=True
uni_chimera_i5_A_21.mtx | GPU_CSR | best=0.0542ms median=0.0543ms mean=0.0549ms | status=ok correct=True
uni_chimera_i5_A_21.mtx | GPU_ELL | best=0.1115ms median=0.1126ms mean=0.1123ms | status=ok correct=True
uni_chimera_i5_A_22.mtx | CPU_CSR | best=0.6810ms median=0.6949ms mean=0.6908ms | status=ok correct=True
uni_chimera_i5_A_22.mtx | CPU_ELL | best=1.7094ms median=1.8619ms mean=1.8471ms | status=ok correct=True
uni_chimera_i5_A_22.mtx | CPU_CSR_AVX | best=2.7108ms median=3.4864ms mean=3.5130ms | status=ok correct=True
uni_chimera_i5_A_22.mtx | CPU_ELL_AVX_x4 | best=3.0001ms median=3.0070ms mean=3.0571ms | status=ok correct=True
uni_chimera_i5_A_22.mtx | CPU_ELL_AVX_x16 | best=1.3520ms median=1.3701ms mean=1.4639ms | status=ok correct=True
uni_chimera_i5_A_22.mtx | GPU_CSR | best=0.0543ms median=0.0550ms mean=0.0551ms | status=ok correct=True
uni_chimera_i5_A_22.mtx | GPU_ELL | best=0.1114ms median=0.1116ms mean=0.1121ms | status=ok correct=True
uni_chimera_i5_A_23.mtx | CPU_CSR | best=0.6779ms median=0.6841ms mean=0.6851ms | status=ok correct=True
uni_chimera_i5_A_23.mtx | CPU_ELL | best=1.7193ms median=1.7270ms mean=1.7248ms | status=ok correct=True
uni_chimera_i5_A_23.mtx | CPU_CSR_AVX | best=2.3765ms median=2.4024ms mean=2.5089ms | status=ok correct=True
uni_chimera_i5_A_23.mtx | CPU_ELL_AVX_x4 | best=3.0950ms median=3.1249ms mean=3.1589ms | status=ok correct=True
uni_chimera_i5_A_23.mtx | CPU_ELL_AVX_x16 | best=1.3591ms median=1.3870ms mean=1.3839ms | status=ok correct=True
uni_chimera_i5_A_23.mtx | GPU_CSR | best=0.0543ms median=0.0543ms mean=0.0543ms | status=ok correct=True
uni_chimera_i5_A_23.mtx | GPU_ELL | best=0.1116ms median=0.1135ms mean=0.1129ms | status=ok correct=True
SKIPPED_RESOURCE_LIMIT vas_stokes_4M.mtx CPU_CSR => file size 3110.4 MiB exceeds configured limit 128.0 MiB
SKIPPED_RESOURCE_LIMIT vas_stokes_4M.mtx CPU_ELL => file size 3110.4 MiB exceeds configured limit 128.0 MiB
SKIPPED_RESOURCE_LIMIT vas_stokes_4M.mtx CPU_CSR_AVX => file size 3110.4 MiB exceeds configured limit 128.0 MiB
SKIPPED_RESOURCE_LIMIT vas_stokes_4M.mtx CPU_ELL_AVX_x4 => file size 3110.4 MiB exceeds configured limit 128.0 MiB
SKIPPED_RESOURCE_LIMIT vas_stokes_4M.mtx CPU_ELL_AVX_x16 => file size 3110.4 MiB exceeds configured limit 128.0 MiB
SKIPPED_RESOURCE_LIMIT vas_stokes_4M.mtx GPU_CSR => file size 3110.4 MiB exceeds configured limit 128.0 MiB
SKIPPED_RESOURCE_LIMIT vas_stokes_4M.mtx GPU_ELL => file size 3110.4 MiB exceeds configured limit 128.0 MiB

