137159484.3804374933
6569955851.8846244812
5383500300.6195640564
75804367546.2230377197
54863209648.5899734497
88974579045.7595825195
-3671647492.9598112106
-102606895.3568244427
1440538761.0046019554
138670625381.6572265625
-95135744.4336888045
50117875905.7356338501
-1490170309.3764050007
1110896667.6701169014
4765531741.8152065277
175205883855.9993286133
105029336916.6021423340
-75260370.3703397065
709.0000000000
651.0000000000
21.0000000000
25168679701.8821983337
970.0000000000
26630352423.9565238953
833.0000000000
939.0000000000
213.0000000000
96026960.0767100006
182.0000000000
33963332541.9678039551
-579576141.9285391569
8724181660.5207672119
-2769663844.4698367119
222880080503.3934936523
136713888.8888849914
2018069408.5056452751
432.0000000000
24.0000000000
292.0000000000
771013423819.2749023438
612.0000000000
81797694849.4624481201
140.0000000000
47.0000000000
293.0000000000
1430413475809.4738769531
367.0000000000
47647157249.8404312134
457.0000000000
91.0000000000
786.0000000000
909061541607.8688964844
200.0000000000
78321292818.3652648926
1567569997.4922349453
664802379.7160643339
566860.1971015527
11831795.5949495509
997114760.5114351511
81630890815.4881439209
608.0000000000
681.0000000000
171.0000000000
551025278714.9880371094
66.0000000000
2269217752.0229592323
599587823.3186348677
5412923886.5567941666
7290212573.3556413651
196210619399.6216735840
88887479.1868318021
70165436418.4375610352
931399.7046769549
-402847582.0664172173
109377473.3471913785
29075508378.0777015686
11766555695.3540992737
5217520.0000000000
441.0000000000
684.0000000000
123.0000000000
1128008909980.9499511719
496.0000000000
239660965358.9932250977
35.0000000000
174.0000000000
910.0000000000
37642568350.0703201294
259.0000000000
6259103580.2426195145
4429136583.7159986496
13158102912.5543537140
-11906374380.1431903839
2045963779492.2412109375
708678833.3045970201
247070235992.4040527344
108096109.1959728152
1202301244.8406231403
-1521137998.8505156040
45108971886.1550903320
94930805.4987022430
85546516257.3733215332
-58708262.4480187222
2588186973.7272119522
1797833297.5741889477
90576959462.1541290283
104169464.9374835044
77336608084.0728607178
553951660.2273397446
552112633.3777798414
1043364969.8135219812
38686835910.9496688843
-52914049.0797620639
42388520145.8906173706
714913110.8210300207
5646619640.1927804947
-11426673647.9837417603
3395729070724.1621093750
275144695.2519847751
365170036669.7766113281
882606575.5868734121
7997378241.9695005417
-6095489445.1212520599
1892758267106.0544433594
699677767.9874092340
277655285649.5377197266
828022186.5640025139
10338770550.8563995361
-7197094753.5802898407
2148130729569.6550292969
458293158.0424163938
150176563023.1724548340
141.0000000000
297.0000000000
803.0000000000
8166382885.4595003128
75.0000000000
23606208.0441718400
1960810379.6425354481
510159392.4971987605
-10386660818.2398796082
1863147691924.4365234375
-93383906.9475867152
235266913414.7969665527
-683281552.8319004774
401888318.7841618657
-3434548080.1649360657
735029679025.0983886719
478895800.2899986506
233465965478.4502563477
2452371916.6388211250
9789506370.5279655457
-9866412177.3448772430
2615734765324.9223632812
-45276041.7035957277
639332218714.7100830078
611319071.8414930105
4104209759.5073628426
16129387.5866369251
651704991773.4029541016
165274030.3915871978
72769485408.4454345703
624.0000000000
450.0000000000
331.0000000000
168981300982.6733093262
64.0000000000
33168435881.3038482666
311.0000000000
669.0000000000
326.0000000000
74174152664.4678039551
730.0000000000
6124242209.0265951157
10917391.8666195311
326300069.2151461840
162416211.5598428249
152620233214.5958251953
-1357188.1088792011
50453140700.4742202759
-61527134.3958666027
1433533600.5922574997
-812220214.0354573727
120378593532.5083007812
-8048220.8588968422
50195182178.1764907837
1763670534.7001664639
-1757772861.7027032375
-5994953430.9501018524
1000573207952.1293945312
19334542.0441549234
72068041785.3440856934
1848524673.1423621178
3976561288.3482313156
-10801847887.4659652710
871856027511.3643798828
-116744984.0193004012
239460145006.3207397461
186884053.5201067328
-3211439043.0526700020
-6902950444.8077201843
2720380007782.6879882812
244290275.6334702373
195701552926.7864379883
315.0000000000
564.0000000000
509.0000000000
4327583946.3904075623
908.0000000000
9574421400.9107990265
250.0000000000
605.0000000000
411.0000000000
40515500459.2734069824
756.0000000000
1400285316.1211245060
229.0000000000
943.0000000000
77.0000000000
3483493920.9108686447
290.0000000000
44529153496.6906509399
267613127.8106805980
453279898.7915226817
1649943464.2948279381
34607597395.5872726440
7125446.9672057424
449757490.3752105832
1290707776.4797713757
3902.0298311315
1333965740.8734152317
851698.4078267934
2344426.5118839676
219.0000000000
187.0000000000
417.0000000000
7667674049.6502838135
884.0000000000
50393387125.8864059448
325.0000000000
2551634063.0505599976
123.0000000000
897.0000000000
357.0000000000
319.0000000000
907.0000000000
111.0000000000
273.0000000000
466783538436.7919921875
648.0000000000
101216490705.7327575684
1.0000000000
819.0000000000
353.0000000000
1762722046465.2539062500
305.0000000000
1655409894.7724163532
492620650.9057664871
1092237453.6610791683
930060800.3885860443
630891786202.3472900391
-2897622.6993863638
37383312350.6213302612
1369922539.5158174038
-2552.7673710361
402599456.3866676092
631120.5165904519
795041.1277930224
1835937079.2510201931
1436980187.7364351749
-1618075650.0080161095
644303280907.3619384766
102996079.9057327807
236573973861.5211791992
3383117954.5745487213
-1378713226.0430793762
-12705977937.0627956390
583814245283.0610351562
876701485.0666152239
246092012719.3054199219
1352532271.7381067276
-153732293.7117685974
-3945783792.4222383499
707939705245.2050781250
32273002.1185036749
92047635908.0498809814
-336318348.2075557709
343102724.8162913918
-452643974.5715081096
255772518010.9838867188
1783856.7256542002
8515287864.2489204407
1419815673.9667680264
5385204909.8818016052
-4974308775.6345968246
410635645539.4507446289
-57383153.0834289938
23550929988.2344741821
1195424296.1580147743
175566425.6537168324
11100163812.2228183746
2340817613233.7705078125
41894205835.7675933838
279922654.9392066002
338978577.7873135209
7694.2473025943
473975472.9109584689
951670.3389671291
2990694.8687891341
3278742.9457520363
227853540.5376402140
2495342697.0349006653
5628410034.3509473801
1241035.7142901095
69996584057.0168304443
1689003945.4132435322
-1906373025.9752340317
437459703.4145585299
919511986811.2968750000
250483384.4580687881
90829400867.0424652100
1028476802.1391690969
1757272642.6397786140
-5234321215.7180509567
1216247549891.2224121094
-76626022.4948847890
120190935488.0269470215
1069028096.5357449055
-1600.9049157303
1209398360.1415398121
1609321.6961416646
950385.4030002105
602507895.3968478441
10478.2695489536
393003378.5592639446
4114843.7208747747
1998058.6818462550
-366460484.7870617509
717906632.6529452801
237060023.4852084517
14878416628.4120769501
4646996.8332147794
41447299953.6950378418
712.0000000000
513.0000000000
810.0000000000
1411439016.9980208874
349.0000000000
44179115892.7741165161
1196482.7564272000
941353044.7492500544
252926440.5968435705
347174432553.4937744141
78256750.0000000000
30055121839.7577476501
2870387655.3484020233
19901666724.2688827515
977884382.1524450779
858867889258.9754638672
269396437204.2754516602
306721716392.1956176758
1623652246.0809383392
84120031.5249520987
610054572.8332889080
89327976600.1030883789
8762838.6530678011
6749821320.7431344986
916792369.9796539545
11548.6003134055
337544881.2582229972
1244670.0171797110
996884.0648194193
818.0000000000
983.0000000000
556.0000000000
2242076321.7489781380
530.0000000000
12535080122.9801692963
828837460.6689587831
630291914.8953866959
-929757037.3138043880
7357522128.2504959106
9507453.1095748786
57860911397.6233978271
3226592293.9114656448
4124.1443624154
1212818591.1039588451
1495336.7984149458
3754410.9417551751
279.0000000000
350.0000000000
701.0000000000
72595817387.7195587158
847.0000000000
20436080654.6624336243
2909275312.4148998260
19578682.6456928886
2060793900.8750529289
827837896134.8728027344
41720136171.0393142700
66138331.2134256810
311497368.0282887220
181091043.8039700091
581643677.7886168957
6633639477.8080568314
24813749.2491266392
193644871114.7173461914
1158008.2791165931
248764101.3521629870
-34242988.7063061669
1252094967.1624526978
16954512.4765988626
818870262.8939191103
46430559.5801776499
5636968409.7914400101
332737601.2907105088
608261669.7616248131
89346400.0000000000
20557115473.1010055542
1309754145.4962692261
6262615810.8724966049
-2814156520.9145922661
3071418403555.9399414062
536030290.9122219682
363292743204.5912475586
1688136106.8395409584
2565822579.1694054604
-11016938401.6983852386
3719851659064.4267578125
22682796.2746820003
115075261158.8039550781
2056021755.4144620895
-13292.6810145331
593132469.9742814302
4120145.5555347791
2502932.9006167678
1923539141.8377964497
2396135109.3257551193
2718277613.0518264771
962272824864.1737060547
44752172.8016344085
90684244850.9742736816
2413546173.7977457047
276964834.8451372385
-2051997873.1593377590
1884316491158.0493164062
63937237080.4368438721
262374613.3594043553
-363760857.6929301023
-7626.6695427201
79978960.7828214020
1132045.5791445547
3229793.9527260689
2766361274.2498054504
-11768276.3724500537
2091893582.0421061516
1086124593590.6862792969
-20927275.0511239804
117932938749.6930541992
312244089.8946836591
1523182911.4540948868
1420078919.6649763584
121993935387.2048492432
38909574.4680913389
15753690048.0050048828
361694484.7350912094
1198.3119366631
1525836412.9375777245
730197.9080247981
1116247.2979975427
1387046857.0955674648
378131261.0331823230
572648128.5911707878
115163353317.1409149170
-285797.3824527551
9140723896.2437591553
619469809.3870420456
-3556511423.4332895279
221961963.8454798758
631983857307.8393554688
80684664.4242718667
36010730052.6938018799
947763945.5220079422
4423.2859050115
1452093830.1409032345
1717711.0626433797
1735445.1744507463
2661152977.3351478577
-38049.8003061945
2751738117.8499851227
5562051.3131243018
1773794.1610721604
1377790359.0776841640
-9163.4529105901
948982720.0542880297
1482033.6264777307
2929267.8307399102
2202332029.1954369545
6569887068.1943798065
16258235.0143475104
183976740187.0445556641
42246205.6112607270
40033315687.9976272583
2125670798.3236701488
73288881512.4028167725
2924730629.6312813759
3080079626161.8759765625
4412789959.5097579956
281407253900.0856933594
373.0000000000
557.0000000000
395.0000000000
50647468178.3212280273
845.0000000000
8511829715.5380954742
931.0000000000
571.0000000000
71.0000000000
250333066412.7439880371
209.0000000000
196830001144.9537963867
672.0000000000
991.0000000000
359.0000000000
360173329720.9830322266
255.0000000000
165835707382.3918762207
4796044473.0601720810
12379481386.2271385193
-1922271249.5191454887
3732196327364.8500976562
1076478366948.6197509766
512928870900.1571044922
137.0000000000
703.0000000000
709.0000000000
919591480138.6800537109
553.0000000000
93941614586.5784149170
925033014.9430694580
-17868924678.9574470520
-2223856183.1894960403
3415726315544.0649414062
60275879279.9189987183
255926353.9716083705
10636508122.5544471741
72153131430.6771697998
-6013539744.4027509689
6613984301720.5654296875
989031232.5860843658
1004071988818.0402832031
1262174915.2264544964
-15266.1415840312
87362113.2038371563
4736320.7544054510
1347480.1800827244
1512952609.0224828720
-8884184336.1377983093
-7451873996.0683593750
1084061491794.6297607422
499234836.4518553615
831431066782.7651367188
290289287.9875178337
2375.4894532427
224956975.3295611143
1596604.7388043730
902617.4865665021
4885703674.3471899033
49805289830.3807144165
7317262884.5272531509
299443115631.2003173828
3017818357.8184599876
764465269294.3684082031
-143972948.1335356236
289821368.8276944160
13398002100.5784358978
1066890980255.4051513672
147737074670.7452087402
243459117.7058630586
1609434376.7852363586
-2571584.1907680142
-595025180.2797309160
22343269002.9715385437
1453662840.1089625359
48798088.6334927008
268916573.7722942233
-13335.2363445394
1433809380.2495241165
1593542.6530251233
3075262.1471919157
2950460431.2468256950
-8025387919.3283586502
2077892476.8947880268
1197316497018.8059082031
90929052844.2663116455
351972551.2324450016
197129006.8406718671
728632823.1291520596
-169949797.5713405907
13035803967.8653202057
1385419.4229413199
52789123996.7571945190
694919198.1763548851
6917802132.7403497696
440365338.3267371655
3858794943353.9370117188
1207078735.3984479904
101317934024.3869018555
1778284719.2026531696
225.5668257394
1580561687.9273920059
1527602.8671383758
1570803.0580956861
8819434.7509840000
1737468762.5943300724
-55968625.2414647192
397822959747.3689575195
78453375.0000000000
20813899946.1605033875
553728931.5070842505
-631964897.7433099747
-1899305563.7912104130
94438066971.2668304443
19723000.0000000000
16068714972.0570144653
1242705266.8859453201
2713278461.6923694611
-2413734401.6912136078
341819481328.8685302734
3751000.0000000000
42358670393.5808792114
2547477435.0596742630
246524107.1169098020
-249956086.5611882210
36347194168.9855651855
2113224084.2404665947
-40193073881.6642456055
33469951405.6577796936
2247794898.5822677612
178849354235.4520874023
6784180.5776800001
505641064.0367400050
200496871.7818394005
92884833329.1874694824
129969125.0000000000
72500404785.7003936768
2209653091.6465358734
1274002370.6207268238
2427284328.6361551285
324855825921.6189575195
80646500.0000000000
60299110943.2318725586
2623357298.5836901665
163286372.9535260201
-161043418.7275651693
36068798.1435811520
3565552307.3982000351
-66242562.1701362580
175432175547.1092224121
178378200.0000000000
44260036801.2324676514
432966467.9676895738
4565737633.7181186676
-49476675.9466851875
14765334358.9564018250
67258470.3062686771
19595557787.4377784729
-406956078.5712546706
-8866.2209681030
106206049.8354058713
227642.9477521777
1202927.1287601702
2036722355.7378346920
-6791.2654832053
1109725900.7235929966
289970.3508876500
1707031.7731939799
1227641277.4503607750
-2283138850.8625702858
-24346218507.4013862610
3739311690521.8002929688
1445974207753.4887695312
452102454801.8951416016
32928309723.5459938049
-168243377.8034400642
2147934953.3776106834
3024124191.0895957947
171682617442.3323364258
532206273038.9766845703
-255762858.7981261611
5413.3956640187
1870841198.7209038734
3387131.9862154052
4793202.6880213320
-586068233.7978566885
-8.3023525977
539944617.6982475519
328482.3000237360
3751702.6403923770
2295650639.8675813675
7487.9583323698
1216879731.3722386360
3786417.0671355082
4391192.9814969506
659.0000000000
684.0000000000
163.0000000000
61596451116.8529586792
71.0000000000
21482917748.3307266235
1259289924.8325939178
16381832.6576582640
-1125200640.0193674564
922167101352.2275390625
27505217100.8839950562
65498573.0219785720
2682162047.8015942574
377454478.6867029667
1985663837.4643521309
4054520873.9690074921
3069922.7373148566
33930691012.8073310852
1281098211.5515699387
9063.1487608018
986636255.2572402954
3372776.5223860964
4404253.2352771256
2910399926.6080222130
793450338.7358438969
1486384293.3383002281
4103977517.5263071060
557211.7763891764
132638531509.1192626953
1614559585.3810811043
-1102155618.6698820591
-318128083.7603011727
55467957039.2864761353
9795315.1827310789
11791511920.1032333374
-555655436.7298927307
-10391.9568102012
624018098.8391103745
964084.2658992703
1275479.4773798452
-1599195441.8747420311
17875.0166422169
1409519486.3726234436
1873960.4188076952
2343369.3408510182
1487219066.7383644581
-93916551.7802672684
-654353828.7063119411
62290389394.8462753296
4092478.9708210877
166787540.1918211579
-417949174.6666716933
1682.7178332357
-554956581.6465173960
860086.6182819080
1753165.3624878977
119.0000000000
693.0000000000
697.0000000000
19632138933.4083709717
629.0000000000
4796225385.0287427902
2782994635.1564407349
-2408167075.4212994576
-9270667305.8725643158
2343882399417.9697265625
674980387.3944638968
537411869691.8206787109
-694553277.8561021090
-983275908.6388881207
-661947773.1855403185
290588696255.3533325195
30647608.1142337769
70287728001.8287506104
596601009.9867941141
5047113690.8280668259
-9459398143.1296844482
3646631205264.3144531250
475080455.8566288948
87912689192.3971862793
4044516298.7711954117
19776349831.0686454773
8957648712.5491199493
5652219593076.6875000000
3000613169.8311128616
1393940399694.2419433594
3751601852.2963824272
-14508857402.6018562317
11629655465.1196403503
1239177017346.1525878906
99060999486.6502075195
158732539.4231267273
947466077.4393879175
-15376.3716366226
1317606945.9009575844
2067583.3806985486
2711164.7554741674
15095620.5968880765
-29365.3355158007
1050666749.0149922371
2754379.9063099297
3079962.2104297816
1919221829.0309808254
-9307.8240885876
178116020.3827354312
790419.5810122094
3394086.4945034026
-1533568869.7189028263
202489269.0552305281
-2322488523.1363658905
51521147771.5674896240
168863160567.3089599609
373126505.4479967356
2517713922.0381183624
-17479.6136744148
604563640.8638433218
2167167.9071601699
4764512.2906749612
1596101995.9928786755
708566452.9358408451
12573456149.4888553619
987677247701.2821044922
75519039581.0021820068
182814695.6356412470
1780289701.0941097736
-14333997121.8244304657
-511774017.4664094448
337771719939.8312988281
94643520805.3913879395
260781659.3886205256
-168558585.4434584081
402342563.9325846434
6380365285.0193901062
374109352696.4844970703
77358804535.2261505127
205644231.2771527171
1619329317.6883385181
-17885.9568760091
1652283503.1765625477
1547254.4297497305
3197743.8087660503
1503792243.1675252914
-4291152658.2299938202
5312402408.7776679993
166779476842.8595581055
151633216897.2514953613
-34443484.8093715310
-15918782786.2421569824
-33874220457.7154960632
25374281769.4891433716
8022983814191.9765625000
398018230.3738129735
684180172679.8813476562
22803069.8740654066
114430710.5091798007
5607788651.5521030426
57772262620.8107528687
10268335094.0217037201
50990500.0000025406
31373643924.9446334839
8565980671.5532770157
9554860147.8855113983
1386490770885.6064453125
4170169180879.9702148438
152582287673.1091613770
91461885521.1816101074
-2416620275.1059284210
913967682.6904283762
-26107461791.5209846497
-304513646586.8278808594
3134243490382.8764648438
892.0000000000
707.0000000000
147.0000000000
5665889407.0001792908
514.0000000000
24106484974.6739997864
234.0000000000
987.0000000000
582.0000000000
20111533987.0837516785
56412016339.8528289795
25818152324.5128936768
12127620116.1988220215
-3256422664.5371527672
1499331660177.9055175781
390076828971.8155517578
587867516988.2419433594
34286957413.2909622192
57788962.8725044802
12335682920.0026969910
29516840320.0841636658
99900833138.1514434814
-3218549606.5235133171
794080819.0594614744
-2950193044.8257737160
34175926619.6755599976
84437757314.5406494141
6378183885.2122545242
708914033.8512684107
-683923516.4849545956
21903128469.9239616394
157727956665.9654235840
1834742133.5206811428
3818.7168117734
1006390172.8831522465
2307783.0207543317
2634332.2684653709
-1398331700.5529353619
23561.9670157216
49211747.4561312050
1260098.7103071148
735103.5670431888
1427353634.3235940933
-18985.2660738149
526378133.4366380572
816359.5913731976
2032942.9207234441
3413231336.0604047775
22466305898.8164520264
-1332929442.8522527218
5082943449174.3300781250
1721696881.2569973469
413842336069.2506103516
-26101488337.3717308044
-13077750860.8043689728
-17983106688.6327667236
6155830748597.8007812500
-959402710.0274512768
72960391791.5225982666
1531408104.3496494293
-91086323.5036759079
490337818.6656582355
282398339902.7129516602
47038297941.7418670654
61075012.6829103753
-2646547635.2043242455
-7707.8853607022
2774672918.5861377716
3386062.8007181077
2098578.2514174469
-1045831760.8619552851
-4864.6800481085
-863484033.1124600172
1423603.5037625243
3155526.8604992265
388785184.3323923945
-1267654798.4194684029
-474413475.8461706638
5664288909.3545236588
7691357.1428578598
72533381864.3585662842
10792430639.0405006409
6376070460.7069196701
5687164076.6749687195
1556238666837.8303222656
5728048780.4895601273
411959604413.0935668945
13832141897.4085788727
8017909694.4352807999
1339089672.1235899925
6772100770020.1152343750
35972282256.6848068237
781210735946.8001708984
1000774653.3090286255
21077731.8219338022
1454009638.7343609333
2911484920.2067708969
-923121676.1186760664
-2748362214.9972105026
183451508667.1719055176
67760000.0000000000
51753697717.6588134766
-1060483169.8770515919
2420464519.2446556091
1426949411.1803917885
158191742.9302793741
670349298.6408107281
398497915582.8602294922
5520625.0000000000
26329592278.8054046631
145228222.9462465048
110121495.5029469877
871657063.0930765867
2177123645.3049483299
931828385.7375916243
277461404.5949231386
179148214.2300547957
636704911.4810922146
1245471932.6145017147
28671235.5180338025
-716741601.8787485361
316010224036.2285156250
-48521000.0000000000
68914685186.7105560303
-326897867.7736355662
846661961.2719309330
1037232485.2507650852
412671353918.1569824219
-53226981.6244920716
50273853926.3293380737
5081967.9963712003
4378636448.1479396820
12308982.9678461105
343493292505.2355957031
53285375.0000000000
12525547692.7760066986
-254113283.7610517144
3391870570.8144860268
-376349377.5032256842
459514765215.1040649414
66429000.0000000000
95961420712.3315582275
526302897.7247313261
70038162.2106606066
535684808.5020219088
197102722.7936429977
3941425435.2532000542
-125293544.1673798114
60161432008.7510375977
227310600.0000000000
111975958655.0332794189
4358977076.7735071182
-32511.6252432133
-197050421.2095496058
703980.6944524527
1629085.9134769163
-269260396.2215869427
26758.5088823180
3081737433.9040541649
6494186.0698971041
8939229.4191873595
187866253951.3069763184
-5954786578.9409275055
-1654937033.9750757217
11168683731.7910823822
-440942499055.6372070312
1476709645665.5217285156
1233267024.3451406956
580952009.6579689980
2611132855.7117557526
29971016341.5145187378
48183235.2941867784
90038434366.0619506836
1781906431.7006840706
-140253.8728768167
-977514008.5741883516
3365811.8843967742
10809766.0307510458
455745970.0942136049
-11249.1688225716
-676974148.7474924326
582066.5190170335
653712.2407494227
2234226610.1976442337
-11516.3952158494
2507357662.6981940269
2782705.5736203254
4764799.7366082408
3111934326.8124728203
-1236638045.3314464092
6643780773.8498153687
85806807962.1112823486
20949104.7338701189
28298422508.0546722412
2076752538.2317602634
15115.2149425017
1417745417.4231038094
3303941.9998373431
3555376.6223759954
364716998.1535462141
-4961860.6007431103
2502200053.9405479431
220763487996.6702880859
6045640001.8834257126
25762933.2966449447
5270112502.3772220612
-5269727.3900402337
1837014565.1736752987
223112249170.0752868652
10693802153.5309524536
89036793.9286616594
515347960.8719494343
-20777.9979170286
1174860601.5065474510
455504.8900812598
3613513.7800265336
-18312910.9971708469
-454457314.3553597331
-1738740253.6359462738
47542774865.3093719482
6013621.1266468205
5095529513.1222066879
606633467.3147819042
1907.2027394050
758005680.4871042967
1082453.4843169099
1901323.5616733723
853.0000000000
817.0000000000
552.0000000000
443446809420.3751831055
561.0000000000
9593865371.7327651978
-60506696825.7636566162
46757671721.0023803711
35758833927.5587463379
2573962765100.8730468750
-2031926155.9185004234
543532426395.2135009766
-177943687.9329555035
-307382536.4241240025
8172640207.4971866608
2885222456500.8637695312
169421351055.0161437988
-71630292.9837635607
819891812.8295780420
-34402.2752479683
-905576961.1668810844
6322007.5019901674
1424136.1882004668
1275364570.0444087982
-2722913218.0112371445
8739521735.4145755768
713680956169.5905761719
98680859185.6895751953
50377980.7980087847
-100242919.7208047956
-424249402.1791118383
686631467.4738224745
679513860756.8254394531
24643882698.6775627136
132793627.2571227998
8090904033.4099903107
30021831157.5689697266
5958187304.9737663269
4985435078714.3095703125
4063530862.2479906082
1285191676597.4416503906
2919627878.6236557961
-927278978.9120664597
-3337595700.1845302582
173030133855.8251342773
9531108318.3372173309
9491050.1419179719
698.0000000000
950.0000000000
797.0000000000
54492017404.0467987061
460.0000000000
927.0000000000
373316111609.7698974609
3455177000.4839234352
12207106869.6679039001
235942125540.9320678711
-4056159080938.6396484375
2496755828093.5175781250
-22964762944.0875167847
378171040.7263277769
4083423230.7323851585
35051633799.4355545044
147815236082.0061645508
2829985464.6272382736
326183171.6922326684
4073306429.1002912521
95769429933.6711273193
-7978220.6877792180
221487192337.5345458984
691133794.4825853109
341443464.1997755170
-2098103674.5831687450
360401462045.0105590820
5147637967.1182031631
42825584942.0087814331
5838855780.3813600540
288267410.8863567710
5596192279.5747022629
190962203015.1475830078
162017663140.4996948242
181.0000000000
182.0000000000
697.0000000000
130655480227.3830261230
3883372550.4110875130
168343927694.6362609863
875.0000000000
474.0000000000
516.0000000000
36605828417.5836029053
974.0000000000
39994443816.8391036987
602.0000000000
193.0000000000
224.0000000000
20392892799.5549087524
132024829416.1863861084
5627663319.4756317139
-304384465.8345742822
10989782927.3181533813
140080807959.8232421875
57029779535.6470718384
-723803171.6491401196
2110700316.1407225132
17463934406.4461021423
102760928691.7404937744
183166606448.1144409180
461.0000000000
356.0000000000
207.0000000000
96004791254.3720550537
84385377486.0590057373
129.0000000000
504.0000000000
331.0000000000
1197064868154.7416992188
135566870163.4141998291
40.0000000000
-8310354652.6773271561
232543108.5559458435
12361471453.6058044434
139448993421.9506835938
340628104775.3087158203
335445709.3267459869
29249992198.0723266602
-24651865300.0806007385
364432161604.8095703125
612804378376.4505615234
1346882226955.3891601562
-2725132613.5354752541
-184455168.0063816309
3782048322.5841827393
230781735814.2222290039
480044597478.9933471680
-742095455.3042727709
39476798.8098336235
3451285250.3271150589
76166469210.0571136475
281676495152.4902343750
5359860434.9985437393
341997966.7445015907
6689632264.8493099213
1813836833.3999538422
450464347152.7449951172
365042971.0144709945
1187817846380.3654785156
-1088285693.2041988373
-10449377299.4236869812
5223389708.1583042145
2713689182007.9101562500
636216792.5478256941
1583415408239.4589843750
15032409733.3738327026
-17686978582.9295196533
-11428463679.6786689758
454122275461.3083496094
-2896529210.9500060081
1548775857168.3125000000
-17111204935.7024440765
75724469778.7161560059
-11921524135.3468055725
6012942634660.1298828125
1252088930.5806081295
1149370673696.9548339844
-110933047.8240046352
3029179812.8640465736
-28487924083.8661956787
471368401363.4587402344
-131345033384.7262268066
1193995657398.3422851562
1151454769.7934327126
-687000585.2660173178
-49163429.8910589367
855281988.2630343437
2020472463.8201181889
1369284740.9739539623
1810688640.9331619740
6685448223.7178821564
68244000.0000000000
15653578184.3383979797
1911254517.6719362736
-149617937.9568980038
-90550947.1550440192
43295692626.7076797485
-1303076.9230768781
5225985867.6451721191
75596529.9097943902
6130698966.4278993607
8978930.5985538587
98561787580.5271759033
148273125.0000000000
450056313551.2593994141
608801210.6081197262
3321744415.5256686211
1617127873.7406671047
2215175924.5155415535
261728589.3263520002
846627325.1622719765
60510933.5524784997
138107268860.2464599609
368868500.0000000000
542314965585.2904663086
2523123901.3546113968
-353175298.9520629048
-1450922187.3084015846
217398413071.6046142578
35574000.0000000000
10028155264.9992599487
628495358.6666353941
25105528.0126077905
-241154977.6653312743
709985651.5068778992
2721005665.4833526611
847714419.6992332935
745969230.7691839933
2402606226.5541095734
30967470010.3223114014
16614230.7692302186
9315608797.1980800629
1921349568.9658410549
10119700471.6990509033
1255517543.0056319237
1086971621592.1766357422
607354046.1214939356
46357351290.6322784424
708809858.2340413332
-3369737222.9827351570
1126086180.0021514893
258930136096.9424133301
-85017625.0000000000
60786729472.2806777954
745035066.5603172779
253973076.9234820902
1004856943.1784975529
61685149206.0519409180
-20579307.6923079379
35511759810.6675720215
138423299.9044870734
-79424889.2539827973
1603043582.3101515770
6091809108.1429195404
346967477.9378169179
19944485.9865991995
7121467638.6682500839
36170262.0904209986
191506162908.4874572754
579220150.9433765411
1143286340057.1791992188
2899583089.5426573753
166925375.7024596632
2565046463.5102968216
14301224647.3649215698
32922352.9411775991
153484578042.4777832031
3974184904.7034668922
-9622.3384094662
-1849366351.7215795517
4774118.6436097315
4454981.3714280901
-1694573035.7956781387
-63675.5002902842
240668377.5761233866
2408994.7414928237
3595353.6157478034
317777173.6999669671
3121.2832103324
394445107.0256646872
3260255.8844944481
1438967.4858754852
918099741.0647920370
634.4509814049
764621900.9205602407
2816117.5006571370
1005365.7185389007
140095172.6587592363
-9312.2354415286
2790636299.7885928154
2238504.3334686882
1232080.2103562064
-191580588.0524034202
10795.5062643020
426539428.2823061943
3222984.7792429286
3316334.6596444915
-177820752.8366245925
8162000.2431827681
4323295318.6708955765
417257565709.7247924805
31770661251.9948310852
13501397.6499284524
-340454529.1298257709
-5555.7910552096
-181226135.3381471932
844123.3858667768
3153420.8479986279
977009791.5525805950
35643515.2557421103
-322892962.9624615312
80562561051.2852935791
1580045.3514742095
4764235822.8534164429
9462193.0059216600
4946999378.7396001816
281893740.8564779758
2173107346212.0170898438
73018897.6622080058
251589671039.6236877441
1358816248.0227775574
62477633.5063611418
616143047.6784756184
194914302671.1059570312
39210248.3269717172
4243357896.8702063560
646137875.6490293741
1410610007.6502654552
-10829077074.8385238647
35478993097.8137741089
226489533.2577517927
20877038081.8302955627
596.0000000000
474.0000000000
472.0000000000
55775578128.4828338623
412.0000000000
218969950395.6959838867
349.0000000000
107.0000000000
930.0000000000
1813608449046.7973632812
831.0000000000
185441350699.5583801270
966.0000000000
409.0000000000
125.0000000000
116634840173.3585968018
731.0000000000
8814203200.6364059448
-59034913838.8412017822
-11409514366.5707263947
35819887903.0872421265
178774193736.8860473633
-3444493294.4646282196
1413848398324.4631347656
-508361441.7020578384
-11993.7480972082
553302897.8077917099
1653523.3507701554
7421679.0654535983
-1087482535.4649081230
-1467846012.6315188408
521509381.7039774656
4575483801491.8662109375
953821911.7430310249
316765960594.3902587891
134775889.0730054379
-754740002.1862539053
571940160.3984693289
121517492329.6267089844
-106509752.8279279619
67418660459.4752655029
332495417.6551222205
2312758392.4286932945
4353936.9085362945
186314380416.7998046875
57760826.0325361416
20419024929.8453521729
-5395698095.5611572266
7671081405.5474882126
1744279778.0707733631
126514222794.8557586670
49222852.8311819956
742375050562.9182128906
1886825336.4556908607
-409956556.0350235105
341298672.4943263531
110773135651.2489471436
-438715.0604923153
17074397402.1152019501
1346110126.6737501621
938870161.8424259424
4589695.7931151800
52514876350.9898452759
11867072.8211182524
92625686435.1722259521
46860472364.1121826172
12311371803.0455093384
1238003957.6086959839
141371181315.1877136230
-14359479689.6528377533
2035915073731.5817871094
532.0000000000
544.0000000000
67.0000000000
312311318174.6734008789
230.0000000000
625.0000000000
7382629826.4673805237
899181636.0034880638
1916916148.6753332615
396126852097.4436035156
125744776.1194005013
148047999841.2017211914
140752585.0951708555
2426792711.5240550041
7837151115.3609409332
60498415283.8340911865
43289959.0163917989
139972573970.6236877441
27872782.7296049371
116865868.5450782478
5672779501.3534555435
289931649220.9316406250
148709260178.9794311523
170574660.6335291862
7804105930.7408399582
9134839102.8134956360
2632050264.9350519180
53446750363.4238433838
284341791.0447704792
75999962556.0486907959
27617243831.2369422913
-4304262371.7543020248
13549997174.7814598083
206574704515.2594299316
-15151764.7058831975
191861164736.7346801758
5529196054.2572231293
-1881527809.6706128120
12072445412.2400302887
182404326861.2685241699
94184020130.7271118164
25961905732.1936950684
-889209060.9991751909
3657502931.6869826317
55558315552.9430389404
179081095994.7036437988
537.0000000000
111.0000000000
379.0000000000
46414875254.0318984985
458.0000000000
29591264789.3376007080
5926946095.6001968384
2550934466.2179470062
14454763444.3774967194
189175493191.7801818848
185975372799.1466674805
-3971051183.2851948738
797216973.4725130796
3267173142.9551706314
86927338465.0757141113
109078363164.5175323486
-10365352841.6576671600
8395402120.3077793121
2794043735.6854295731
797105638450.8009033203
-291796364.6798540354
1591919165265.9030761719
-2063769069.1280529499
23066621554.2661666870
6577798829.7601299286
462535383195.0541992188
2635955193.7000403404
1286516303983.2763671875
827.0000000000
182.0000000000
960.0000000000
252944089804.3256835938
343.0000000000
420279015283.6256103516
2989004177.1526651382
-1969430066.9216468334
3260666163.2772245407
237241147475.0522460938
34481176.4705759957
581375803223.7753906250
23641268956.7471466064
-130232979.7355628163
34417243607.9978485107
198043583127.9277343750
92080172347.9921112061
8533497848.6110210419
-793066223.6538484097
613653817.5814901590
133144181446.3328704834
29729375458.6824302673
-5348710359.9298858643
11235534110.7821140289
13289883915.6672458649
1763700262362.0366210938
52065706131.2702941895
1608080661690.4470214844
14976918919.0937805176
90889014.6741181016
15842804387.4984149933
140066896297.1900939941
-3150377880.5021615028
28471763178.4983100891
-742689778.6110800505
-10353410208.0510730743
314042213259.7642822266
174386260519.0139160156
278685857.1081677079
2423973015.4970154762
-74077840468.8372039795
1483681751300.3867187500
-530546100920.3928222656
158616864954.7462768555
-3694434495.3363943100
-90244113.7044401169
15413816738.0797748566
215881237623.9492797852
125008396671.9940948486
19711385029.9818878174
-1042105189.4948345423
-11701366013.3007297516
103593603095.8287353516
156132184126.1282958984
350769437.0967180133
35450377922.9902496338
521768326.0756446123
297514846917.6812744141
8824707616.0234203339
3863635623925.4682617188
-1114920456.1076440811
57791998550.7247009277
3170935482.8958840370
1402704657556.9052734375
3674822608.6959638596
2775929313293.0795898438
9758934181.7897605896
30404494.9489440024
9503025607.9650287628
10568530873.4988765717
66226299840.4360809326
3991421021.7962241173
-451817320.4175166488
22747480179.1115150452
151705249862.2855834961
8903829289.0182933807
14431572698.9625205994
1983850576.3386070728
-17124334711.1297473907
800486516340.7171630859
-20945965123.8116760254
1071883703264.7735595703
-7552850275.3461093903
14980309794.5163345337
6442616849.2780075073
475090131746.4797973633
258814323.6713776886
1006386082645.3985595703
4647152324.1118268967
15622013558.6245212555
34674500054.6702194214
1032999018017.0885009766
955808184.2814704180
802406851780.2609863281
-3864239497.3073740005
11628110849.0581493378
2488607380.7725143433
166194247518.5419006348
449777547.1696807146
561878541177.3690185547
4267758760.2616243362
-1544675634.0425479412
-222271369.0974157453
72180368940.9737854004
-84700000.0000000000
472895558681.9371948242
-96890713.8004927486
-135916971.8875055909
3149680745.1527318954
174145889.2701520920
1373124014.0563583374
7807975.1012207996
17410555097.5166168213
2752750.0000000000
105255683112.4773254395
2969895532.3857536316
1145717970.0412788391
-1300344527.1174795628
207550054402.1955261230
102025000.0000000000
485399538727.5870361328
-1183606305.8865296841
179876916.5903952122
-211565368.9362101555
262547604.2458206117
289718790.0778943896
7058431.0257393597
80746435489.3992767334
37822931.0344884992
259102358053.5204162598
213643978.2007916868
487498905.4423159361
-499280938.2059417367
164224597.2760680020
-25439558.1406881809
59812069473.7726593018
57959775.6410343945
50732987751.6769332886
45293648.9601112306
5831207911.9107980728
-772522185.1983761787
129936667811.8361663818
163384537.9777134955
152787179210.4850158691
225480889.1423750222
485577789.4216669798
19762677.3998354375
157494114755.3611145020
480010781.2499720454
516713428244.3960571289
1454605769.4549362659
-2949712116.9061779976
1681091053.2440922260
203438554342.8528747559
92518461.5384705812
332707939236.9978027344
1167727845.5249991417
3764643211.7309293747
12624821826.2820682526
1937906581.7852313519
-2395878690.4378042221
263422276916.4449768066
63383833.3332934454
922417370481.4013671875
-34551319.4874513149
230603936.9746603668
-1271117584.3831052780
6594375047.8108301163
19147549.0196085013
136302341357.2164459229
-429528688.9124197364
-20635.3654967603
882951328.2362189293
1915386.9705602301
475885.4649234393
237412441.0273393989
-18531.6943511857
1156704466.2000925541
2708866.3384977574
760982.9548160216
1352525821.2829620838
31.7643849914
2427169460.1821975708
472760.7093899197
1438125.2214567331
746459657.1385312080
-7641.1970363095
2240039996.3944511414
1615425.1307446454
659770.4960718188
729948913.7773474455
1191781396.3824265003
-890739244.6687353849
64826936699.2999954224
107848245.6812519133
544724310306.3732910156
-974015086.0675266981
-1139837776.4049410820
4119450300.5501689911
67995288743.8126678467
150761728667.0850219727
775683917127.0943603516
935082850.1401200294
1416617831.1700379848
19067433.2596428022
67355703909.5967636108
167205113.6886424124
153148497854.5975952148
15677813855.7848892212
-60385958613.9120025635
-8790090243.4928550720
-45917704609.6930999756
126261003413.8207550049
2598479134274.7368164062
547092081.4230388403
14559675497.1113395691
306537076.1747291684
239288568168.3787231445
766168943.3354187012
415637215227.5863037109
6390140665.1762847900
1434876747.8587586880
-47273523.0691579655
70115467994.6169891357
9718432.6195188574
425897695091.1016845703
-3629896818.4697403908
17616116.1161477454
109841417.8682361990
-46016896.1201460958
105041922674.6081695557
59561840673.1746673584
-668090967.7930585146
1333678902.3469696045
301361761.5310572982
18209478410.0696220398
14459150.9951778594
159374064378.2800903320
486146470.5086479187
3057260871.2904238701
6568611633.1988000870
436349428461.2540893555
131783941084.1150970459
136885324.0740410089
-830027625.8092831373
3069223902.2743873596
4277173395.6158638000
78534104741.2746582031
-117471563.1417708844
143107909093.8511047363
809720392.6908434629
5681760669.8417968750
-2250075159.2539706230
376359798027.3807983398
-57324939538.2996673584
360667576801.9834594727
831.0000000000
625.0000000000
346.0000000000
75014801054.6560058594
774.0000000000
282389958526.6893310547
363.0000000000
437.0000000000
862.0000000000
5031408140.2391500473
220.0000000000
70436452254.1481170654
25824576002.8116836548
6080918728.9129896164
301269558.3717300296
57089222.6148473993
23564283569.2799377441
1959243064973.7402343750
7244839857.6535701752
-190673199.1899578273
714285349.5034406185
400061837.4558345079
218744889985.6511840820
724063183942.0184326172
43531915.9718006477
2781052260.0954899788
11357146495.7512989044
102864286075.8277282715
116090339.8926663101
41245168530.2189941406
742.0000000000
542.0000000000
699.0000000000
174033736303.6348266602
403.0000000000
27836640127.6691703796
-15416919921.3835239410
30750323407.0976791382
12181078560.7732276917
658026465072.1351318359
120127722.0058768988
424259170166.1689453125
643792684.3304133415
3332636146.5875368118
11540628567.5540256500
618068621753.5278320312
1006155692522.2021484375
32963423119.0910072327
7954313930.7374820709
-10140915527.3879966736
4442296022.2297954559
686923268046.2167968750
24455422.2405305170
73691348883.4384002686
13537331573.6302642822
3924403480.3546996117
121173135.2181641012
111344228.5041349977
11439359321.9921417236
1251437267789.5180664062
2911939438.9062595367
631709014.8044564724
209367203.0155919790
371007067.1378129721
335862370832.3465576172
197235558934.3872070312
-16765665059.5521316528
-522107278.0053910613
-2712520951.3584246635
112611970536.0487213135
13431862.7450978998
511380530362.0628662109
2560591893.9495148659
35288530.7654032409
5407948784.0076684952
33610306208.0372314453
18380966223.3866958618
8062283782.3598594666
-1295205629.5072147846
8128351313.4715909958
101218216525.9753570557
13336477934.1679096222
10092683116.2974472046
3282380151.2518234253
8176461412.1105546951
228502262189.1110534668
44414779.4117474928
340220959871.2060546875
15312152118.7720642090
374902689.8175243139
12495760811.7365531921
82607544860.4689331055
79797980038.7448272705
-5819800453.2696475983
1294878937.2857229710
10805943762.3325958252
97207710362.1696777344
55111541587.7376022339
-8281836991.6692113876
758588705.7884755135
10585892822.3614158630
35382330930.9656295776
25176679484.0713119507
-7471093228.1296043396
63058216171.2689971924
2701107559.9597396851
1372673975021.1398925781
5613345306.5153102875
5590073428402.5644531250
115246457.3601281047
1104921856.7007596493
-13100598173.3677692413
2095460265651.2268066406
475991920347.7186279297
214949216392.0877685547
477.0000000000
397.0000000000
664.0000000000
265744340773.5214843750
937.0000000000
97873195340.0223999023
9788202933.5120601654
-60927951.6512181610
4646002104.7147941589
40386558730.7915954590
8178140178.6804370880
29397217.9168585241
2761418.0519846380
3423990120.2314553261
32572760681.1539421082
58160668636.0604095459
-7262293668.9684257507
-362280083.2855370641
6195891650.1380281448
304828258448.3049926758
141391428588.2666320801
-1373529831.7778441906
1105707255.3577392101
3745191003.5207095146
138087316349.0763854980
87791937994.5237731934
2069905663.2408673763
-51597939852.2690277100
28305829363.0716857910
1803525346011.0178222656
267442943333.4332275391
1742718797055.7001953125
2874131422.8497228622
-448457440.1228576899
6215837174.4465894699
128273190718.8322601318
33999705216.9948883057
2819217883.3837194443
-1495807182.1492011547
-1184467067.3507452011
228638270713.5354309082
12796750471.8118038177
2380270228.6319999695
122974551.9713100046
2796994022.3434500694
1364900731978.1032714844
1103754982.0787489414
44879657906.0540008545
1341145395.6085052490
1145103977.1387929916
-4327076529.1856327057
281121994283.7051391602
-7675171759.1532583237
1183837831936.9702148438
-1624270639.2445085049
18532863129.5420875549
-2437355391.7498869896
1742891051535.3793945312
4880587811.5202970505
1432729900837.8015136719
573574653.8220999241
84779893.3555728048
-663667967.8947256804
630710314.2988479137
842160000.0000000000
5761092931.4441576004
46649281427.4139328003
90145000.0000000000
244593042346.4537353516
191530504.7222498953
4220966202.6027994156
9374504.0709760003
51511489987.7683334351
142553125.0000000000
344980518014.3522338867
2710363914.7211036682
3577585000.0000000000
2263755515.4376878738
46021422475.7433547974
154305250.0000000000
329065601599.5270996094
63038043.2783043981
78499901.2551600039
2061302572.3712937832
1568567283.9189600945
693193279.9451712370
627545992.5391860008
140035522855.8654785156
26351111.1111119986
54968284019.5572204590
842440547.7480295897
-63921348.1649159864
2713604047.8309540749
4889409951.2802534103
909007364.6025134325
517319135.2672024965
161257978511.6506042480
-128108750.0000120997
628001382989.8482666016
-780068906.1866328716
-70649911.1296440065
-343362158.1625406742
251817056.9942044318
6989858167.9854164124
15580100.1723570395
64479391064.7979125977
530477864.5833024383
104060099115.2685852051
1848234332.5416359901
11918221751.4132404327
1942177886.7967350483
842867932270.6719970703
1142464453.8605749607
1412554840684.0256347656
3188288598.8448529243
-2258811871.2870187759
4551215415.2380037308
220440487596.0269470215
-176855364.5833884776
705385874514.2210693359
148211884.6745522916
111694145.2144847959
-889337011.0667864084
215529871.5448724926
3627088219.3325257301
15266349.6025492512
47756362700.7509536743
197986250.0000186861
61733588583.8499069214
-57008012.3621608987
113825104.5932740718
1016052346.8184231520
25157649411.6747627258
30350294.1176480986
53899943218.3472595215
415511574.0126474500
-13485.4010186052
-697877650.9528838396
672673.2726279020
1084140.1260016707
164156618.3239861131
-18967.2189524905
960982755.0272591114
2559061.0954078822
2072458.6365363395
-649703923.9135179520
-2010249800.2593195438
2898844757.5129122734
193678734626.1395874023
-313738166.2809963226
850939727709.6988525391
-788468224.2890712023
2077057160.8611342907
-3883009599.3180212975
157493284343.8309326172
540985498122.2912597656
-711719915.2350159883
1715554376.2997639179
22598004042.1919403076
1398032595.4858369827
38775930489.2683410645
263589.5429920519
1335595219135.7094726562
-897588192.8148709536
9267515871.8730316162
359434768.0209322572
532046486183.1471557617
1089353848.7792370319
1109054983838.2375488281
4860292235.7923555374
4752817858.3126754761
-5598466073.4337902069
129108265015.0913543701
-373734432.7966104746
711539232156.2766113281
-398393919.2978196740
-114906233.0107548237
-525832151.1754548550
830065050.4526399374
10283654229.9141674042
1660789490.4618284702
145821867139.0080871582
697976400.0000000000
292188162257.1455688477
635242540.2861825228
6277255532.3701868057
128082429.2157419920
49058816457.3621826172
480141972.8300784826
458460415210.3410034180
-1161571600.0067479610
14577212499.9975605011
6217787829.5209989548
511964383722.8262939453
369917777.7778300047
18757458538.9013595581
-5535313993.9590063095
4332600000.0015592575
5899001177.6463069916
188724421045.2775268555
-151778000.0000000000
1173461038851.7854003906
931792411.7032411098
11206720436.5515384674
1248055966.3756561279
287427527713.0189208984
17980432807.7476005554
343762090120.0957641602
1455139897.0039505959
6992817924.9402570724
334916014.9932580590
104782068365.2748107910
291024352.6443284750
297907031113.7872314453
1542387098.5773475170
1073413092.9199049473
705483918.2379500866
59071621560.0817184448
-813839199.4269876480
513410871165.7430419922
1664554769.3533666134
764982942.8621381521
1411385652.6317467690
5057965055.7850341797
-4792946.7680609999
72834745395.4049987793
893793875.2605499029
1835689062.2512595654
463308.0126531087
13849233909.0591583252
35111121.6730049998
41815999632.6147460938
1483478135.5801815987
4525323070.5164947510
11041596.7315239999
51204054374.2485275269
20684169.7289304025
159738169489.9752197266
12665980565.3721313477
-24678438002.1987533569
489848350.3841273785
268440812.7208380103
229501329672.2116394043
1758241574886.3742675781
1786182877.9065039158
1539863923.9836971760
-7966568.3253010549
71494847714.5733337402
104699157.6782843918
75392363678.8721466064
-2435149285.1406297684
-12340804908.8394107819
4542804652.3191118240
-55874558.3038875237
149473349719.0464782715
27889552811.1319389343
-1711212557.6359164715
10477116885.7594890594
6694184089.3908662796
614041385115.7834472656
50452790.7434871942
276886515846.2819213867
-1108218646.7251710892
1762625140.7171556950
11011811178.6930923462
287782974018.2091064453
237116670.0491563082
183654628002.8863830566
4302286574.5294418335
14090743656.5142345428
1104575746.5418300629
1237226788910.4536132812
18159626706.4631996155
355846443660.2383422852
397.0000000000
516.0000000000
759.0000000000
476916181615.4364013672
697.0000000000
539372762788.3844604492
154.0000000000
898.0000000000
816.0000000000
449774610303.9887695312
225.0000000000
359229278257.7519531250
11331740865.1698856354
14827967025.5137767792
-3789855742.8781361580
292116383047.1619262695
53691009123.1509246826
1253365193689.3500976562
581.0000000000
861.0000000000
92.0000000000
237611404987.6138000488
878.0000000000
242710043190.9888305664
1929280882.5181725025
311868699.7585870624
1455196338.6238539219
424085406574.1534423828
110090550.5551459938
37552912489.0101470947
12667068051.8786487579
11469574193.8170108795
10316850.0841697026
115154523965.6265869141
55162796387.7806167603
617455816773.2674560547
6226289752.6507215500
-10746312395.8963413239
526044513.0868305564
484651060.0706522465
21985480853.3884391785
542838057928.1646118164
4510722219.4236297607
-5383150830.5876407623
7685987643.0619115829
-365643109.5406397581
199006914181.7765502930
633830038458.2451171875
12245209518.5740413666
3423697.1172330501
10839323294.4368915558
92119915016.2488555908
19635383201.9466781616
14253427251.9592227936
117398012.7151337266
2595482049.6174101830
156730674527.3994750977
110575692776.7383880615
-5814679316.8742074966
2973783760.2951774597
13452325967.9865303040
116740434300.3674621582
30859509.8039215058
420523489737.0518188477
7272308877.4697608948
651514310.5623823404
3247706536.2043719292
119803518974.8538360596
108632527768.1659088135
9625571046.0078582764
-1368626601.5068018436
6181545258.8292446136
123569101737.5301055908
65096249233.6443023682
566.0000000000
865.0000000000
268.0000000000
40222571943.8718032837
879.0000000000
120676876719.0174102783
22454118668.8033981323
1820718824.2102036476
17331210252.1901245117
98077544886.4629364014
292110396498.2811279297
2635140310.8080730438
1103940241.8644526005
-3513452427.1646828651
185024466745.1656494141
148384622622.0613403320
20588023332.3821907043
-568272181.1069853306
12961493480.3612804413
378776509396.1168212891
203393774075.1445617676
-70640335378.0944366455
-15636965513.3927307129
41709685588.7229690552
2376714064748.5058593750
-30198659106.3663864136
-1290428644146.6372070312
3047552933.9011111259
3348567081.4039030075
14547571994.0712261200
116153876359.7958679199
149823570452.9868774414
-8296185011.5132913589
1056838603.1589398384
9658417247.9215679169
80130230314.6805725098
68062611237.3685607910
820.0000000000
336.0000000000
229.0000000000
411399293907.7584228516
909.0000000000
213857258520.2620239258
-13587680582.9840660095
37278968521.9223861694
48734054991.6762161255
1782132084785.4052734375
148389058869.5772399902
1622036405143.0734863281
-4651912031.5102624893
-5715659005.5144433975
4037801762.2063140869
395819409619.5025024414
-406203703.7037392855
1427306904447.9587402344
327.0000000000
982.0000000000
560.0000000000
192856600460.4968261719
116.0000000000
30839225294.0759849548
798332082.6444382668
16702943865.5982456207
-1812912597.9768016338
678329504696.4143066406
35632990726.2469177246
1890513969380.3437500000
-18352762387.8129310608
-8274495731.7084732056
26802566251.0257110596
1376301534798.4890136719
-1091046178.8620088100
1430288281443.7890625000
2101209055.0113961697
61568691666.6673812866
5105515367.6581621170
769496934103.8687744141
2371245555.5556721687
2311528974052.3129882812
1851111031.3282034397
646765854.9443849325
2205235391.7197647095
20425010705.4661636353
7744000.0000000000
367836228874.2213745117
52153846.3562934026
3681702712.1292815208
9510187.6825296003
5564095743.4783000946
186400500.0000000000
150049293348.9339599609
-540625446.6454117298
1955338465.6754963398
2826101632.0045814514
31010849794.9308815002
79739000.0000000000
360766987441.5502319336
-182144338.0559559762
181222629.1833407879
-1747510897.0750420094
2189409121.8389716148
-1950329845.9580197334
-881982427.4365246296
126384751489.4957885742
105124800.0000000000
738106500978.0758056641
2733216671.6610002518
145211454.8651497066
3383493815.1805353165
22756852841.6388816833
-23958000.0000000000
235170396371.4185791016
-1089758953.8677763939
-11214271.6078800075
1123639205.2188630104
191137949.1909120083
132148196.5220815986
3584888.1739816200
2818081118.8155922890
265232000.0000273883
234042296674.6703796387
243087774.1176554561
106759865.7070176005
1731147532.2067441940
20560402.4267678708
1197168383.2547118664
4252367143.9919514656
726571091.0967487097
152699250.0000000000
12795344188.0174579620
156615873.7001971602
-154084091.8922712207
2880355031.0237183571
1529383946.5141651630
307719612.9202272296
-649296358.9379279613
892189565.2510576248
689620000.0000412464
-750603329.6035137177
126385845148.4295043945
-45879166.6666710153
474328559852.8679809570
-57345633.6165340096
2639134987.8789558411
11554369.5909090787
279015562708.5803222656
47599635.4166639000
707510079580.6190185547
1261483451.3193299770
204548314.1277312040
2586122179.1094665527
1158097749.3222696781
-3697145282.4874448776
2379480698.4223074913
444923306827.0690917969
209328184.1454073787
294370420780.4935302734
-293168895.3180908561
-175615493.3794007897
3085030436.0337405205
627181227.8289504051
13681198524.5526733398
85444361.5475520045
439143912489.7324218750
586335749.9999786615
1231056964383.3310546875
565120220.2661975622
8351471302.1930007935
-887628950.9409521818
344419758910.7702636719
417486483.7184568048
79590804313.2093963623
-221915232.7581048012
1883972689.6430308819
5335993765.6646680832
144763820517.7845153809
81170833.3333410025
408949130539.0426025391
140598976.6006866693
-1445299055.0651903152
91025165.8971839994
37595988633.1169815063
1801033843.9831998348
1292877334244.8718261719
1385149443.2548739910
1711250043129.4096679688
21545950379.7669372559
-7658258683.2893543243
2460273143.4047250748
502224759086.4835205078
2006127666.6034822464
219761647417.6912231445
1522246930.3119721413
-5005546012.5035648346
-171368003.8603788614
134842988514.0562438965
179256959.4878807366
545007740257.1195068359
-97725115.7043534368
-40331326.8183444291
3178400507.1424946785
3066739562.0121941566
6550408583.0905799866
9009944901.3036918640
617716387516.8449707031
815933333.3330816031
290774677916.6493530273
-11310508817.0553855896
-3875292589.7973761559
2141407198.5159454346
607711768920.9233398438
1318557230.6441693306
1101624263407.6901855469
-199681398.5023421049
20677264642.6005935669
653167600.1109410524
381984510089.4935913086
-57774605.3751811609
177448085558.3035278320
4708910230.5854206085
-2442674963.7834539413
-2668941979.4486136436
655170590220.8242187500
427183564.3425406814
794324805690.2851562500
-238625839.2167451680
-768968173.5343259573
-306899640.8486942053
306298611337.6839599609
87728638.0061536133
117602486166.0407409668
-181146717.7920361161
-333233180.5070332885
1191685771.7464714050
33449673520.9759559631
32632560.1048014276
195040202468.7817077637
576252901.3309249878
-2501771504.8032612801
2585413946.9037737846
35352519293.9174423218
-30495934.2926027440
54429462401.7812042236
-162664732.2776449621
-22365275214.4869384766
4984665145.2032337189
155477031.8020983040
135979348491.6968078613
902540473438.2922363281
13461295138.2401027679
4414113945.7025089264
-8297870180.0955810547
899581075453.9744873047
36562123478.1938247681
3991552099249.1406250000
-521664256.3352149725
3350192813.9451198578
2455303281.0904827118
59649661145.4495162964
49232249.1496689990
12702158529.3132610321
14989823321.5525608063
1087222008.4351983070
2804419842.3706121445
-78224381.6254424900
92334263009.8755645752
219576102683.5708007812
3845669287.3379592896
13654726321.8111972809
4975664565.5419521332
742982557384.3477783203
-6898552929.8844804764
851994995793.4187011719
36416382159.7015304565
6706711370.3263273239
1224752264.8835959435
6831122236.5052728653
298560819318.0073242188
9238699459954.7128906250
776.0000000000
10.0000000000
942.0000000000
115457041873.7024993896
73.0000000000
326277061850.4544067383
6884182855.6610107422
-158485654979.4718933105
7290368702.0188293457
429573534374.0963134766
-10298102171.6551856995
115504362826.7780914307
17920659842.5789833069
-6727606959.8200387955
-1113985593.3978607655
1226186959079.1904296875
5916303668.8687009811
253940918844.2529296875
7469015360.6944875717
-4987118051.7881088257
324004924.8057274222
100007361.6018268019
155081417941.9959411621
1773382269319.1315917969
15186572438.1594314575
-9853137438.6666698456
2520928170.7344803810
147508833.9222629964
341328718409.6961669922
87839754204.0530090332
5540167049.6108484268
462542947.8851061463
4690140054.3573904037
647476190476.1142578125
51875211.3008632958
37734246360.6045837402
5996581522.4456453323
-1209789678.3397479057
8122415975.6146545410
51871982504.8684616089
79377550991.8498229980
1587887209.6049735546
-1851541422.4848084450
24308836695.8831863403
249463941402.4276733398
138466660219.3413391113
10439582501.9203796387
-1233938888.6089963913
-527812015.6755058765
263247072041.2789916992
86975424.8365679979
375863980017.4426879883
613.0000000000
815.0000000000
485.0000000000
18805418758.1447982788
661.0000000000
49276086956.5058364868
-4147947171.8282976151
11100737636.9620876312
-6040535052.0427951813
1229312250770.1752929688
232298861327.4391479492
1537746442546.8923339844
-21305566059.9088592529
29326480850.4037818909
12947897298.2476539612
1291341539243.7490234375
73319775388.3759765625
2667805001366.8066406250
-24524809717.0879364014
-32759843085.3488349915
1755143058.5572307110
224474150946.7717895508
-20815923590.7199211121
327511887027.3680419922
1663024500.2324309349
6529566904.2480001450
2267688851.8821582794
1493156864980.9182128906
2506453061.3134317398
681359875713.4650878906
641667917.0221480131
8445812466.5061283112
-797730886.6786401272
210918279362.8514099121
431747123.5092437863
46892252255.0601806641
31466185989.1144790649
257024227.8801310062
7876911858.4741201401
57855678029.3820724487
5954004740.4695911407
930761501297.1184082031
318826213.7439240217
17862714963.4160003662
117874140.6759995222
957618005575.0925292969
1804012643.6781959534
543116720270.4496459961
-7627071400.2714290619
5250507688.5515136719
-2389756534.6929936409
2012339826798.8698730469
368311746351.4375000000
163821008914.3553161621
-10687602323.8651695251
-20909215198.5754623413
24189245921.6443862915
1292510665554.6257324219
-738290189.7021652460
243745533027.1357116699
22565756599.2433242798
-24374767826.9147262573
-12567259059.1188182831
470453988420.9412231445
379200878770.6599731445
853811398643.1466064453
242239254.9831846356
57289805.3611943349
4260017324.5617175102
471863534811.0848388672
66102554120.2843093872
75994561.4035191983
4233500386.0833535194
642950303.6366789341
2553691242.6684684753
4845479.7131054280
727907585.0905920267
1583307564.1617240906
708742457.6601600647
107941472528.2720031738
78131292.0741995126
12090447872.0685195923
1812714747.0794560909
17084782365.5594406128
1215247561.6462240219
138661485438.2318420410
439743782.5619066358
383869042671.8881225586
3030749772.0852870941
1911903993.2858221531
-59352176.3057317436
58659754587.4794158936
-57853125.0000000000
591234597049.2038574219
586776785.8008329868
190418331.9018023908
3162035509.6828041077
-2369229662.2840619087
5689236362.5323762894
48896002.0554747134
125567055506.8110656738
25571333.3333256692
249053338628.9748535156
2620577718.8049550056
1068650000.0000000000
-1026221856.1596810818
18771930609.3198089600
-24079000.0000000000
182823233845.0072937012
2252549055.7559657097
3350087460.2643013000
-777760437.9200572968
-537086404.5834079981
173461570.7473002672
79237858716.0467376709
112769448.2958897501
276405682807.9378662109
2032449090.8438692093
4567740295.9780578613
1008884205.0706312656
165408170544.8134460449
-195803997.8093193769
714009867314.9245605469
-837557421.8115271330
491669610.6331658959
-97949213.7064533681
49102055030.9852523804
59353992.3954442292
45195910193.1293334961
103742488.1450194865
493556201.2973680496
856751789.9304654598
125521666.6666340083
818000190.8032217026
49855844171.8612060547
9566700.0000000000
6990784860.4676837921
755392357.8769650459
59369802.3951499984
2878440789.4736399651
488259521881.7011718750
51636457734.2262115479
8892631.5789475199
-441464245.7339470983
6811611607.5785503387
175774178.0789809823
72685410692.3449096680
232823579.5369121730
34344970840.8972816467
3131382450.6734700203
26375278.1774453409
4553893046.0261535645
804087568.4986504316
29789949654.7813796997
4217149125.2897853851
97160917.2253919989
9408542112.6452026367
29688828458.8794708252
39511484624.0822296143
23670518414.7301635742
-160908431.5603555143
7716734980.5582170486
177299569979.9363708496
8993561707.9845237732
150830210929.4196777344
3821880898.7323908806
-1780610593.3585057259
-2644013362.6176905632
248337985571.6197509766
54393281.2499585897
759089663302.0489501953
4078638992.7977285385
2255886112.3389368057
-421719220.1650667787
110711605796.4484558105
122815000.0000115931
416139722389.4841308594
-12254093183.4133701324
1062794582.2634738684
6181394553.7555913925
639409048029.7998046875
329203957.2649691701
552099293070.0483398438
-4967627060.1110353470
1394034394.0513982773
1790763754.1410219669
195397570180.9505004883
-59951718.7500089034
725889610253.6077880859
1554981067.4378421307
343.3001862712
1114456458.8169903755
960949.7646106456
1189087.6706898797
1372284345.7661440372
-50912793.0997751877
2350471893.3805708885
3524752398.3955674171
1196633.0284034910
-63585203.6187080368
38664126.9841246530
127406765523.6333770752
27996755225.9175109863
268391326.7494050562
-458925081.5505091548
-498803070.3877918124
53795306770.8502578735
-58072265.6305537224
58757635984.2112503052
-1659325332.6258606911
157542499.9999590218
385276460.0088641644
28453957812.3589591980
20098650.0000000000
616564500.7075123787
396375625.2566085458
-2294.0638797372
-202488230.1227839887
1112091.2652714017
3173074.4288799008
12608450288.8567066193
3360896917.0628437996
-11483254325.8497123718
670686764721.5795898438
4173747061.4943475723
1131373719319.7189941406
693687941.5261969566
20671.1819720045
541308339.3019894361
506356.0304358007
2112473.5656662011
183753287.6470998228
4916097936.8378725052
881950637.4680358171
245335848832.5695495605
3142521.3675215002
22805165396.7084655762
9896310737.4643726349
-2221416559.6026806831
-25111633952.2367095947
1588609539799.4626464844
1145065348.5606436729
1346268870729.2373046875
455.0000000000
255.0000000000
516.0000000000
220282137436.3488159180
16692906783.2559585571
343.0000000000
667.0000000000
533.0000000000
140.0000000000
53171550415.6704025269
1024104710.6291998625
133.0000000000
498954629.6026600599
1514136858.0346286297
84260848.3813814968
205657878649.2108154297
66193981.5062877983
389998353231.3925170898
1013981060.2139238119
129110977.0474043936
1854744665.7750525475
-1448316468.1312050819
-358977974.5637354255
3419731054.1850166321
209360608595.6190185547
70805581.7980562001
47226775826.3648071289
-3345627148.1776895523
8829296321.8586978912
-1044540216.5189994574
359598148685.0494384766
213747157.1469017267
1343223106565.7243652344
8740706483.3199005127
18755113894.5297088623
-2769940998.7126669884
1062822696053.6555175781
131367381017.1266784668
1250084727550.5798339844
-1955493588.0971698761
6464408797.7928066254
89160628.6969404966
104637289717.8861999512
402779485.2055082321
608493220868.6536865234
49006558906.2888793945
-2928252807.2851166725
-3304205812.7799930573
185828788235.8203735352
-9333948253.1895084381
4808098570298.3876953125
13624546444.7165641785
8017351125.9371995926
1557421775.5226731300
327743517300.0314331055
363693832.8236387968
260383330412.5425415039
1314789154.1582546234
16922972474.1688289642
393480492.4438769221
648730104841.5758056641
35510647181.2683334351
866040464317.6252441406
626614850.9576425552
-1047697548.0809988976
-19710992303.8918724060
2067066434584.0405273438
-8616290284.0958023071
1460387824494.0644531250
127795919.2959405035
350395571.8584650755
112035775.0020174533
1393818807299.8859863281
41299807143.7357482910
430240055878.7686157227
16442148918.0389003754
70219228.7507894188
14221482319.9538707733
106403232493.7004241943
8525567537.7894659042
12441910225.8017997742
-6708138163.5385732651
19709840480.4624710083
27767522707.7603797913
131648806298.7603149414
1513746426962.5148925781
-4429552181.0063676834
-7999230028.0901975632
6480129221.0841341019
1500358074762.5751953125
64479553057.8195114136
1594318795207.9880371094
55505025889.1905746460
573854177.2866756916
24398834016.0779838562
190744234960.2177734375
761153624507.3135986328
1108628301041.4091796875
2363316965.5212726593
6870884544.2357511520
9804462872.4308052063
382404938335.5283813477
-37096845.2503180951
81731745949.8095855713
5776216202.2945289612
7576610071.7505474091
-14928005459.7254791260
270169732717.9183349609
94249404.4575499445
404174840636.7006225586
-876658713.8944013119
-2387489619.6489105225
1320422689.9511299133
604875278617.4436035156
228405189.6691065729
164453981705.6867065430
1962175491.4276506901
4090459701.4926929474
-85062177.2873734832
412649045897.6165161133
68555759.1354405582
121214293954.4667510986
-29075072.1858394928
1855238957.6799669266
-2138150265.5007147789
24201576216.4101638794
11605845.0327120163
123082638567.7088165283
1118739839.2127227783
3449050436.3703846931
-13539398010.7015628815
749506609510.7237548828
-22731415751.0057334900
1966170855159.3815917969
464.0000000000
501.0000000000
380.0000000000
472107653282.5095825195
864.0000000000
1725440288405.9270019531
520.0000000000
848.0000000000
480.0000000000
254613687756.8294982910
26.0000000000
585799860343.9576416016
9473568321.5521621704
-2141838684.1885597706
34874149636.6326980591
1048778390716.1794433594
243499813313.9151306152
1790170918694.3874511719
-25430250013.9857101440
-16702269454.4248828888
35857032631.8856353760
828879359270.3082275391
1627521771.0941088200
327831499485.5505981445
-2972118503.1588973999
13775574061.9965190887
-4603759078.3189477921
1364210715398.0300292969
354938030.4812529087
2072752546745.4851074219
956.0000000000
522.0000000000
19.0000000000
136802214224.1213073730
196.0000000000
16568424944.8494949341
-38219234.3555663377
3029773603.9466614723
2086431878.0614624023
60039448915.5643310547
277932416.6666718721
87459378338.7203521729
353495671.3313049078
-21863798.2833631821
5288830482.4564733505
251085551005.1598815918
9632854706.8779544830
20251578.9473711997
935.0000000000
480.0000000000
352.0000000000
59504805521.8305053711
102.0000000000
19808271631.1936302185
-4077023118.2393007278
25638625920.5778045654
-12916516213.3320560455
950891623867.2259521484
-8989461571.7714576721
2224643608744.5302734375
5244798111.5868797302
872412393.6893309355
1188910806.0611641407
70064548649.4831085205
1698257406116.0275878906
3623868802175.6586914062
11258543610.7840805054
29281241.1509010009
11089385127.9439811707
62543648938.3547515869
99837614280.2795104980
744451150477.0450439453
-27167820242.3294754028
22005192428.0258064270
32944075806.3419799805
1316830883355.1489257812
-579946833.7510389090
643387510951.1099853516
-1060668100.3871737719
4030101310.1974115372
-37548327569.8895492554
1792392707879.6948242188
-174383616426.6205749512
169607751618.2373657227
1484246383.0948660374
8854730072.4634990692
1867444420.3445599079
693780185059.3280029297
826878282.5253750086
3209134458062.1303710938
12585172028.2543201447
18681762.3269951977
4557928975.3485994339
105880299061.1526794434
149188766333.5852355957
4016640715.0928492546
-2024623482.7242031097
1117447340.7483489513
69189045064.8093719482
203642955750.2293701172
4402711484.1656665802
-507086114.7997162342
-341566265.0602880120
32963005374.6445655823
78436258774.3600769043
-719264998.6036339998
2908935113.8274898529
-50198832.3520070612
299898479682.5432739258
104612062.5000000000
210815077891.0167541504
1883776237.5574791431
1700306250.0000000000
1078664871.8226840496
39271051090.9623870850
25546950.0000000000
3848347931.7285571098
494559517.6113705635
137038399.0482935905
-488571007.3111098409
9909361507.2631988525
81323901.6955316067
31058081621.9099998474
210236732105.6556701660
205970935295.0404968262
10688710971.6551933289
374964423.4179121852
9625373348.2201366425
45735290196.9247131348
28662139779.5883750916
19865043300.7081336975
564447729.0270938873
6657121870.3767795563
273663684296.1551208496
284827743503.1997070312
22636844450.8923759460
-6251677681.4297285080
11136651775.0789012909
255657335094.3154907227
186781543669.2767639160
-726780136.0718600750
308201577.1870197058
11556265092.7594585419
27105080002.3644065857
54044788428.7953338623
12028362600.5557460785
555934707.2112928629
-605514645.5237423182
377887864698.0250244141
68439567.5462367982
564703301028.0769042969
22362408290.2787170410
-430381241.1191013455
10280968246.8941459656
110602692302.0381317139
132458245564.9804229736
-4638993403.5604772568
-762061686.8740799427
-11200818224.1972904205
67312755334.8852081299
87206835776.2286987305
2732837427.1778750420
-356059878.8195524216
2646697058.0296058655
142790639389.6608886719
197564453966.2692871094
894791821.9887406826
-2422451625.8859529495
5185969975.8684501648
218879653583.8016967773
215818837569.9536437988
-59251333891.8133544922
-16710912848.9507656097
1136722548.4814219475
440077585835.4116210938
188415321775.6278991699
1226796169459.6745605469
2213969595.4187092781
3795975873.3143024445
-611366866.9476336241
81116832391.2982940674
61324060.1370957270
210988941662.1276550293
338430960.0021349192
1852111949.2132344246
276563979.8265500069
44558332401.6372833252
1645730.4163728000
267536505320.8377075195
-264953397.0317645371
-596781933.6626460552
993427337.1398832798
37273012043.1942138672
8838038.1086810976
129604950072.2670135498
7711575873.7604122162
-5283389562.8354492188
-2243726219.5068302155
122653851552.2386322021
143441202.1856728196
-1499711527.2821941376
-246946989.6508359909
-163055509.1785752177
1414641325.8897147179
3256266422.7516527176
763376666.6664680243
-1777457308.1327779293
50050916539.7667694092
6949800.0000000000
4399006643.4107351303
-2474106966.0705909729
6060758200.2958230972
626933789.8499755859
1510287285667.2358398438
-31072390678.1326446533
1658943777737.4387207031
-1718680032.6048491001
5894765712.0265035629
714898972.2970589399
98250022908.6667938232
182693013.1393866837
107505333794.6077728271
-4053674941.4060454369
5001025369.7234687805
4335588659.5128116608
161927338091.7374877930
162497799.9557726681
432243349522.8343505859
1919146324.4335415363
152738379.2993256152
1388253983.4276094437
-227644198.5908998549
72892765.4512200058
871377346.6377203465
1609407197.2878477573
366958750.0000000000
207251486.0279402137
7955452201.3021621704
32014125.0000000000
6719843296.6065053940
-27375221.0596348345
297062262.1974804401
628780039.0095909834
469502518109.9483032227
45012825.0000000000
25507407235.8736419678
147919410.1550635099
74911334.3406383991
12807962.0751761124
1267396254.4752187729
1578918181.8180780411
409130576.4572475553
299701779749.8920288086
39206700.0000000000
8420300335.0556287766
-63857001.0216101483
3498491218.9818515778
319875984.3414417505
91597222400.6213836670
-15508350.0000000000
31498652228.3223686218
6585394283.6787347794
-2229843953.7321782112
451019798.1920928359
281422114905.5754394531
70801168.8092343956
207859319985.4328613281
4747342.1021919996
377.1020708554
487067279.3843850493
1104577.2652870126
2722661.8202602481
2126316689.3110001087
1003.7030605737
1904378714.5728893280
709330.5882711653
621286.3198816611
247106905.0837569833
-470697742.5691768527
2052442432.2502765656
29546663231.5917320251
-130271688.4679170996
38825322573.8252716064
305686332.8264108896
6605646199.0453577042
-1224070661.5503070354
258563074543.1705322266
93409358.9586499035
122440388962.5417938232
6368006617.3350296021
3088513516.9677762985
-10518058418.0663146973
493074607819.2725830078
40463621.8707816005
108103727868.0306549072
1426123255.1368620396
19153.6951047545
1760324840.9066514969
657183.2748834449
2045708.2891891706
3753286598.8846631050
16631.1784825441
2063582274.9674344063
951774.1183967948
5022691.0147575215
-16157531500.4767417908
2557433406.6892862320
-2645343283.1847724915
50351535558.2854843140
151382349528.4598388672
-1417819860.2983591557
-2478281088.5427017212
7969230543.0258502960
155770773728.3395690918
233016811750.2011413574
1689498382.7048947811
-54998384.4493482411
-1745350960.0748171806
65518116613.7445449829
126685817190.5802307129
8535013441.9900417328
-486685583.7406542301
1048809286.2775014639
84545393796.1143798828
1688981941601.7072753906
8782235825532.8291015625
-1913056718.4834947586
5387845690.0037422180
-309279678.2583227754
122914826285.8235015869
524247634.6447145343
888301546148.8629150391
621383218.2904874086
8095019380.2610025406
40056081733.8691787720
1735199281416.8586425781
197254594841.5358581543
275249293100.1865234375
998207868.1203019619
-1540.8671137785
3428019748.1990442276
1510592.5346844974
2407062.4767055698
-210918181.6275953352
1077439809.6167156696
305365791.7396392226
7170540047.0700435638
27909786.5485312529
49421534303.4034576416
1188239848.1063489914
8243707.7533977069
2255723028.6637887955
174135785003.9692077637
1606914546.9224696159
234873727597.4657287598
1702657641.9611434937
-797278589.0846948624
2584330020.4415493011
58910211263.3600082397
-243121.3350717014
60405112275.9471359253
-462777366.2087408900
-24301.9933075677
-526400415.5558028221
2607680.8498779107
2026819.4573004383
882791392.9953533411
872357647.8623460531
3954297309.0222930908
103673073583.8445587158
37275710.4195884243
51144167760.7357482910
908913974.4447859526
1502417500.0000410080
235794106.5965221822
146159454902.5724792480
21551887.5000000000
8644830222.8268699646
12427409254.7656364441
3528882764.9092621803
-6473942470.6311550140
350546732302.3297729492
142255286969.8691711426
1686762976600.8264160156
1304986951.8378000259
1155.4845578983
346759571.8133749962
776229.1165657633
928378.0655905966
4795032225.1316766739
1854.4931940493
4301348493.4752197266
1028125.6810065010
6189755.6357155154
295349699.4938628078
7533.6615014196
149084378.0386160612
1249794.1805783689
216723.1759854069
-553387058.1431574821
-23660.6489480132
-516717932.9769843221
2957294.8989417115
1084049.4900560437
2571197392.1488804817
-565497121.6810088158
2110256852.3425157070
50134073871.2672195435
23947451.5110535994
81309068765.1981353760
314997169.8253771663
-366364804.3956792951
8141051185.5635261536
839776648968.2020263672
38252465387.1957473755
129569994.0255165994
21978916.9373899400
2288978699.7824401855
9887213920.8340854645
24981255823.5699234009
15310074565.8926677704
8389424.0735946000
6206368055.4032592773
59749129106.0121002197
8889460463.8003501892
2881361033664.4746093750
390923407248.1203002930
3527279331486.5170898438
13591898241.4395656586
-307655404.2979465127
-62629438.7473308146
94869429541.8320922852
-170734585.1890360713
178211054630.7739562988
-582711912.6038998365
-204954163.9573727846
2533859454.5911622047
-62260338063.3052825928
-60965051022.7387084961
1698801213.1379301548
966973518473.6365966797
354941744009.1325073242
10031882796658.1015625000
2147157545.3819854259
6396320942.7435455322
-11632091956.4496364594
156266831970.1322631836
-22139247007.5452499390
279711758904.3354492188
5919888616.8177509308
21145512850.7997741699
2464287871.6175580025
626254905223.9771728516
197466792856.6368713379
4577484967336.1113281250
184775709.3960396051
-437925529.3073372245
1103959259.4626986980
219585083550.6279602051
954955231.3575783968
2003631845596.3034667969
10364499449.8120975494
23653010421.6066360474
-17844324574.1453170776
2634516315646.7221679688
50954284531.4339828491
1218318590734.5639648438
19584294073.1046562195
13619728607.9925193787
-216796723.3054396808
489016063122.5462646484
-26529433382.4981079102
2181386833863.2619628906
10236887583.8141746521
1242540030.9553399086
5207985913.5073156357
3144014967959.9672851562
-9950461874.4441337585
1015548135516.3825683594
13150061342.8442993164
330398498.8447650075
-966163815.8666238785
97177070369.3496856689
2087691618430.6166992188
4121100052175.5073242188
14727308.2034651805
751151587.5087639093
3106902355.4050583839
619093442405.8670654297
26472111898.8548812866
358880918.7037689686
299355990.0129272342
-7559295414.3125648499
-682933705.6579134464
528693972789.9745483398
16387475873.2068023682
161420440.0471884012
9502125493.4151000977
1237073.3310380001
12685351829.7192401886
25071779734.4306144714
94869268435.2226715088
12185547523.3051414490
107098759.6848525107
3243357790.8032402992
37179192103.7764282227
48730841084.4227828979
17916177611.0086097717
-832541664.9162753820
10412728807.3708190918
21584315576.5627174377
188815737598.7063598633
6159383395.1726932526
18082486.7263137028
13717130120.2721424103
21688180918.4029922485
143975319375.4520568848
-2981617052.5594310760
2202854242.5374126434
-5306885420.7879571915
439118017760.8815917969
2233625952883.7773437500
1035151263921.7552490234
2804057792.6291623116
635295257.0085470676
9347922546.1958389282
55049940780.1475982666
83614163053.9108581543
845.0000000000
267.0000000000
99.0000000000
24933574888.9650001526
489.0000000000
4920553115.8713684082
-3528841252.9599714279
3212350454.4259347916
6492857782.2487382889
254548544870.6672058105
97506750.0000000000
164762698556.5498657227
12843457955.9244003296
74262508.4647634029
7459512563.9983205795
94036649482.5791931152
79249618661.0609436035
10709843625.8504714966
595049380.8961261511
7654111587.8161058426
131186506997.9705963135
110534905896.3583831787
14773684177.9192104340
-49339897657.8772048950
14290235686.4145927429
19347451583.4388389587
270982135.4166929126
232462330775.9161071777
4413499451.2077150345
368796292.2681264281
24779778263.4251251221
207671351535.5569763184
121693035106.0527648926
5180551335.0933771133
-231922672.6314120889
7088331456.4942054749
1351342662348.5834960938
89915044439.3965301514
987165026345.6883544922
5789639783.7074546814
-887381.3554293810
13087266299.9795131683
86997341520.4554290771
109747318974.7999114990
29553799732.5491218567
-177263848.0430040658
18601656961.4743118286
88337994907.4573669434
349490920817.0972900391
2031739091.9727671146
2430373147.8442978859
-8018845307.6019945145
294592187210.0296020508
81073437.5001331270
134677889161.9045715332
19142104860.4729537964
-4458136338.4751882553
16510328838.6552391052
24855240675.5341949463
42713318091.9473495483
1739003894977.6179199219
24578616712.4649276733
2416165571.4250493050
-1511397324.1457335949
590762505620.1341552734
-40189187.4999895096
204580281539.5700988770
39.0000000000
85.0000000000
747.0000000000
166529007017.6361083984
660.0000000000
5685297595.4765834808
14024946873.0932502747
-3848753368.3404355049
-367670856.0189686418
173595335563.5173950195
-105825914.6728497148
309965464638.7836303711
3069350151.4525637627
197793462.9364041984
7475201779.4535140991
49916321579.1538696289
81621868457.3904113770
1138953810.8129451275
3155540707.2221755981
-2785166744.1222219467
494930424515.7006225586
120334843.7501542568
194491154012.8110656738
662.0000000000
784.0000000000
186.0000000000
59009460570.5505065918
175.0000000000
15876472162.9281539917
-4580970650.2172470093
-1022424703.2393623590
5473525783.9624557495
785383023018.6425781250
192187187.5000000000
135730465304.6907958984
266.0000000000
425.0000000000
21.0000000000
19277416433.0039024353
83.0000000000
40108606324.2266387939
47592425816.6861114502
-252025164.0675438941
2703027272.9997496605
187506858166.1396179199
107374403172.8705444336
485048555155.0349121094
4732262359.7788829803
24128643120.9885673523
-2503904946.6890096664
1115697802285.8137207031
1134645090.5266580582
281058781678.2700195312
-19194897007.4294548035
209564005.2057435513
-14381297689.7330551147
925796721853.3123779297
540685888909.2569580078
101602432981.6638183594
-29074554640.6228713989
30067856858.4579315186
6622203162.5113754272
1190582748384.7741699219
-206158580.9224650264
4314845421207.9287109375
44263976646.0151596069
-370929441.4187011719
20736130119.0839424133
38630114429.0629425049
136853061423.0834197998
-6166624151.1555480957
749148661.2746043205
-4703599898.4976310730
372114546479.2702026367
18472723.0066572949
154209039776.7677917480
22122180476.6519241333
-85370097.6697609574
3390915043.1610741615
86720246570.1939849854
105319996856.5403289795
-6576776294.3997592926
-1644788546.0389719009
-7065520946.4255256653
26506509823.6468620300
122372665571.2669372559
226330818.0256651342
6138394977.6513929367
160424258.6972663701
116055197980.7171630859
-72418112.7200897038
84645592847.7545776367
24561794.3953166418
4853109839.1249895096
5339841729.4257745743
598109101654.8773193359
498804176.9734584093
591286829196.2089843750
-61489962795.7493743896
43155816141.2569580078
-5528126546.2432098389
1161845680790.8256835938
639465816629.0712890625
121787761535.0840606689
18683437149.3548202515
-6857485967.3094272614
-12602551617.1349220276
1453579626991.0725097656
-35194689452.6284790039
1542048868396.4628906250
16909365340.2784786224
268290263.0055361986
674863274.7756760120
120842307679.1961059570
1172699233189.0417480469
5366270531681.6435546875
15747381695.5977630615
-2488553787.7414250374
-270140022.2840108871
307353504779.2742309570
189664405927.6262817383
3453313279.9482936859
-446891882.4971716404
22478913075.3564605713
139620423289.5805664062
252367337523.3861999512
26918737174.0099334717
-2686294280.5543522835
16158130838.0152950287
130021498668.8453216553
339505719497.5728149414
14202267981.1827411652
-1340517053.1327981949
1368030969.9428174496
11893163942.4607982635
54820956251.7019500732
-88349965428.4168548584
36592136703.6384048462
-1410979578.6790676117
-197225368713.9284667969
-83339785439.0007781982
8728086959311.1240234375
1550104446.8534436226
14374720.7056460045
983609413.6570236683
27657164856.7099113464
3474900.0000000000
2433030450.6938004494
21827686.9927313402
4171922515.7994647026
29861731.0809944235
373319655763.3023071289
93243150.0000000000
11502455194.5291042328
2190799741.3073024750
1307974704.0524284840
2342497655.7386441231
528203060376.4869995117
53794660.0840235949
227649718542.1781005859
112406517.3116661906
172699462.2548213005
17077319829.8512172699
191988725070.3408203125
225413430502.6130676270
11453949590.6795501709
-2827029927.4669470787
2096417544.6004211903
100228748756.0403289795
226465392944.6564331055
-8030724149.3735094070
-2005379221.9140653610
-1057209152.4116685390
291450323343.7442016602
244358562723.9959716797
16058092821.2831668854
-599944182.1968783140
8011660877.4586210251
88999359249.8180694580
379534091754.6016845703
653641340000.5019531250
2626084190.9272451401
-871905929.1389036179
-11595245274.2970943451
148402766584.4116516113
85711639386.3403625488
11834447825.5260772705
-585642907.1265996695
9361017268.2875900269
130939962572.5602416992
94175707773.3871917725
-58895393703.9065856934
9269870545.4016246796
3756280551.6354141235
6550783897868.5732421875
1535790556129.9704589844
982659800646.0136718750
407673354.8844481707
-952483890.6409666538
143927325.7711500525
59315422816.0288009644
25978475.6527899019
177281089812.8428344727
11524656222.1844387054
6762520407.9430170059
2079678921.4703772068
463931597696.4307861328
44866303.2786360011
39745315530.4097137451
2940126428.3804001808
775864581.5307013988
196950363.5722747743
1157709066.6905977726
-12015054704.8518409729
87294905.5677686781
640750370.8994429111
251790000.0000000000
43146699440.2055664062
350376580459.0489501953
162836407.7611568570
-727047575.7573800087
417167561.8425270915
240015326581.6124877930
41671500.0000000000
23332871339.6503868103
7264364454.5547828674
9098222879.0483417511
-5173204170.3682508469
5437397898180.8974609375
-57055223921.7996978760
6590781802628.8730468750
1460668983.8645701408
23537984730.2536506653
3440200339.9158811569
2242388385214.1274414062
6620659493.5512104034
746440203776.1728515625
-653516942.2416398525
-572222851.9515738487
-1861986599.6975724697
177374544208.0957641602
-7818525.0000000000
15488010613.8949756622
683559459.9256867170
-208135416.6665939093
6036164007.3113994598
141190646245.8338928223
-11304150.0000000000
39766905922.9524230957
-17679849.0159399658
-161151674.8379360139
558163070.9928656816
90436472772.7155761719
-3088800.0000000000
3076536469.1191444397
299270460.0852558613
-1746096041.6666109562
1141400646.5957200527
92260681752.2039642334
61470337.5000000000
27914404325.2207717896
-2022036773.7687582970
520351241.3582367301
562636793.1968203783
196165881424.6039428711
-22418019.8466395587
36979125419.2431335449
1171786493.5559463501
-32669.6487802064
-406600451.9285535216
987288.3039088004
5408008.1504568066
-781637044.6402356625
-37317.7766112900
1311428335.7353231907
2352134.3423125325
2321439.3219720451
2264590075.6351737976
-1728841036.8221628666
319796412.9355026484
387880544512.8992919922
10340989980.4576931000
69323368467.4303741455
385896608.2410175800
-9613.7377491220
898937167.0874333382
782853.9421695541
2126079.6478333226
949448850.3656474352
-753292221.4008589983
-31356232.0806498826
64693147585.7148742676
28794993.2341000848
15842638740.3533687592
2136895372.9837467670
-12484.2049439802
3398666812.8045158386
3756423.8957041078
1111481.0905174429
457396609.7979452610
8475.3941525811
2037500847.4088640213
3737571.2511782018
3112951.5113513321
452564613.1524014473
7617.8211765899
-453590842.6714082360
1528514.0074833946
3496973.7441870626
314622532.3060522676
-25372.6169178107
-1607234388.5825042725
1689933.4200247363
631324.6802106051
-69364510393.0881195068
40086090848.1018295288
14835036920.2015571594
5170891875831.1230468750
686407241309.4570312500
1457081356994.0974121094
2537650421.5308341980
43333866776.2397918701
1827748618.1868491173
4034059739673.0332031250
1045086822.4922997952
611321100532.5843505859
2886915055.0690636635
-167104529.0116046667
599799861.9606195688
41405520291.7226562500
-51674364.3575297743
50557729427.1851272583
2155133718.4155573845
-39723.1810080517
2451350893.8303899765
3536653.0935789640
5653427.6686980333
-148906594.8095754385
-14572.3148543150
519256675.5991044044
4197242.8108501360
8360346.8153597945
-211673073.9177109897
-31687.6440851720
702954850.6760861874
1715207.2028139138
4898713.4631359782
777474392.1733117104
-18418.3513968505
-1388456800.6628160477
2118411.4859043444
1238445.1929091995
2372436250.5867481232
29921865.3508199491
-1330171731.4446716309
1222690037.5743930340
555251155049.8974609375
283567359079.0597534180
3137235747.1592702866
900581580.6843829155
11834810173.5405788422
973393302579.0493164062
11629622543.1667709351
147097673.8220075071
2345999765.2549185753
15560008087.8739814758
1767679350.3515899181
4422073326688.9755859375
1193372610.7898836136
923456372375.2037353516
2687908967.4048037529
108761294.2519410998
893186478.8368496895
56941912.9951654300
21596932643.7655105591
155694038597.9075317383
-24636151276.5615425110
13602748325.2409744263
-11763457097.5792465210
807125910684.3260498047
-7508742879.3228034973
79301566560.4864501953
726030675.6879999638
5457705428.1385993958
8775751672.9683036804
562623126772.6190185547
910740504561.6257324219
197529584163.1389160156
511311892.3277125955
4750955053.3585290909
442886915.8250278234
5152410870438.7734375000
-1059610646.0357295275
157383967096.4548034668
31816275.7066014558
178560348.7595903873
-447075010.2962530851
97432005752.3002014160
3681551.6463689608
46547418939.1563110352
1959667969.7925121784
-12379.5940831138
1783184471.1868529320
5463407.3513376452
551305.5675052651
-295884598.2450090051
-64281.2293226745
-32025330.9101851173
1867222.3927853138
2722889.2441694937
-1226832730.0776271820
-25378.8242379431
866259359.0510195494
2331485.4733455637
1777621.3825910732
4833080371.2802534103
20130169.1716653369
-740793158.7068866491
3791857910.6445593834
183277494048.1132202148
155665867008.1120300293
764118497.9878774881
-29850.5637476589
-497984474.4709396958
2961730.8237344222
1818965.6890634561
-110569118.0280241817
-16168.2946713942
-109216963.2031394243
1236895.9466571573
2958835.6892281575
34.0000000000
47.0000000000
63.0000000000
3251842222943.2036132812
37795687922.5565795898
1590847476834.3684082031
137911012.7742831707
991242828.5250232220
3503788381.9981250763
274682290908.9154968262
31871960551.5853691101
358036273.4006063938
10632994.3045765199
-2385819109.4837527275
11386251720.0760154724
199901555928.2739257812
1501573411.0866749287
341635991.4413800836
664.0000000000
549.0000000000
964.0000000000
2205771588128.4721679688
4328977671256.9423828125
883.0000000000
937.0000000000
394.0000000000
767659475301.6456298828
28853074873.4444580078
3391770421309.4028320312
788.0000000000
261.0000000000
625.0000000000
6823831812524.1777343750
3733004877116.3403320312
982.0000000000
980.0000000000
257.0000000000
1879719243258.6169433594
2775225422244.1591796875
726.0000000000
199.0000000000
192.0000000000
566.0000000000
2138407971.8860621452
1891820079.5870528221
25694175901.9921798706
66394985197.5011215210
61067486173.9761199951
6017736680714.0048828125
682070362587.5618896484
1681805700538.7062988281
-544114926.9253686666
-1777090870.2324306965
-557230534.7147626877
11971543.2268205602
761646394.5993322134
84573657.9275857955
132779503100.4735107422
29172198532.3631591797
-32523294846.9883766174
1879292693.7371542454
16857271119.6476230621
5073888696359.6943359375
228506418590.9685668945
728962961540.8712158203
-3852767784.1248140335
3068474813.8080501556
64470743.4617981613
4687239455845.1250000000
872967882773.6041259766
5152830826778.5996093750
-49668879897.9580154419
-20254009367.4938049316
70451995482.9478607178
6542307160967.3388671875
467539775796.3275756836
4337699358139.4956054688
-48247400274.1827087402
-7345137470.0115747452
657353009.0214940310
3220484759053.2246093750
371723610537.1036376953
464932930861.0017700195
10164766387.8539657593
-141362150.5623570681
886351714.3534593582
1182318257508.9494628906
901536949806.8820800781
512700262636.0731201172
10466263.9778431002
7020510727.3933000565
949038076.4503099918
599382198759.2089843750
1041605985.6978368759
360844559592.8602294922
29967171683.0227622986
-42927206782.2490310669
59104605436.3125076294
6404209713189.8583984375
2679094182291.3872070312
236289933.5711090863
-3114468261.9018702507
6399713323.7530326843
241942856758.2457885742
61638940359.6695480347
-12270876.9649488050
481438906.5920724273
-603471198.1239746809
-1580055147.0131490231
750162019264.3270263672
55384966451.2166213989
118237217.8664783835
6188528967.9026536942
-510670559.3365538716
2094674640.6892938614
209048497181.7840576172
83599613481.6702575684
14482697192.7842102051
-102778043.5825636983
19452161935.7164421082
181470482045.5608520508
265804610639.3605346680
-31421714986.4088439941
-24740113670.5445098877
-487220387.0580342412
355253772251.1145629883
2457206369040.0615234375
4807976736237.6611328125
13517213765.4314975739
656150189.7155635357
18119427934.5126419067
91327277359.2561950684
126114674162.3149414062
20819168668.2267532349
434983342.1219210625
17296337304.5735282898
276397429963.5895996094
200280617271.3503723145
1680434715.4350111485
-90643036.9902749211
-10043857737.1314582825
86403941761.6998138428
59906112545.9202651978
-14423253685.8122482300
13084641837.8054599762
62088144467.2348480225
7452742751058.8535156250
-1000263283.0379732847
980167951204.4464111328
16389056601.4851417542
-106514095.3014384508
8524821895.1118888855
104642052408.8942413330
2384844167046.0771484375
2988499715862.2788085938
6440406831.6214170456
-785024565.0081715584
3547259206.1059284210
162893150560.6132507324
87994947347.4893951416
29057336724.9475021362
-1544094369.0088548660
26713778405.9584045410
92942238137.2325744629
94961082598.2039642334
-11763387718.3842906952
-879196037.5640612841
-584483897.3840699196
117760248597.7817077637
117490442362.1295623779
17483363713.3891983032
-1148639165.7024247646
-112075786.4314182401
80115735353.0264434814
1266255651418.5083007812
1107046601015.0654296875
9155654958.6752166748
325221438.1825886369
588396263.1678831577
43373717714.7571868896
168013654511.1515808105
14173041883.7601032257
-674173887.0719407797
-725564512.1945737600
41334938039.2771453857
93136578612.3242950439
-19360351832.8169937134
30776975560.0722579956
51830111676.4824142456
1216024660012.4208984375
-555684828.4745163918
1199844349819.6250000000
-110809262515.8218994141
45298710502.1817550659
-1953386432.5286843777
6649773842011.1611328125
-21377646672.3848686218
228881387970.3397521973
15275358520.6519489288
4029423432.3528342247
-4870690001.3660287857
698699987265.3618164062
526442126287.0213012695
18163152028.2514991760
-1656294771.9103281498
3605703344.4350142479
10669102987.9187107086
502594317044.8182373047
33596827.6578244939
194328218130.5856933594
-9013126165.8880729675
1918314470.2807579041
2842651507.4797167778
622453363964.6776123047
69759593.7500000000
257553707336.6670227051
84.0000000000
857.0000000000
883.0000000000
19614412245.9858016968
804.0000000000
28446947701.1281089783
6618880556.2085838318
2304937004.3717699051
25283246329.7270431519
235123289099.2239685059
54548216350.0481185913
7792101232.2453250885
995557637.3562195301
4817410820.4358062744
140382052742.7634887695
76659540277.0577087402
8150674684.3617591858
-5077322522.8346157074
-14822685067.5925350189
458130594750.7875976562
244704784679.5604248047
14042303522.8481712341
-1083806189.6224179268
4738293477.5224027634
70924684999.5886383057
68820786924.4571685791
-16817698267.5529651642
1032402850.0235782862
1249885495.0575628281
182959846107.7080688477
56262364.5833070874
205101361263.6627197266
25849879978.4807472229
-524089177.9922861457
27631613867.5492744446
203250462427.3581848145
7017098365.5482587814
389935446586.4826660156
13286902784.9074268341
85744132.7640965730
-2794316573.9311499596
48707506848.0677032471
103380887715.7039184570
297.0000000000
820.0000000000
919.0000000000
166001022938.6986999512
111.0000000000
72687946219.1038513184
13728122753.9701271057
811807819.3632874489
16602126149.5011882782
389450891303.3838500977
66826375.0002721697
436456185673.5432739258
34229572962.2576980591
416507659.4077923298
4317313476.9154090881
419273935650.1897583008
56432494.1860821247
251430089758.8144531250
-1729810822.9441182613
-1985656793.3859636784
20063393078.2726211548
85576997125.4450836182
107745375166.1477355957
519471757732.8458251953
4573815536.1878738403
605177231.9976015091
307329740.2135304809
469473474196.0797729492
-44738713.0398137495
53711245168.7887344360
720.0000000000
240.0000000000
421.0000000000
23603784228.2202033997
906.0000000000
13377753783.7741336823
19206307052.7924003601
39810873.4405255541
3731741973.8860802650
110063178004.9935150146
115103654605.4492492676
14089240795.7544803619
-859191785.2176415920
13078683317.9360389709
136692352342.1015472412
209914069054.0598449707
16269663285.1525821686
369559627.0904322267
33875054250.1704864502
140754377715.1582641602
253164308628.3999023438
13868201518.9627990723
-763140250.2645168304
3286022947.3930125237
191170415063.4013061523
-71756837.2092975974
342020998679.2523803711
-1189907673.2142798901
-55904215878.4652481079
379265966.0259159207
983416189935.8575439453
839783643.2558436394
96231952833.0918426514
-32716579702.5873565674
-10569051427.2297439575
-36676685357.7244644165
926155540973.0649414062
152849449782.5618591309
3525769472203.4843750000
3662748007.3583998680
766708927.7283616066
1486701958.8032159805
-665277296.4366765022
831004774992.6739501953
403068100536.3021850586
8694865644.8851642609
-730923925.1045265198
2894694478.3985295296
178959224761.2738342285
1461787249441.8176269531
762874784548.3961181641
-64436732225.8335189819
2293018493.9201073647
121713728.6796670854
-4941665752.9577913284
-730429201284.9849853516
3342630255485.8310546875
-1921351390.8262889385
7832798686.5863800049
1309734762.3719935417
838391160517.7371826172
1689339407.1186282635
1940154253857.6921386719
-778131561.3630236387
-10693294088.7412261963
21984126370.7282600403
5779998324830.8828125000
967343577.8703551292
90450712246.6145324707
-38477394750.6644821167
42709369598.8137512207
19501232852.3423347473
3842959340212.9052734375
938986415361.6617431641
665160239347.8231201172
-54512455578.5830307007
8636497961.5960597992
5029173564.2679853439
1166361332770.5253906250
-357610718114.6698608398
646048390180.4631347656
217226677.0777995586
4134016165.0121364594
4467635276.3435249329
299419964934.7717285156
1090639871.9829912186
368654929676.9788208008
672224864.3431609869
2977336808.3736300468
385638716.9301930070
431936354474.7156372070
1839608036.7260499001
1602877235702.0029296875
367321983.6577799916
4610081970.4052658081
3387855536.5468711853
44412015865.1802215576
47094496.7414790019
153651065243.0036315918
1009297716.7884145975
-2563559168.9045739174
5127207881.0302209854
488850410604.7205810547
-36545437.5000000000
9854494287.0513248444
4595775775.3526430130
411761163.2687668800
-105434697.0561623126
68951234.0336136818
45125877843.9456176758
280521202432.6112060547
2705551866.3682861328
32738784722.2029991150
4367428517.8431482315
5225464003674.6660156250
114547135.9126200080
1359365051115.7009277344
-6776016775.1867084503
17099411737.1255149841
9144087043.1920261383
4182988663851.1279296875
110727797745.3846893311
954140066414.2947998047
3090850450.8269410133
38559245103.5791397095
-25217932152.3400611877
6076840349692.7363281250
2900493859.8520441055
543153019199.7960815430
-4749187790.7565078735
433920583.5659420490
8759756836.6940021515
153324910416.3561706543
497817500973.2697753906
110359843007.7076110840
-1339011899.9761557579
14095926253.7636108398
10471830982.2853641510
296041259813.7579345703
56040006.3052230030
939475358085.3363037109
2580539843.0634918213
5578677719.1370601654
1726319498.5781834126
2763373196785.1430664062
749139270.8329339027
52598921668.4040832520
57438844.5312391967
4249568794.0195417404
353619578.2214462161
3473122800335.5014648438
3120143104.8585014343
324041555835.1260375977
9231907151.8465290070
-15091550964.9633903503
-14136494642.8401012421
5613749650533.5820312500
427180741100.4005737305
5356033070292.9091796875
5859942765.7765445709
-1022027248.7551440001
-278099158.3999119401
9106794708.6639442444
1171359210918.3547363281
762336017504.1942138672
-1324092129.5956203938
2301537710.2987413406
-354232830.3345831037
300756873055.9382324219
21112162.5000000000
48742610164.6903915405
1329909727.9584748745
229.0245884392
71934892.3115900010
1064849.9134513130
1035210.3827750327
940590966.2517769337
46537784523.7821655273
5757926006.5821323395
5393675975652.5195312500
3452994951.3865199089
716459490639.9975585938
2304250283.0041999817
2725886359.1251711845
1645722823.2293467522
5231520541522.1132812500
1311048117.0625801086
842869088396.7480468750
4433390241.2775354385
969690.9158893962
1431898895.5837199688
14935530.9376411177
49551996312.8667068481
907014361683.8944091797
-56210053586.5291519165
8186178846.7429599762
-140063908.7048693597
-80429160959.8701324463
-587910407653.3187255859
794429613099.9818115234
11177419638.4863262177
492689291.7482169867
-1350666877.6432309151
65939267750.7277603149
1346629555087.2363281250
429624609309.8530883789
3172693938.5579528809
58007411666.4257354736
-7858005312.3875627518
4663334859223.9589843750
1303724340.1122543812
921377344934.8590087891
-741707635.9704517126
-4518724006.2959690094
1094647699.6800284386
267155437.5521236956
29293494355.0844917297
657610061545.3398437500
572194711.6064009666
972.9907696575
3899743126.7641077042
3102878.6054258728
1584400.5697339394
4089036051.2385444641
465001139.0415065885
1338391174.6434800625
51974828.9311271161
13667776369.4033546448
263882962895.1130065918
3810313097.2357831001
78602153.8408655971
190174315.1022749841
20673302.7053341568
24034441111.0341987610
331371638600.4926147461
816347103.4512399435
777.5625013095
1342099562.2705218792
675978.3726367966
1688669.4750050318
902815100.4274703264
-17284.7728272310
534616784.5589689016
4349041.1909962203
3680731.8682878618
921563961.5252106190
-31679.8226238759
2532244849.6270771027
3930499.6539007700
769578.8039229248
2832041975.0508556366
-17794.5442011568
-1025744600.5111832619
2512330.7317138794
230207.5912190010
-24255452946.9472541809
-5035418455.6281795502
46739578243.3313140869
5798689123215.8925781250
-43639335.7124669105
551417021610.8353271484
-18768528888.3533706665
6875338395.7881002426
-27809351507.3810806274
3867213206773.9218750000
-91893421094.9791717529
720256499439.5367431641
1246171901.5334203243
296211028.0204182863
364289.1152692800
15382878.1717491839
26924324475.5601768494
3655430828.0371174812
8281312.3893776499
255794529.9295143485
2124151184.0466983318
612152809242.4215087891
111281301833.2068176270
594490611.8211010695
-1363789984.8256678581
2575233188.9139995575
497194888.4770469069
54091328364.5076141357
47434509498.5455703735
530538687.0198724270
-982752317.9082998037
-4097669554.0276169777
-3691668494.9867849350
558494421989.9881591797
85228675862.8419189453
273200601.9638658166
792093449.9157531261
-4872604954.3689308167
4823211582.5457134247
398245066777.8756103516
156356375535.8259277344
-253170850.9504593909
51017918.9286270067
-20757.8598504538
3181065718.6066141129
3422829.8666853071
1961069.6011368441
2656259298.6728177071
-417.5346930504
1142329310.2178332806
3270603.6847128537
2927362.6410735897
-402525497.4468191862
17971.3133392187
-963235679.8718971014
5974446.7150676046
2603585.6820319560
-35568100616.5211639404
22757918193.8011207581
58514638188.9295883179
1069432104455.1568603516
1332007595.2834560871
1147638360852.1806640625
-486692044.8191970587
2321.6816085708
672069016.8774397373
1291429.8265350056
2421695.6746999379
-1509809669.6909759045
-8652298262.0607852936
4215765245.6369128227
2621160840062.6157226562
-368704149.1673834324
679704431031.5861816406
571631148.8628120422
27517772.5154493116
5458885621.4315462112
187887472305.3651733398
19257665441.2742767334
5818468.2977885213
576299833.4128726721
-10326.7613942412
-418809579.2103141546
1356354.9854868706
1639299.7305527239
4867965049.3307867050
-40397309497.8063507080
8193948759.4044885635
1386402223881.9072265625
589013551747.0610351562
2940597842.2580957413
4393589703.8211116791
-641607905.8931031227
-765356550.4575085640
134999115743.4071350098
196289385384.9700317383
-227101360.7209562957
2738414753.4200162888
-25498.8939743076
120162401.4390869886
3481529.2490640138
3897042.6248598099
2264202028.0669584274
-19415.2373256113
409633784.0092380047
3940409.7887216043
1914598.5471258573
-2593336257.0437231064
13527753655.4938144684
2364888603.8870730400
2852303783252.8940429688
-14184582913.1264286041
153777901749.7358398438
2694194666.3826637268
41150193659.2229232788
-15429088857.6134700775
7061837751097.0039062500
3307521840.2460217476
91991410415.5259704590
1281140413.2450330257
-356111687.7748910189
595437.0310492800
11726229.8783428837
33070556994.1694564819
7686145720.0257368088
12171466.2520034499
397381419.2423849702
7553582509.2272338867
703650519397.8632812500
139219439296.4983215332
602865499.8642793894
2266072828.7183322906
-32344.4636216321
1687666706.0249817371
1269769.2044292251
2690604.1314679109
1860470694.0420265198
-4495.1708192506
2821871410.4901971817
722977.2942914526
2506360.9577776738
5026430.8641576488
1326887231.1112208366
2457591675.9855160713
842279700398.8114013672
197890916290.0799255371
-491901897.5158323646
34801082.2459006160
351432795.8884036541
5684294945.9400310516
76383378191.6367950439
203251519987.3882446289
466769253.8769318461
2495187690.5402703285
-13353.6904576229
3187498799.4013738632
812491.6026795415
2798030.2031186027
42990647429.0405654907
-8412901313.1446008682
57998538945.3343963623
11364414566921.4921875000
8523567439880.7636718750
411142757.2978045344
-365387692.9349937439
2336381147.9778590202
100661881438.6180419922
69101738559.6964416504
-124648507.1671760082
1917557817.4725761414
978736052.4465637207
138125.1167597400
-7001476.8635330088
4391165074.2523908615
4467485584.5699625015
24487614.2085703313
1841464396.8183815479
649268747.7181650400
709794937695.4426269531
26288805279.5443344116
320887899.6163533330
34956148.5842335224
-1882028704.4372751713
-651562365.4446244240
616966510916.3276367188
5493762891.2055873871
-41191319.0181828067
59596727235.5725250244
4529598107.1755943298
140377205438.0113830566
17228429314160.0820312500
10230587493055.6328125000
43976307399.4732818604
-50655282876.9482040405
138988300649.2905883789
12830328220163.7695312500
13642608803989.1328125000
451.0000000000
858.0000000000
580.0000000000
10858302444958.3476562500
7650533313791.0556640625
1198698266.3170390129
155090224.1288931668
20958461.0213829093
8599162.3335722070
7508012116.2968826294
1022432081.0080100298
896964929.0503332615
2404364981.0785756111
23831839523.1760482788
455404702683.4629516602
678883370.6378959417
224898504024.7647705078
-7288624425.6838378906
23100768565.4258918762
24918005032.8006095886
4824292254687.5488281250
-1616291691.7859728336
514860867577.8908691406
2685417711.0226988792
33029080492.7766571045
-20730493937.0652236938
322359371156.5094604492
306550032355.2685546875
863171403336.8714599609
-11450349756.6831016541
10274819719.7867908478
1015433392.3556476831
1560441224659.6306152344
-1021907854.1990540028
471731696967.8562011719
21561874778.4731521606
7764997919.1689491272
45548993157.7736282349
469277680030.0718994141
-303904262.1185449362
705703240705.6252441406
2761125158.3975777626
1161554294.4348003864
24353030359.9266624451
8321267203069.0498046875
146061390054.4563293457
148409422969.5564270020
48694221665.7877197266
5289691755.5193595886
87945817050.8094024658
13569178616886.1738281250
987662105988.7828369141
747345387901.9693603516
-11607205824.0677127838
84713993715.5407714844
119871862650.5028533936
10867728840057.8339843750
2337696215944.1318359375
29072896750.9656944275
-1598232452.0544018745
30237766255.1477622986
-7636691575.4628667831
426322748938.0245361328
122271482.9377924055
324231160480.6671752930
28.0000000000
978.0000000000
506.0000000000
296321372591.9692382812
965.0000000000
159501022844.9760131836
-1682502891.1562049389
-10211776049.7097263336
-33728035.1494692117
1484998095083.7102050781
-389476007.6774640083
1106149118179.7824707031
388.0000000000
415.0000000000
161.0000000000
1545302072974.5720214844
24.0000000000
204769374641.0085144043
7057219085.0992298126
-52238095457.0710678101
-3913550581.5478463173
1086625907319.9632568359
338371016584.7188720703
147082271598.9842224121
1181744999.1352460384
20433902327.3717193604
127769480.9536859840
418833807016.5938720703
2169501460.4915757179
807584266063.9165039062
1298601973.4505846500
1416468786.1051244736
8506021259.7616682053
256648881679.3756408691
73340175882.4950561523
862964796.2097140551
2325404700.4028625488
3778.9787180179
2792826422.6228809357
1516749.9222664284
1960314.5322186777
2965820675.6213183403
556067731.7830488682
-1616634327.9281613827
26474335.9893946350
1603394412.0523641109
130406692250.3670654297
6086645416.7139053345
198323037.1794237792
1238975646.9616899490
38380644.2691656500
48593175005.3097839355
52577078964.0155410767
-444527155.9677429795
1654253366.3987553120
4712899260.6867551804
563523945923.7921142578
36018520320.1509323120
456326269.7772048116
7279303.0611255504
724319187.9065004587
9152903408.6133880615
458138084121.0021362305
76804551483.3705902100
379021076.4459351301
1215971094.1360650063
-2962376298.4717736244
5874344659.8527002335
359341922997.6637573242
53471694343.0686416626
-419335506.6911778450
1848127227.3394813538
-597517290.8796045780
4288103091.3646335602
358644621977.3319702148
67228326964.3707046509
724455145.1216893196
91713639272.3125000000
-79987361987.7473754883
38674647618.5325851440
9785237648076.5332031250
1559304115.4430825710
8991678359875.3671875000
7557157737.5059185028
-83129226573.0558013916
76408027049.4833679199
7276835291935.3974609375
24042475364.5257034302
6061689895358.4541015625
495458576.8149769306
-4364775858.6741809845
2029440805.2871475220
495267023688.5428466797
65855701869.0851516724
345807654.8735201955
105140141.3916921616
-2152503071.4278345108
-2264477951.3656802177
609144810585.8459472656
24240668096.0689888000
119829784.7399681956
-162301510306.9142456055
-9359289585.9685096741
28987121294.6050910950
2576827723488.2036132812
-92990335187.1349487305
646673556220.1320800781
-7659079235.0542240143
-1429772707.7919862270
5242048781.3961820602
475911546011.3527221680
5129721115923.5498046875
3505614342594.7133789062
-11857354723.7744750977
5426132811.1830053329
32900002435.3647956848
8190377390358.6230468750
2569432948.6225523949
1476655389502.4570312500
-128812296724.4019165039
88782297311.1363830566
-4532319229.5935440063
3021631557731.9272460938
674165507895.2947998047
833169783107.7889404297
-63914484021.7750015259
-1348722044.3976309299
38502598375.4313812256
6448088054427.4443359375
-63088034185.4399032593
397728088678.7800292969
-2431887725.3278403282
14571941457.0735149384
49134777435.1564102173
2430242684775.5893554688
1004317233.1477339268
1455191986140.7070312500
2622981210.3937282562
-10707927938.7668151855
2862333245.8784389496
438387503577.1636962891
1140732780.4285154343
640500021861.6713867188
-713316823.6794559956
23904234289.1674804688
441450322.0342783928
601991508249.8883056641
1860614226.4194140434
2017980118527.0942382812
3712242797.6491923332
2120668056.3138558865
8007256525.6022977829
312503184858.9608154297
20742985.0498467982
114184236242.0275421143
3056881189.9611639977
-2123267466.5239145756
12762230401.0400314331
326484185365.2588500977
158533834580.1198425293
12792766018.2392692566
-1760591536.5058379173
11695624320.4927139282
246670221643.3926696777
186354785384.9331665039
-1406697211.4260630608
-2061334075.9591119289
22166029066.0176239014
325246034019.3505249023
284065021293.2871093750
9939548302.7682628632
-1172197833.9750442505
-1108979193.6819319725
106088429815.9458770752
162955378259.4271850586
9387209353.6607532501
-748702978.8826270103
2255234526.0062627792
104040527606.8044891357
154777417195.1958923340
14153836060.8800163269
-358021959.2023941278
-6435413878.9927902222
1019363473261.2305908203
-89975124.3078424186
184950965994.1795043945
21727994110.3529815674
-1597720775.0331444740
2087253063.4824025631
426445412679.6076660156
47258590.1164712235
158752597236.8235473633
24620187055.1795921326
1314005189.8415577412
-4759704783.2786378860
117815518107.0158691406
383609367039.9295654297
-18671981491.4244537354
363401672.0502115488
-7374371872.1281414032
155724952183.2721557617
406150293510.6217651367
14220424895.8926372528
-25885970.2117619216
12675641662.3917713165
143892226274.2856140137
144634039431.2984313965
3425229873490.1240234375
-14864848077.9590702057
-1307458818.6042969227
4816953303.9789104462
41763845845.7094802856
1925407019017.3591308594
4859512841240.0332031250
811578814.0684659481
11789204217.9800090790
601410213.1135311127
702817464020.5429687500
425853529.2941471934
1297394213857.0561523438
-28062764014.1035423279
19123971332.6758460999
-14720227242.6964225769
1899669386448.4658203125
-66803279683.0319366455
625669128785.0926513672
211.0000000000
529.0000000000
958.0000000000
1590936703402.6298828125
9.0000000000
233657039037.6194763184
998.0000000000
201.0000000000
677.0000000000
199089548171.3890075684
829.0000000000
46158423364.0169982910
-93411720239.1577911377
-5009613961.6683349609
284348547.0032323599
387855806894.4756469727
206342047950.3216247559
375299835869.0672607422
3604072723.4042801857
886456813.9605617523
777124.0810669439
9745238.5764090009
4994644455.1641960144
5104485026.5527296066
754.0000000000
938.0000000000
769.0000000000
2076678610486.4760742188
659.0000000000
245632336683.9737548828
54697045586.0613784790
1383953076.2676868439
68296569454.5449600220
1600479346494.7429199219
555053300191.8378906250
1512346132173.2385253906
-10315256886.0250186920
9326350838.3642139435
4650207382.4361362457
1766221749986.0722656250
103209620661.2080230713
6565289125.7252807617
7324101102.0993537903
9925325709.7418212891
630843984399.0523681641
5957561155.2595071793
533506214739.2593383789
-26357465663.2886695862
355739138.5255195498
33484716932.7011680603
368708152554.0623779297
-275379884.4243420959
1659447935306.1655273438
578.0000000000
948.0000000000
698.0000000000
18983894612.0062026978
7.0000000000
644198487965.2215576172
4353150510.0868692398
4190857794.0418381691
496368860.1976675987
94793869446.1135101318
75350302.6967372000
4395399340.6520576477
113.0000000000
501.0000000000
843.0000000000
276311769569.6925048828
243.0000000000
43659380445.7843246460
34303834.2102684453
-50390367491.0481948853
-4904181286.8114795685
602209831579.9221191406
1044818445.8457241058
355334196125.7140502930
-973134621.1082378626
3132602802.2229218483
4567922320.5443515778
312153509466.5001831055
959518645.5216572285
335918045928.2851562500
7316996159.5079545975
14762275865.1595630646
14056549449.3875999451
7309067026126.0351562500
-207127975.7843167186
757029533170.2235107422
9472196819.6768569946
23969452116.0465736389
-1191053634.5621688366
2754133220309.4921875000
523240671.5447229147
900525010797.2604980469
-22358157967.9248733521
3100847258.9855256081
19530876483.5546913147
847686501030.7628173828
-1189160926.1292150021
2012684212961.7575683594
-11336712777.2902240753
9283894902.0812091827
36111923649.1498565674
6932706232140.7128906250
1357423118880.1145019531
299227956473.6641845703
31610017651.8861389160
-12048740556.8908538818
-11101110959.5086154938
2566857853903.8696289062
703549443456.6729736328
3649345516.0105528831
-12855553866.9869041443
3058416376.2211313248
922981384288.1611328125
120377977923.0857086182
5779395311055.3076171875
5658346291.3927726746
-2471324678.0618772507
-12542326721.4385700226
9254954472175.1230468750
370471584200.8581542969
313933284206.0607299805
773777582.0120605230
-890399260.6508343220
4967039818.0835866928
336844237165.8847045898
215508375125.1438903809
-321557181.2213598490
2399094672.0327830315
481.6856664996
1528691802.7050778866
3770457.8905864558
2556582.5179853155
-55816977.2424118891
-15886.5367355134
2388481798.4613184929
4562812.4830429778
2997801.1008984600
780612979.1683950424
-1964188565.7846846581
2803309095.1116161346
331675519385.0271606445
119362522637.2857666016
-64055685.9271216989
-1451623130.0885818005
10661460645.2751045227
-326487126.0963227153
4028720872612.3852539062
67979499.2976109982
264366306743.5830993652
35176802.4320911765
-524956890.0914565325
2962790738.8204293251
117414729860.3800048828
242847923.8830031753
154989589.5347360075
1262678743.4737467766
138752347.6176233888
-947032.5445326325
-555815.7982959526
12317955518.5880126953
4824932651.3438310623
3905928.9827837702
2538733668.5054907799
-258695754.4696414173
628823016954.6678466797
181650085197.5355529785
702694085.7214882374
-1023144631.9440406561
1027092319.4312354326
2814179147.0340371132
973512899315.9603271484
159779578907.9404907227
547060729.3728169203
1112524012.1039738655
-14280.2606465258
-529792722.9695946574
4273992.0067890473
1772903.9556749915
475742476.0624279976
-21260.9066568943
2048088398.1277890205
4610832.5105526401
3498348.1507447436
296045674.7597202063
1738877410.0251433849
12879438537.4370861053
1136878871341.4538574219
246802499557.8963623047
1762388306.8489603996
156479657.1860047579
1274051931.0279788971
13794168946.2331180573
391868505408.5844116211
81199820568.2879028320
681498350.4268382788
3214697659.5885076523
-4618.4115111408
-818979583.2900044918
874634.4980030548
3208559.2681980967
223924565.2007568777
-2497.1075703217
2063618369.4343049526
1876794.8153771425
3915440.5140003003
-53817697930.3830413818
12735530152.3497047424
73461245380.8766632080
2980716403394.9443359375
-78551673.5054550022
551388116218.2664794922
-515027371.8570152521
1230926284.4802267551
5612606101.1092405319
7599920387539.5947265625
2312491265.1670193672
324304627067.9986572266
28498324.1299935505
29493795.9350790232
8502948161.4081821442
135145639282.6207122803
204377247306.5941772461
947537645.7687116861
-81055245027.2306518555
37187124365.5840072632
-37101259916.8087844849
2400506742689.3159179688
-878671039327.0599365234
616025093338.6629638672
-32872413307.2179260254
29812168225.5518302917
13911294635.7044696808
10772998811134.0468750000
375855170.9808740020
162539921394.1250915527
-2761628901.7971162796
8187307019.7508039474
45931980076.2575149536
1087388503999.7657470703
37664845.0703504607
584213039301.7526855469
2822581879.1683044434
2288640086.8095407486
-17419645823.1933059692
1037732176709.5782470703
11231262234.0103492737
421453088278.7648925781
859125571.9680428505
258721972.8901043832
2327758.9963852698
1769286.1479199501
3093948684.9043164253
9044685800.2442607880
-19572991801.7244682312
3121679847.0620794296
-42271421658.7586898804
4856065550704.3632812500
-23984672685.8925437927
780561061923.4403076172
1384651054.9561963081
2168631394.6434979439
3267445840.3005776405
386505519281.0962524414
141279911548.2638854980
839501900.7866444588
4323273692.8806209564
468911760.1119939089
3453533604.2747902870
77231932.0962440819
23281446650.2590255737
369830340803.5203247070
1508029169.2288742065
2017.0354569526
311399815.1117182970
1863560.9693378608
2195762.0541949826
1129668819.9159317017
12168.6301641537
2838975230.8671317101
3890642.7779855700
1356965.9861202289
939390123.7736822367
-45502.9864385640
-243024730.5073258877
5771374.5790776508
3681136.7569244429
-188529137.7447199821
-45772.2201221307
2687305012.0256514549
4507572.0036415970
2995807.1769813001
-29338674311.0273590088
-12719916888.6477031708
71332135147.3659057617
-2383353660093.8129882812
-1401143854.2338151932
241404504279.6020812988
-34468402524.0300064087
38087752397.4801025391
66361723069.9451217651
4351721628942.9106445312
-531551534.1419730783
1527949036641.6416015625
1094766667.1427085400
325818559.0851423740
-18663120.1197702922
-8954782.9582750294
48383971753.2812576294
9818032469.8363018036
442062.9389347500
-1430466881.2620103359
3770177092.3643546104
943255599837.0817871094
72872543988.6147155762
610352669.0093654394
-10801642924.8652076721
17447890439.0300979614
-21658364179.3265800476
7608246260716.5625000000
42256446666.6635513306
265157190947.3637084961
3474053053.5568752289
588704790.1161184311
41727219.0038965195
14503837.5267361663
9636711336.9347152710
462938205717.7879638672
3197075420.4300322533
-2311950364.5165500641
-820232222.3424260616
45611299.0927940980
11156019480.6181373596
564349824731.6203613281
7378880880.4921379089
266300997.1604426801
863946882.8107745647
31821958.2406899817
12362072808.8116741180
388564692102.4972534180
-729873007.1005685329
1360144041.6917452812
7372598588.1610851288
339392622038.6424560547
213087902032.0179138184
1033032810.2461439371
19760621.6868577190
-1656833735.2607049942
12001952067.8459625244
1072885757086.6470947266
34425979047.9403991699
604194457.1168752909
-2862324753.1457877159
2318691651.9209837914
1992798101.6691617966
2074273.6055520354
18214505057.3493766785
284436522765.9613037109
81711136.7315514535
-709215794.1685433388
-93999670.6752776802
538798170382.5553588867
21595924858.9336318970
-290929892.6660405397
959640397.2639029026
-6176.0526451514
2323687804.5155787468
4808951.5573148159
2283663.1936892541
654340795.9508656263
-26152.3991720339
1362204297.2761390209
2921010.6773145976
2261462.8175491421
-237102415.2175151110
-27405.5319418222
1114131892.3959767818
3482634.2736998983
4063099.1131024174
2132120676.4201276302
-22474.9856409095
2600984639.3259954453
4257389.9848628938
3516309.9571949756
209668123.1260376871
-18898.5551598910
2291773380.5594511032
4111880.9632955198
3737652.3279520161
1833416247.3328533173
6294677106.0413522720
2745532671.8176145554
1306154217907.0390625000
227805937.7262240052
146917004831.7037353516
-3646584886.3876557350
6562515739.1568956375
5503725194.1053323746
167814405510.2371826172
778702027.5160831213
83683039712.2617645264
2917450241.8798418045
28066010.4950612709
1116906.7290489599
16121943.9915646110
20874849892.3329200745
6103231474.5472955704
1768251.7557389999
-182669965.8808779716
6918473468.8011674881
61282607027.4515228271
125670090182.2459869385
831711627.9448682070
3067659938.4826893806
13809705941.1995811462
-3191177323.0388364792
2247756255092.2485351562
581562273.7145429850
363575155519.3010253906
2162696539.7215871811
121260176.9238168746
2383533.8142692847
40547756.9491516352
30965181696.6519508362
782195435.5032399893
1656172915.3410372734
-643377951.4888315201
77725578.2172284573
65060826.1879238412
46639102924.8218078613
4167665640.7320914268
23470470.2027812004
-1871577913.4425239563
10960676330.8741035461
779183187824.3146972656
234334753646.0993347168
1571077437.1522183418
-110787448.3613610119
1720524572.0731379986
1730753327.0731842518
156475983334.5092163086
211069900821.7703247070
1041873207.2244015932
15560615.4505032003
-172004798.0777456462
9582891219.9512939453
403835882491.3363647461
34987984788.2664031982
411276566.1090704203
1549258246.0091714859
-18862.9530334063
2340784623.9468755722
2950666.4319194811
4256398.1161456341
3077623930.8296699524
535.5179898370
1191164342.0586268902
3540878.8124207994
1676424.2752979405
1401546165.8219740391
11201.3573720428
-1829948857.5789887905
4698711.8155732984
3106434.4569426673
-749112250.2831146717
-1503761193.1522340775
777779782.9011249542
1169791182417.8447265625
3082203569.8011126518
289820372.3300942183
29634929.6857804209
-664361940.6553492546
4676299389.5564346313
51298280930.1255035400
33057594645.3174285889
361785657.7538047433
8806356992.7015705109
193719907.8760850132
1227079709.8032240868
90445574.2763801068
26083024402.7109680176
164731533072.5787658691
1320231406.6040475368
-6841.8809988692
1154071977.3293955326
6299376.5644548731
1090525.2658772781
456488921.6257799268
1758902730.5654866695
14612149305.9190139771
919907139764.9187011719
186358241485.6949462891
403274918.1532206535
-1174879725.2453126907
6207861085.8610105515
-4739624829.7616376877
708448453632.8701171875
171988839442.3195495605
-175004110.3909043372
4244093679.6850280762
-6025719358.3794059753
3090109122.9585218430
4259396882003.4184570312
675970311.3690049648
395468852906.9899902344
981375500.0250372887
-6003783492.0731801987
3431945070.2665033340
1133617137731.9460449219
71704447699.3823394775
263982322.6130514741
1518710956.4066116810
-832964746.8735229969
298845982.5807517171
1040868124067.8524169922
175778835621.5102539062
9778456.6912723854
162013123.5972576737
4195546293.2726864815
-3097675630.7719163895
5484497955.5738906860
52852703.3550552353
487109835917.0341186523
-4550282659.8977870941
2646518064.9506225586
825804939.7981564999
40789393602.9118804932
98360233.6429008245
1180864241891.9018554688
-184056909.5389056206
1229067551.9746251106
-472157251.6056814194
7217323557.3585195541
38083816.0753066763
224581146929.0875244141
-3659515467.3448867798
316865923.6735130548
-553211415.4225908518
12325947227.6417198181
-43208932.1539958045
741708606726.3166503906
-83575884.2013100088
-4696.0187369726
-1105633075.0360119343
1104808.5397130842
3439313.6910968833
1972734435.6073484421
6923205.6090842634
3621910808.1945075989
86606452415.7710418701
20928049823.9678726196
23598078.4821053445
1650585655.8209698200
287.9494350776
1031731074.6875638962
2207797.8419494703
1839828.2689817282
60199139.7232235968
3177649550.0588989258
615572822.8559134007
7407226503.0062322617
115262816.3790119886
404578293623.8518676758
1983247225.8883359432
-5454.2165369680
463566968.7261863947
1853910.7530827499
1558027.1708901157
1051304874.9491289854
446.8130173330
1466825291.6160800457
2099349.1119486704
281793.8015187391
1610965016.6473305225
-10557.0446374816
1059100788.2107779980
2322100.4142060140
1565207.1461893364
1669822547.5443701744
967.0788542316
53427448.0498849973
4105733.3902151054
35538.5996236033
2652624260.1286096573
-24428.4525969038
-30051091.1590146683
5516589.9841781072
2395495.8635972338
732565332.7682744265
-25201.4505162062
2049641362.9223887920
1236956.9529177302
1021286.8880833936
1617227431.0871105194
-6693.6835459888
-806380749.7215021849
5121044.1030305857
2371721.9912857399
2396363991.6556873322
-27817.5678715495
92768552.9008172601
2396114.8758251751
1767048.5526009768
779807807.7385846376
15286.4774790452
1488247449.2617290020
3514253.7257604967
3375108.2444759733
3771225981.6144824028
-1050312666.6473718882
1939309049.3725860119
1028230643995.3834228516
70773213365.2261352539
125302865.3495281041
-385441111.7440489531
5860477579.6792621613
6514999845.3809976578
1406597976011.6936035156
284004663158.4197387695
-98531648.4125351906
-644612522.0492794514
672208085.1168874502
-1294915595.8011114597
4178234223057.6455078125
964596053.5847159624
691746222322.6829833984
1021843766.3152116537
-430428709.1843509674
623147.8177424159
1397677.4614406945
18099866912.4793472290
1754367480.7525401115
1418314975.1414384842
-2241745086.4332952499
1888830307.8566718102
348449410824.1281127930
143326271328.3818359375
-405662582.5475714803
37008438.3397701606
2012141424.9428639412
2969908963.8188724518
441154663242.5449218750
138357191592.2702636719
501503028.3025845885
496044317.6648270488
602873922.4493824244
9346682634.0384674072
966875491164.0806884766
59000048971.3015136719
818827500.7869088650
-1442516477.4183216095
6351152545.3078975677
8246670026.3335123062
1310915967517.6047363281
38943125665.5301208496
-215678361.0519628823
845520331.3729661703
2673101069.9650311470
-3814219683.2036089897
1275522601237.5190429688
53750391765.4701919556
-234509898.4007981718
1204624415.3109347820
-248769151.9445937276
-893468746.6608680487
192261810261.6248474121
261045361060.8509826660
-191792506.5226749480
2596518870.4894871712
144333985.4048667550
2955350951.6291661263
51068199.2277809754
62729796834.4625473022
334101123884.7262573242
436314378.0235306621
-4195810387.8160481453
1502636550.8316202164
688355581520.8317871094
171310851658.9052124023
-434300342.4895860553
35646452.6648293808
468015559.8472620249
2956352427.4284505844
164155569545.9051208496
86686793677.2299652100
372781179.2139540315
2986802128.5376648903
-10637.6042685697
2501912274.8527808189
4619361.8058353104
3480631.0360249765
401.0000000000
420.0000000000
764.0000000000
222131265502.3758850098
134809208742.9263458252
477.0000000000
889.0000000000
498.0000000000
77478293148.5195007324
22954756679.6088485718
557882632.7659895420
156433664.4001044631
430524570.9093570709
169570672069.6998901367
35138563749.0105514526
125230811.3100236058
594.0000000000
856.0000000000
33.0000000000
29560100731.5744018555
54485694591.8144531250
231244106.5389245749
-5536197799.7044973373
479199363.8817003965
389747820652.1113281250
62440732457.3277053833
248534547.8463419080
31940238270.9913673401
-71835485771.0934143066
6425799968.5468826294
7413478669587.9462890625
63080071890.2361145020
14000837943015.6152343750
75395772152.5076446533
-35524614154.4697875977
-7978586291.4255323410
17187459678764.2148437500
7720841444.0444602966
14186290778256.3007812500
772.0000000000
353.0000000000
655.0000000000
12236289486188.9824218750
3150459979.5988969803
6297563369630.9423828125
81572239349.1680145264
-34605013710.9072952271
45399640400.2148895264
2509730519843.5541992188
5898254316334.7304687500
658490353.4035019875
7535133810.5276994705
9333070545.3968772888
258929838614.0319519043
1020500747.7122856379
75748032272.7253265381
1015872108.8084529638
13549090372.9206981659
5337474893.4512138367
53994470087.8629989624
1533392490.5644211769
247185576963.8947143555
21201315861.5094070435
-3480805195.6620879173
-1392684744.8494603634
183905997993.2818908691
-384980035.7817863822
874024373306.5781250000
1374976721.2245819569
-558371446.5693898201
1422142420.4268567562
455580375947.4333496094
-170263199.1514960229
376886392205.1370849609
6675618495.5246047974
-2223264774.8941135406
29293333923.0341300964
272826411151.5031127930
30104581.2878748663
789340362376.9342041016
3811286419.8379945755
252001337.8895660639
-4758301788.8927316666
409549116583.9023437500
1099384867530.8518066406
31382641897.0228767395
3976051073.9729580879
48681483720.6492309570
1059384321406.2791748047
1087239066270.0982666016
48464614985.7468109131
-17163639158.6559410095
15909745708.0481224060
1043472240028.2926025391
1399924189892.6662597656
6265487428956.9531250000
64527484743.1945266724
-58056788603.7163543701
-21699039501.5387115479
1161503341853.8432617188
282169405827.2678833008
2290473810668.8408203125
-1907545102.1142549515
-5986298875.0439586639
-5430952493.5343141556
889200556973.4038085938
206806903757.6753845215
4775828766108.6718750000
-45862705294.0623397827
146972988227.4235839844
-73443546747.7418518066
2172661359624.2280273438
519654650.5284715891
310573065048.7393798828
1585122976.2140386105
8283538268.7061557770
-606868879.2181767225
776451154846.9721679688
317749088.0698746443
263400950128.2450256348
-5795050081.4842481613
15004981488.7973480225
-2500864724.9348111153
5814102837974.5283203125
23934623.3617120050
580446318381.8112792969
-1730052367.9347693920
10947356056.3811168671
256893647.7040352225
2550607564796.2602539062
247917555.2597770095
517841811698.8739013672
629.0000000000
43.0000000000
482.0000000000
641033705981.6619873047
362.0000000000
168358749740.4255676270
950.0000000000
297.0000000000
633.0000000000
430501083521.5804443359
130.0000000000
958343912788.9200439453
4982770211.3855152130
-3303312870.0348439217
2476060608.3986411095
690634309320.2984619141
762104394508.7069091797
294684241367.5957641602
-4561101993.2962112427
-3386859610.5579304695
25421052980.3753585815
534941869421.8339233398
108402812109.1859741211
6269899107371.4541015625
-12629675124.0796890259
742588021.2461771965
14476015498.1511230469
987315235399.3208007812
-1725464031.6039609909
1045301116238.6452636719
804.0000000000
921.0000000000
123.0000000000
197671228584.0604858398
20614029492.2435569763
729.0000000000
851.0000000000
862.0000000000
49045891993.0995025635
26413138523.7304496765
31.0000000000
808.0000000000
52.0000000000
27854710304.7527999878
13925186758.5307788849
6616852881.8527402878
-817346153.1430723667
8792393128.1491203308
217022054490.9422607422
176752324915.6833801270
158.0000000000
857.0000000000
119.0000000000
185621831415.9122924805
82570651942.4547729492
-43919225.1651672497
5618213013.0086336136
-101470299.5978200734
1236608344209.6464843750
1038269370.0214439631
202161671406.8334350586
768848290.3081382513
-3006449635.1666016579
3236115854.4399733543
887455552673.8736572266
86852042157.8322906494
1119973449.0790038109
79344828.2692261040
-27442954.9306479394
9563288261.0041847229
1200313477693.7907714844
117373941691.3312683105
-330696925.0138276219
546513558.8602745533
-5259484771.4107475281
7129360446.5598564148
394848736439.5372924805
25317741350.7657051086
645366977.3815380335
39300258651.5513839722
-65166275562.4948730469
102335095557.2323913574
17644086629977.8320312500
8405805127957.7011718750
-6280821899.7009878159
-93846728396.7325439453
-9564915475.3931350708
9853367415229.7480468750
4113163174650.1201171875
13021573165.4825115204
-53405146071.3966522217
19134862484.5217018127
9736025794770.6425781250
8697510046389.0273437500
486981416.3545055985
-2923050595.9090991020
4568900984.4750156403
462568708523.6278076172
31358765702.6535415649
103299364.2207664996
201650167.9588303566
-2319027604.6245856285
-806265387.9432319403
259449736634.0087585449
62833686762.6325607300
240399224.2161507010
10399922430.0567340851
111534785.6908793449
242095144.9172353745
495360149731.7136230469
227372779017.4279479980
61650966609.4710693359
-48900936.3126281351
9135185239.9463310242
22872693551.3398704529
1759171296782.9372558594
1692231062.5686426163
227970315787.1039123535
20537164968.4496345520
-108848252.3257555813
10887852832.5890579224
629095570577.6613769531
334010084644.4773559570
2553767208899.1875000000
23455485608.9765586853
528406728.9759076834
2585707965.6011199951
160037254643.3187561035
103369723659.1539001465
6392591956788.0634765625
28218551496.3658256531
-1858441560.5222895145
45455983170.4558105469
6484264794438.7451171875
1821689184.7216608524
1582126871437.5461425781
11812112227.6684570312
-1574554827.1629121304
10633167390.0957946777
496177989971.3336181641
39127540981.0339126587
493382314511.6884765625
-310316911172.4978027344
109098136189.3348541260
-12427109918.2714080811
1086564674536.8884277344
-1570917175860.5190429688
336568420241.2901611328
-7423201954.5133733749
-25351071070.2376174927
22979269983.8244438171
5473443692726.4179687500
1541148886.6359798908
922212352448.0968017578
975619908.0411589146
36593101905.9743576050
66747506669.7404174805
3819358869981.7700195312
968043879.4031338692
208556610160.2097473145
-29794552944.8492927551
-78492676.6754258275
11918657363.9123458862
556655427217.8760986328
-1626349404.9926850796
1016991582041.5097656250
687380326.5245062113
-17786441.1816415526
237722.6348058702
3486538.4615399698
610942147.0780034065
3596947591.1326808929
206.0000000000
374.0000000000
382.0000000000
245750416552.6830139160
983.0000000000
432610281667.0211791992
-10814222062.3858947754
2520371540.9254655838
17265163412.9816741943
5105511904388.3085937500
-28312239074.7570419312
372740521643.3860473633
781.0000000000
419.0000000000
786.0000000000
1897306127098.9582519531
602.0000000000
30931479434.3268470764
991.0000000000
278.0000000000
326.0000000000
699805322511.8660888672
942.0000000000
131307162696.4824066162
-82799946304.1609649658
13406259257.9334583282
25371695987.3211097717
1385845377245.9011230469
253409027995.0514526367
989046749941.5883789062
978.0000000000
180.0000000000
104.0000000000
2453108188299.7182617188
548.0000000000
34570477014.8457870483
-18396067556.9756050110
-439636245.3571600914
21851695550.4721832275
1033324878859.9342041016
-113162340.2432099730
1446271778319.8227539062
583.0000000000
423.0000000000
205.0000000000
90238512744.7418060303
520.0000000000
268191420721.9227905273
-3020765751.3304347992
-4008266458.1639513969
13803801101.3174266815
2132873505823.3417968750
931500179.6417659521
680971925732.4479980469
-507142054.6422110200
-11023219042.9294624329
774429032.5042296648
637245953801.7341308594
779639776.4855204821
735189557131.7457275391
6727038879.6268587112
20850228233.2964820862
-7170738993.0757560730
4786940078093.9384765625
264282379.1530758142
288502759203.2474365234
-1075165497.9422957897
-265812955.7332606614
10713199421.3564414978
670301627469.7725830078
-28566639.7272311971
868913335481.5913085938
11608045031.1993255615
32023707296.8525848389
46342185174.3021240234
7435752307795.3320312500
615781978857.2148437500
717647736685.7912597656
1770384681.8046541214
-635142499.9478824139
12022111992.3794879913
86857363936.5040130615
126714025401.9102020264
1282981036.3214409351
5529662318.1302118301
11475636920.7258701324
207834479290.1777038574
-40787500.8745609969
1259141155095.8090820312
677.0000000000
451.0000000000
707.0000000000
948919680860.7149658203
611.0000000000
342894767435.4275512695
12042900890.6811389923
4277197146.0782637596
-1230448568.3636622429
339135771038.8244018555
62820518.7576324120
24249623226.0672149658
26138402.7365700603
411366143.7276999950
18064613480.3175086975
728605475133.3959960938
25885158696.2202110291
207900000.0000000000
155.0000000000
613.0000000000
945.0000000000
109754473332.2182006836
737.0000000000
188084598272.4702758789
11367789919.8360500336
255399542.6404799819
395103104.2570779920
1209384223345.5410156250
2841103191.1263117790
6969975026577.1044921875
471591515.7866625786
455930764.0142851472
1739678666.4945783615
11862309988.6053390503
-744684.2240297417
749543264534.4366455078
205984868.3095999956
14083460494.1750392914
1134704974.2949581146
1449987172787.3176269531
1227279269.6361958981
5801765488830.5332031250
7781430731.2295398712
-2255675955.6984968185
38083296236.6420898438
2723110715699.0932617188
154923439202.0055847168
494449288885.4040527344
30065236223.8508605957
-10351438716.2814369202
-2600846503.8442296982
1310346228155.1586914062
1116035414516.2766113281
833265993.6785584688
-1058096098.5593622923
40545582612.5768432617
809346088682.7620849609
145928417913.3781127930
267847074762.5883483887
53365067717.0540008545
145979710.7889934480
-11088739183.9151458740
133978402412.1068115234
2060031617349.2880859375
15965689894246.0000000000
31081900835.3528099060
-25054620189.1401672363
70113462054.2136688232
886631518427.4212646484
1948237020.7298338413
452894191125.5429687500
22408033124.6350822449
-27352193454.7000198364
18414138463.1049919128
1234556431065.5405273438
81502109.7046331912
129591412071.9512786865
66501664119.6613159180
-101440367753.4722747803
44803162498.8132400513
366376548035.2564086914
2076788747888.8286132812
12187719446724.0820312500
1422236728.0996487141
-1237521597.9819836617
4044277436.6274347305
875955634327.1041259766
99088936457.5761260986
-631587714.8197767735
1394232704.6181013584
-4493776730.7716608047
6222699549.1157932281
1173622384414.4946289062
23722452368.8752746582
474941722.4192928672
1315123508.2587535381
-5653277149.2353019714
-4221011304.4167838097
500106630963.4676513672
89694369723.1755828857
-170784903.4421714842
8806653.2021344006
134070347.1586341858
1449167918.4500055313
391915932911.3573608398
396543786331.0282592773
-3823118054.8572111130
-107167740.1304443479
-19239.4946462602
702491249.0471367836
4874611.2518884139
1273395.3798749540
1044187867.5436269045
1329331299.9457139969
8268775822.4374065399
678239939741.2471923828
20082119516.2978820801
323871533.1993101835
1701074506.1780669689
-3084069935.6339864731
6599382954.0948982239
1064117798545.1137695312
178948457717.2650451660
-153678752.9041344523
2205753055.1370315552
797048997.2248136997
13721761579.3045864105
323677625824.7839355469
133463894920.7650146484
694951555.5259443521
-299296013.0876107216
-3399350607.0454239845
546978388.4393073320
886510741629.1625976562
259238872976.2940979004
-289305032.8501600027
1174882509.0936963558
1018966074.9692221880
1764516547.5016605854
370418755823.4976196289
24665148959.9756050110
513365095.6688537598
-2944394597.3085393906
162299302.9951753318
14353702913.3258304596
1669458294458.6245117188
-205137681.7022948265
676087039334.3212890625
885894033.4547238350
-624980022.8998477459
-682215805.2463071346
1004546270486.7777099609
125633502898.9384002686
-16224137.2416962124
2896050065.8906464577
1706726384.9716448784
8839830750.3627548218
41046407611.1990509033
192965980090.1267700195
695919291.5659508705
1355517911.4783375263
-8939.8960096537
1709811079.7557811737
4477315.4454886476
1638032.2816579193
2249119378.5956006050
-21539.7949981734
2400386565.2851271629
2773987.3320615343
2038794.9282287031
1858348083.8144972324
-12759.8222747507
1468837332.9872484207
1142549.2883478887
4066060.9502805676
2754948483.7790079117
-3872.9774300724
778317195.4224499464
3868419.0107954289
2405871.3614627020
83453740.3086055219
525228431.3577676415
6973084829.3931684494
824962345297.8237304688
6922103359.8681383133
324669219.0978104472
1892186767.7419767380
-1112371607.4036045074
-891722082.0207771063
1006421717787.4233398438
88577186569.6541290283
-1126723683.8733551502
-1123128954.3553576469
-4593754630.3237724304
11795458042.9230880737
1662141809577.1386718750
-6026963.5417959969
268652750264.3230895996
2438879033.2254018784
298367089.8961960077
3730555.6464743298
3514421.6155655598
54502842056.2100372314
5801963785.3292503357
1601734658.3015027046
-4349455152.3198575974
-3673638808.2468457222
339803680383.6873779297
115169975378.9401245117
-728690288.8445111513
-1936413596.4139080048
2438449512.4542832375
2610533213.6121692657
1074930244176.7725830078
162847904036.4852905273
675374756.0034089088
2286338136.4977846146
5383616702.6313381195
8950158592.2895050049
1266095968445.5571289062
245717641893.0812683105
-325196102.4412325025
3870404499.0920619965
347243138.4786968827
-13713627416.8519210815
284851236834.3665771484
435494858.7983439565
1068912342417.4128417969
3201426526.2626104355
6159553550.5477676392
-6191667176.2735548019
5110497419415.2597656250
-45410777.2142819241
393512774622.9413452148
1186778522.4660043716
389584352.6405679584
3196127.3917832100
4307977.6014343817
67501301982.3276519775
12482503191.9132061005
539621507.2753397226
-5686847644.1200714111
1328309818.3876264095
473465247340.5359497070
244494961043.0083312988
104599706.1497408599
1441662234.9720871449
1596081592.8881142139
5112701178.9082736969
871813617892.7319335938
111677753373.4826965332
585619218.8079683781
1756329368.6054379940
459.9383617250
3635186157.4600081444
1045432.2327536783
3345588.4355470445
166894069.3277668357
-4253.7840313569
2308389953.9027032852
2481771.0130472211
1567939.8244396993
2041121310.5701560974
1554.1832110937
1815814997.4373919964
1417574.4478124040
816343.8054892760
1480496300.1794631481
3855.9657567617
746893370.9845030308
3373297.9769114768
4091324.4736997322
1620375164.8744587898
-30225.9159368716
2554472519.4411296844
3853484.3796398109
3899927.4369905465
912283247.1447243690
-26693.2330371139
-938034074.5001162291
3787317.3504536436
1969213.1280197778
1280461940.3161520958
477410938.9785112143
1181874936.7503991127
33029808.7263747156
3311717095.5213723183
367129715905.6588745117
4688902887.8041095734
2315540695.2401771545
-425860163.5053756833
6043425.1348484531
3138559871.0377535820
309975525920.5418090820
-1197595158.3349130154
-3330867497.6750359535
-3162226944.8349118233
1372114627166.0358886719
227548477531.4577331543
689834927.0435291529
44219053.2559814751
118531088.9096665829
6449571384.7659616470
409053381567.5394897461
50961765516.7987442017
866757154.2971192598
-268282405.4597539306
-6612089198.8138751984
-1047033538.9997370243
695125762842.4885253906
56990564041.3349380493
402939413.3478849530
1914887448.2913093567
8323.6037427400
-427957663.1137735248
1645083.4751921527
2714675.2538830042
1126063830.1210827827
8691.6884366174
1615573144.9922409058
1835667.0175554336
1232538.9668196002
1804923461.8079600334
358.4813701680
2346277265.1121921539
1405745.2471856463
938434.5578185843
-4147036771.2131228447
5284320399.7073440552
415994799.4268075824
721050859688.9154052734
112820925046.6222381592
485288134.7020851374
359451521.9301474690
1476217272.4135668278
4452715784.0872259140
1520735796852.8642578125
259247091714.6888427734
84411093.5142309815
49190424.9279545471
19412818.4310312755
-26558879319.1170921326
4218564620393.2978515625
1388798455.2263598442
586108437452.5025634766
1618783274.2709016800
24924868.3819965757
-327243145.5927805305
-226196562.1203677654
48453338355.4722976685
11639979707.3163394928
1998572914.0630397797
27083445.1408102810
416328788.5883957148
340933657.2872948647
46183860346.8352279663
9461792789.0214958191
263875644.7864511311
-5630888341.8230762482
1261291694.3721251488
1125468584793.4055175781
16523134392.0002212524
254076390.1017834246
57068518.9360961467
-967248198.0452405214
8839146450.1389560699
834615099953.7841796875
156035614750.2040405273
161661655.2021775842
6609309485.5126905441
103902177.1788431406
-297001924.8481681347
6625698.8237489061
17820525429.8735542297
353413803766.0670776367
722055810.4749351740
-1740531546.5969543457
-384587878.1372912526
26342874.5065649673
18938925315.6048965454
545207411071.9169311523
1830688235.6997268200
-5852987488.3964300156
9853559502.1124324799
816377352041.8283691406
273120495217.5790405273
-424546127.1959359646
36491823.0837581381
-671627862.4538974762
6146940746.2080183029
903946673806.1268310547
210108167864.5156860352
47137039.7077602595
1632779929.6292569637
5431.4273163389
1221025472.6880855560
3299134.1514103767
4429063.6876739897
1476422812.9450199604
-17549.2713868953
2809791936.1877489090
3882858.9055188107
1808338.0790545044
2951469913.6956601143
16.0112393085
3008376305.5781397820
3555012.4194302387
2479665.4132444174
1546979148.1643753052
-24555.0240876745
2113615619.2456333637
4430025.5208085496
3515656.2430068888
2908001841.0974388123
21392.0846811442
-234917604.0219000280
3140361.2992998073
755400.1456247455
982967211.8856054544
-4231.5453671413
1612509093.1428456306
3921700.8872695025
2108792.8544220682
307589547.4970683455
-33526.0236348665
2142988423.4900915623
5147463.0871769842
2286809.4295484521
2777387055.8611049652
-26040.1532869829
651855160.1329419613
1009016.8018220739
615343.8261507923
-2367932335.4571852684
1482631319.9540777206
4121261692.6763868332
919715840247.7094726562
51592388448.4520034790
1005703157.7511541843
860448516.9527572393
4717367467.4461889267
-3387635239.8357820511
311827951630.2157592773
69766305120.2105102539
-636370194.9897445440
-1515940008.3493108749
3963705744.2328677177
-1128078971.3456375599
3065166465585.9897460938
777935300.7217890024
714493333003.3284912109
-2329777142.5006589890
-9660294758.0789451599
16712114580.9639873505
4463446394155.6259765625
883784750.3814972639
297712557677.6228027344
1128100957.1569037437
-78886342.0430283695
424278.0871533070
20808533.6205062419
19412012890.6096458435
13127668632.6211280823
245463846.7434049845
-910662935.6882581711
5612950253.6956157684
738286699613.6843261719
19983640126.0813827515
-125659048.2377651930
20993365.4033975415
-1147193047.7873272896
524467359.1548126340
400109802006.2575073242
178763941505.1378173828
327789304.7235782743
711084831.2888033390
74295493.5654822886
9081724484.6108818054
419737485746.2426757812
91311629552.0969238281
400785135.5086135268
845120.3306146478
-1336442244.8916146755
-3898117628.8683419228
840200588495.5246582031
107231094078.8528594971
193994440.1509815156
687509485.5587670803
-3751703864.1872525215
-844004732.9808614254
572963038512.1608886719
227364713591.0041809082
404668776.9195024371
226875408.9832101166
76373491.9313112497
1532752276.0295715332
19432790574.0812530518
162174414123.9196472168
433567957.0729255080
847095113.4230294228
495872800.9275661111
-266392253.1774009764
64882820.0860076323
5281275324.3590936661
31091779991.1167716980
832399068.6723827124
-390104855.1641626954
-269416505.3246020675
738868618871.1652832031
166218846812.6694641113
-22164017.1787317395
24515742.1489340402
-65365694.1915364563
3552055367.2512145042
916493438866.3753662109
166029781295.1893615723
457868019.2308647633
2537098859.3819727898
-15373.2973088967
-90369211.4781610072
3903181.7788838376
767617.2398215602
2411522442.5157957077
-6822.6972144132
2146884486.2577068806
1883854.7889818461
845181.7796902476
582209822.0146259069
-1506010389.8463919163
-122883626.7466265410
51024623648.2174987793
-18087875.5702375472
808545021453.3535156250
85311633.8260328472
-9873.5798989831
-338928537.1813131571
3946466.6133183907
2488310.8038320285
1507752837.0394170284
628948863.5890598297
9510727275.9616127014
883612365251.1859130859
217933464639.7363586426
789150170.3610124588
850338880.1101045609
-1971397947.0820505619
8434007499.3063230515
969667724327.4901123047
48719089699.8501129150
-178168369.1372729540
1719258519.1028943062
-517035342.6918846965
1383223867.2222402096
1186190865935.0959472656
127416947260.6081237793
319021854.6139547229
-1069095864.7669140100
-4175727489.1426429749
-1692750067.9284873009
450157220133.6453247070
88670093804.7959899902
66009103.9242831767
824587781.3618899584
-1996651912.7681777477
3308075188.4085617065
1092398241717.5806884766
255257205620.7214050293
9539830.5584518593
833222190.1484155655
1090776340.5976939201
1924646141.0737390518
638828202835.5635986328
18978813231.8835067749
520828900.4575433731
1967116444.6508641243
-23268.3567311958
1425083516.5284194946
3900905.5926913950
3480390.8746401891
257969235.9336937666
-27894.1139769197
3149197578.9380016327
5154148.4525806168
2572313.7408740474
606629126.0355193615
-13608.9116243483
2016194747.7383356094
3277808.7537895292
1411296.4556080245
1426452968.6011290550
-19237.1737277692
1291020433.9238774776
4538371.3802981488
1296564.9028516067
-101465228.8837292641
-24451.0038299708
-431212427.2188519239
6121666.9261399033
1021996.2386865161
-330647543.7422270775
171068602.4061160684
-101335165.6776118577
17413812548.4583015442
1155800.2784608188
783870771734.6540527344
1528890674.2024724483
710468358.6517887115
-861953712.1133273840
18503039577.0951461792
64468682.1060297415
418161797966.4695434570
1664941230.1522004604
1704658228.8608069420
-518553145.7881688476
21165843880.8756828308
81643736.4228796810
99252749123.5859680176
48942895.6220836490
396596881.1971280575
1790103203.1610453129
31886887760.2317314148
100838113.0426911861
312924241505.2507324219
495666799.6524289846
2976225813.4162273407
-148242684.1350775063
68835655086.2830505371
267026792.1795823872
73820109282.2138366699
-490840720.6767857075
-5668991455.0017862320
1378650686.0393698215
1220399660118.4931640625
233523066123.5495910645
-375221550.4741687179
38778085.2067454979
556448306.0870039463
6395023582.4077320099
44607799511.7176589966
210325678785.6515197754
611438226.3846700191
1663520976.7787384987
-42514.3948543107
1418173855.7680952549
6271399.1073364019
1460029.6206900182
4852270310.7591142654
268240722.9566825032
2910041.2171248267
53204444.1195359007
44595604790.7466506958
148707407463.1448974609
2216277148.3318610191
1750003614.3083081245
11573920828.4893722534
96303149487.9530181885
183150251294.6200256348
380857422.6941181421
136213530.8025458753
-15676.8098631873
589984092.2091330290
4085467.2707893997
519741.1466791425
2725345082.7893195152
138909911.7182743251
11509821479.1657943726
1143882030747.1599121094
222636697437.1809082031
261829323.5823809206
2205556337.9824118614
-35797.5569829236
1432407612.4492433071
5688426.5112437271
3325899.2004029690
4484153189.6054658890
892867764.5860064030
14129840639.2419776917
528651509332.4254760742
58941369462.7998733521
494281717.6740669012
-1754251630.6577754021
1099533972.4787390232
-2659167045.1934685707
611053324786.2570800781
50479791909.4768218994
261286456.9550931454
-1128142763.3963742256
1480998894.1194610596
-5569168624.3707456589
1192707140847.7880859375
237642025719.7675170898
-212104316.2505651712
810122196.9650770426
-433131672.3574496508
-1723795031.2452890873
252098409085.5922851562
215153845397.0326538086
-110273825.4317124486
312991717.7752153277
-1962396605.2496838570
-4166774048.9468593597
69329908004.2577056885
289604190532.8057250977
192593153.7708210349
1580254749.4127690792
629865273.3554641008
629750.7085264416
8409659.3962377813
730466787.1390825510
4022870567.8113660812
544224988.7016069889
-1438551372.5866253376
4919356035.9795742035
47810515133.2146759033
158392458470.6688232422
398772257.4870572090
29377337.2778375000
110606767.8118349761
9141245867.5909290314
459526237919.5516357422
143722465920.0628051758
357971817.8227596879
5156837074.8260765076
44876094.1025300920
2957961903.4432888031
76509548.0192827880
81591716429.7853546143
340598201935.9850463867
682411593.7232073545
-4242388080.1042475700
5692586600.7467880249
353879571232.6789550781
149329932028.1578979492
-496233632.3794918060
10763856.3785996605
396873904.4165030122
6154273500.2121849060
990802808962.8259277344
227510220082.3691101074
367713947.4266898036
3086988590.1560235023
-17573.6339177023
-66066211.4998090118
3727616.1213699109
2180332.3700296092
2200521315.8303718567
358.3244708963
1813528818.5656499863
4486180.9031056222
1693728.6091129789
12642321292.5016994476
18060396229.5767974854
1265108461.9068999290
1328535224791.2546386719
3889605559.2800698280
5246775197464.0625000000
44527462.8531282023
4188776048.5988802910
790642738.4700070620
23039814143.6787757874
7279756.8239375995
807396457451.4982910156
15529332147.5559024811
-2042275418.0613102913
37643979922.5467300415
405520668786.9401245117
298290919089.7492065430
30587446554.1879081726
-43621306.2844171003
10455397248.8584651947
623513169115.5145263672
356109497851.2606811523
141914973.5134072304
43334092.5522476435
20974999698.2554397583
176843404288.1233825684
231541298628.5735473633
645.0000000000
698.0000000000
975.0000000000
391134564866.3311157227
79294544536.7531738281
187055776.2209816277
-309711534.0077329278
-113492605.0435091555
604219222684.8532714844
43057760160.0382385254
300564182.0348082781
15236731167.2229061127
-2847378357.5122518539
-6058450460.4392700195
210107816276.5343933105
302957425007.1393432617
-3494229983.4302535057
-1155150615.2133910656
14326095061.2086505890
387922814078.6646728516
205382430461.5506286621
838.0000000000
949.0000000000
170.0000000000
92077392557.8332214355
1225885683.2350001335
1428503252528.9746093750
21971527490.1327056885
-23835135514.5258827209
8472739655.5925807953
5191888689234.9794921875
2434091515.4349141121
4757326264696.9277343750
62172686785.4530639648
-68371209680.4905242920
98844564888.5509796143
16813669444250.7187500000
15798244452481.0644531250
911.0000000000
536.0000000000
640.0000000000
9166269382466.8593750000
9443653401061.3164062500
-12131040404.8265132904
-79805210021.4161071777
-43241537658.4253616333
8887112919604.2402343750
6537824518642.6406250000
-845286881.8593010902
2109606481.7007410526
17593785908.8403778076
6125286559003.8476562500
-573143683.8333131075
505353571738.9131469727
-432717734.0631468892
10282273068.0490837097
5099341879.6754446030
2370338844159.5351562500
1429001043.0893402100
77433224407.7265319824
1113856079.4954953194
12705589369.8608169556
-1359818793.8250069618
2448426342158.1181640625
65944049.2068494782
97894795496.5791168213
45417884326.7495803833
-12313171293.7648067474
8633730157.1103343964
1230264472401.0314941406
811513595005.6501464844
39146254419.2112655640
-7248941986.3321571350
33510816290.0953521729
1305389237863.4692382812
511648782119.2977905273
11544447961.6995086670
-44472251303.6736907959
58000619875.9559631348
2021146094720.2534179688
1510397078457.3937988281
4502054205264.8261718750
10868170516.4717788696
-34972506243.7444152832
5481777961.6508913040
571251957507.0305175781
227912244989.0301208496
5285350884295.2812500000
-25440409895.8815498352
-10438231577.8603820801
3931108830.6683130264
7607252684.3361186981
23975096.3125981987
50852084865.1072616577
692.0000000000
623.0000000000
604.0000000000
338525362969.6610107422
619.0000000000
28736258880.9866943359
4909493040.4534235001
7813284725.8604211807
62554301992.2842712402
1853112160889.0805664062
243303283967.5620117188
161075589596.7828063965
348.0000000000
68.0000000000
436.0000000000
1168371740659.8239746094
396.0000000000
411378882921.2614746094
44328510598.2504730225
6557291926.5389175415
22773758335.8595428467
110135660420.0230102539
330661268044.0344848633
1034702335020.8017578125
-290020463.1422293186
130936815.0871370435
9988998208.6762123108
721941933705.2039794922
339910211.5233023167
316251279034.8311767578
11986922225.0403575897
482717625.3243678212
-1193938577.0708293915
689167973804.7864990234
44647757.2483230978
936914566396.3753662109
282916156.6050539017
2586690920.0667800903
118804116.1848340631
1205326377709.5041503906
1493982152.8078570366
165800677006.8909912109
530.0000000000
974.0000000000
986.0000000000
2965731251163.3203125000
167.0000000000
631263549848.6634521484
-3485573763.7506465912
-51299671376.7521514893
-6694255245.0584344864
811311743733.4831542969
137171635944.4736480713
361177865074.8606567383
-2478365312.8477816582
-20680168296.1697311401
7923895415.8135271072
564874457444.5220947266
362379654847.0247802734
105831821936.1324768066
-12838323777.2992401123
-19785724243.8773460388
22246699787.5004196167
2238113607608.2514648438
-7558477.6725236727
645951602199.5281982422
-605746012.2339938879
-3560813031.4967865944
-3026897373.1013789177
1280910583254.1191406250
1223364064691.0136718750
490650299639.4388427734
3270178736.4069900513
-547033717.8330631256
23524885185.1370773315
66471982436.6150588989
128462149278.5837402344
343.0000000000
77.0000000000
865.0000000000
187104103577.9161071777
10708574597.0298748016
9477487071.0386161804
-2508795456.4270758629
11357935621.2609653473
415807154302.9036865234
313738122736.7692871094
10119454457.6894721985
350428203.1558404565
30206364612.6005783081
442843337476.7335205078
311799605994.1296997070
2834671467.6859407425
525365770.2985525727
23184091697.7826957703
350293380334.4727783203
229323346764.4307556152
506.0000000000
304.0000000000
145.0000000000
296958373061.4735107422
6650219339.4748802185
56215950474.9860458374
6311988466.0802259445
-2588587743.2967696190
12323526506.0280437469
533525111042.6658935547
75401992431.9838409424
13484653482.1402435303
-2829792352.4611968994
33079262898.2715644836
258514386294.3951721191
173730508860.0234985352
823.0000000000
716.0000000000
57.0000000000
132562970770.1584014893
32275147908.0104522705
471646662994.9774169922
459.0000000000
191.0000000000
726.0000000000
60154917004.3821716309
70403802041.7328338623
1096679837.6175119877
1808335319.9871680737
1774.7002634542
3942070.0497700600
2051253.9748964971
-306935767.1396163106
-9611691390.6626873016
-2420293530.7849793434
176163011507.1359863281
931363415.3191890717
152881336959.6358642578
13670429924.4060497284
680955422.4887137413
23169445034.6242637634
582530619728.5953369141
1023720418.2721999884
1172588246647.4809570312
3750664018.5626258850
-1395942976.9608900547
-250783549.2929280698
157275280093.4700927734
135613013320.6018524170
276294570.0871736407
16888231228.0713768005
2529248860.4884142876
3410980919382.2314453125
1897462887.9891998768
514410456621.4812622070
792497865.3848936558
-295255876.3524318933
3978230041.3377065659
905941311507.0358886719
113399658563.7417144775
466825100.3352516294
-8486672599.3949680328
5156317115.7079858780
-4603799959.3545503616
636098094797.3764648438
445403611504.6566772461
7167087531.7707080841
14737054656.0064640045
-81884661502.5805206299
-21804611379.6184959412
5011633550159.2773437500
1734162259.5313017368
2624782200783.7416992188
1322374981.2930769920
-5747593186.5649347305
1703890626.6183352470
290553258457.1257324219
312672903230.9044799805
259070463743.2465209961
21876272787.4349403381
-10406267709.8169231415
17986413040.4470443726
7634622611696.9843750000
956638389855.1562500000
1066129127290.6534423828
16292780362.6833000183
-3053559178.4859762192
53185588788.3064651489
4067544388419.5805664062
202400613494.5792236328
479517760859.9915771484
27794143423.3709831238
-3373421988.6878294945
15668460685.1535186768
925667567924.9011230469
34510644753.0524978638
899388411091.5961914062
22732574172.6040840149
-7643949675.9498481750
-886980683.5896916389
806628465221.5421142578
1265344717867.7038574219
-179759747.9870859385
3253114666.5720338821
-6141083390.2723035812
3666834512309.8671875000
1599296958.2483179569
1134955338964.2421875000
6826913835.1949548721
1313063165.7972192764
19889880732.7462310791
140232768932.9872131348
114303741785.9760742188
1796342400233.7431640625
-1667646518.8895995617
-14393666.3898730800
2958430216.6690564156
493401988088.7637329102
392123463.5844863653
529507471379.6174926758
798.0000000000
939.0000000000
368.0000000000
386105933887.7260131836
88.0000000000
358117839498.5907592773
10190135536.9078636169
-316177578.5302388668
18962262664.5434226990
133064005877.8210906982
176911438029.3416748047
6374951984.0257387161
-97377133.9134072065
55438276102.4631958008
5115365183020.5048828125
-153978155.5749577582
395985596693.0780639648
-3778769329.2586197853
-10201114065.9657592773
4433379836.2487754822
6829546208021.0263671875
612753705.3180220127
485527676543.1444091797
9550544936.0714950562
516563387.8195657134
17657764768.8659820557
52579599094.9086608887
142019562873.8259277344
-966332917.1602200270
3709286784.3075819016
6012975858.0059585571
157176913677.7011718750
423902352.7655156255
819264788368.9530029297
751.0000000000
233.0000000000
153.0000000000
318429183417.5339965820
459.0000000000
279455667100.7252197266
13273521216.5424098969
-1727075630.4581019878
-13475745586.2198123932
208742468711.2715454102
253723185328.2874145508
-3648783194.1360425949
842725889.5686972141
10272760837.3088264465
53665729304.3488769531
258618964850.0758361816
6233697960.3254861832
10267271957.0726852417
-4273103688.0078649521
872250702011.0949707031
534570270.8762768507
3996258477337.3198242188
909.0000000000
590.0000000000
469.0000000000
178165101299.5229492188
467.0000000000
2937412835778.1440429688
27781708773.6776695251
-369267527.3392062187
-1488769353.7221858501
357097458878.4022216797
301792515933.1846923828
30757303938.7053833008
-236668610.7879513502
4759206686.9310188293
193445528583.7026672363
263651025631.8265686035
7153453929349.4882812500
936.0000000000
770.0000000000
376.0000000000
335823964261.9633789062
709.0000000000
268729915594.3341979980
12237182521.9451007843
-2632289626.9703397751
4934165744.6630525589
820552832274.6414794922
1658160474.1785285473
589882426154.4301757812
3695548722.1440920830
-3269355603.9747552872
4794640811.0649147034
750682558179.5428466797
6632141.0017646085
458842524134.3872680664
17365591554.9538040161
-63421911138.4915924072
14571476946.4038906097
106156373457.2213439941
427924967075.3245239258
3846984013897.6962890625
-193256451442.6566772461
-11031487171.4590930939
38580952911.2485733032
955744533017.0054931641
-1429008074.6109764576
11730005533487.7656250000
26749262207.9278373718
687158364.4669592381
32483970741.1217155457
2844605805478.9072265625
118409818313.0778198242
155853876455.8318786621
-127205331633.6290435791
-29035307739.0716629028
62246438561.9592361450
4320093142045.9799804688
36949951934.5358657837
5668446677556.9257812500
11746569407.7200431824
-16779565439.2623443604
7483219434.9756679535
4166564518117.0908203125
135150793581.3500823975
81436691998.1556701660
44155595092.8752975464
4130500890.8928828239
252322035.9985800087
1274465116.2790019512
1641549223107.2216796875
2324170814961.5156250000
39215770773.4715194702
-7753111787.5699148178
9989726805.3523845673
1226994077217.1520996094
207245806045.0429382324
6449165693742.0468750000
-25233993850.5103683472
-39612404299.9845275879
29758766519.1985931396
606063704009.5643310547
996659328.5633319616
1610495174874.7741699219
-14014051125.5028419495
40177983180.6213836670
17364802092.5554847717
1940916217033.0117187500
583675013.7785936594
1231339359782.0500488281
31027866943.5734024048
4726519029.2449541092
72670796113.7760467529
2325157826660.6274414062
79425784834.7000274658
29441712467.8584442139
516614551.4167022705
-28609.1008570012
2235506712.9173035622
5176620.4343181001
1821449.8257089753
1658930464.8297777176
4022727191.7880430222
5492649865.2236938477
465212957601.5210571289
63063108942.5404129028
262530641.0493904352
694640636.5348359346
-11709.6438411076
-777041335.5886712074
2962440.2098515867
3950207.2199350032
-110623341.6859981418
3152.3560835338
-255413826.1007422805
5855737.1722650183
3076761.4042984224
187620265.0481508672
1051449017.4043006897
2936698416.2554969788
879614565488.3156738281
201891165857.4929809570
-201299576.3949044049
1346894777.3388886452
-1572797911.0503170490
8427176467.9674901962
766141469087.1600341797
285103075008.5626220703
-137194433.3758006096
42285593.2164211497
487800074.5470823050
7509995264.8307018280
401836199280.7894287109
68486811388.9799880981
804572795.6207226515
526089365.5821052194
-1420649212.0409018993
15594221610.6151599884
815270365179.0567626953
18219529922.9968070984
628123313.9457554817
75137343.5587535948
846956840.4670851231
9039758201.0811138153
459455688198.5487060547
190797315763.0995178223
-68792386.3099383265
3839082722.6113939285
4510290556.4336376190
-3661396397.8195414543
792487090760.0974121094
372375090.5140200257
54786326891.5065765381
900167260.1405605078
-2574898157.6836042404
1370885749.3363122940
966593429795.7768554688
92960325436.0030822754
-624811223.2751924992
867857227.4398671389
-3023761794.1832799911
11697944989.7654094696
787999562935.6810302734
251507759421.2052917480
309528730.0513356924
8742695.5738844406
600354987.0390138626
3759323730.8006381989
516664899940.3186035156
227513142792.2411499023
205242222.3669772148
-1348542625.0151941776
-21121.9700207789
323055099.4051902294
3280841.1373589332
1200411.0998576810
1065085683.5263993740
308360324.3002854586
-224485213.2896665335
2571244.8942014794
16990793324.0315914154
327814462262.6434326172
1122139561.3269786835
1172796861.3291571140
13332854048.5679683685
517569125636.6243286133
41341083545.8289031982
153833261.2699847519
-469399054.1611018777
-7326.3681551368
-609943215.0737128258
4764763.3192274747
4260732.3258966673
2097563602.3083157539
-18603.9961117687
2466165984.4807052612
2241477.8716712706
2645922.3413878344
676034196.6753340960
-2914.2280436697
-228886292.7090986073
4479960.8861173624
702084.2807260701
4140489541.2927551270
1173578700.9166588783
-106900434.7786087543
890420988671.5421142578
1728407135.7977788448
401146170.8408024907
-641447668.8738422394
-3885978049.9532647133
8959064797.0256767273
483472514485.2715454102
100530924469.8177795410
457052545.5165523291
644092610.7862486839
5961951424.0269937515
7337245695.4060487747
608526727969.0855712891
266799553174.0981750488
-404723433.8378105760
486571720.1286039352
-1133233613.7985708714
-53028228.9921385348
749403943103.5749511719
232050688796.3706665039
-347945269.8109885454
1074480929.7815291882
-2939074761.8537855148
1382735396.2690808773
920024186393.9476318359
88397122921.6489562988
177732820.2594329417
171135277.5472145975
883165123.0561558008
5607628084.5235795975
989230795979.0921630859
204638644841.3846130371
729489959.6420426369
291005222.6081627607
-12242.7798768307
1628798857.4033737183
2593232.0380849633
2684157.2611973756
-3959222990.3441891670
-275139542.4021974206
10180600678.0542278290
675714713573.9941406250
297115921771.9313354492
466377731.8167843223
447219664.8163838387
-2966124182.7593274117
7040935043.6309623718
745365287351.5778808594
271136562277.3087768555
-968999783.9198019505
-1203843036.0673878193
-1075994135.0202505589
-1420405742.4978153706
1090723025238.4362792969
210282588803.0818176270
1592484288.3911809921
-1153112483.5881056786
310623045.7720525861
-1681712339.7721228600
1133213399395.9067382812
30591351289.9625282288
230040869.5133160353
535442314.5701526403
3873605638.0529217720
-4130413205.5498781204
1189829349274.1145019531
320042417809.3413696289
78209408.2712336183
1689373179.0970175266
319421136.2706956267
6320025.9159554997
31572380.8927310407
33005307093.6590385437
5733151368.7104349136
1715220531.4514315128
274715274.8395241499
8580277.9868909586
7108518.5571474601
7116412097.8490886688
11780008483.3987770081
921030779.1537425518
-4100014786.4443197250
5484704369.4084062576
324991088230.0496215820
67444061056.8433532715
310572773.2524287701
-273463755.0013407469
698928968.9679212570
5262317031.9176063538
164547568040.0154418945
29422828891.6113281250
1624385708.3566040993
1613187622.0319144726
-5934.6211471352
-346167509.5003061295
1442888.6614303757
4496108.0251470525
1625954151.9263405800
-33934.0243951789
1515617692.0140826702
4683749.7335014194
815045.1590741874
1543071910.9691793919
-7404.1375134894
3489308842.8130617142
3183136.3915346186
1187422.7697849746
-2958417919.9274101257
76985932.5951311886
1958579591.2777352333
1082732677028.9565429688
177645446374.7233886719
1212400863.8214018345
245232777.9449093044
-4493358935.0465154648
10652728595.7682247162
611469260464.8406982422
307475600237.7468872070
-1199427734.3292701244
2022780772.4994058609
395717103.5945626497
2269807064.5392756462
532469848040.2327880859
403226021975.9871215820
39223023.6090793386
410511877.5139492154
-250660627.9878222048
200159656.5680476725
135212530.0335885584
13091912491.6814765930
3318187592.4391932487
295177584.4037067294
-3377639883.7008376122
5381212916.8046836853
815891151206.6040039062
155701351863.8637084961
-255247692.1450866759
13705311.3702778798
924843819.6920180321
7571714049.6811761856
792290845421.6495361328
79582663108.5494689941
232218986.5219259560
-1251944011.0846116543
7671885646.4697418213
-1264345975.1579487324
1270639870554.1047363281
257406618460.1727600098
1188639093.2134478092
1982207499.2406034470
-3242684905.9686088562
1559724916.8030030727
1147820764981.2128906250
141968043053.3883666992
-134738028.5983171165
-2995914168.5091161728
1078438436.0152387619
5145131014.8449172974
495480244948.6669921875
149216643369.8160705566
128235038.1488175094
-2840273620.6573376656
-531328843.9557151198
-7202187287.4590816498
1522617668430.3273925781
187795791510.0082397461
596581071.4341205359
616691668.7164250612
804298008.2301490307
-41091520.8067429289
-14902773.9958914090
20065245429.0842475891
5963457562.6597347260
1255773567.5240249634
-5362016173.2310924530
5166498103.5618705750
853154893670.8513183594
251812663176.7052001953
65376894.1726870686
18096439.7631479017
738306571.9487819672
4466989611.2578897476
314844950497.1103515625
74427909812.0207824707
186297068.9214039743
6727497240.2767248154
-202664255.9308126569
-228322775.9551199675
28225935.6111809351
16983387570.3768062592
39241585278.4376296997
2134983005.7599995136
334974418.4174091816
1129879583.4989860058
23019640.6383203603
5439734349.2243766785
487038372466.8777465820
3238768119.6727719307
409873610.7108528018
-1008781690.1561758518
21162446.2804930620
2969520933.0223116875
333199834586.7327880859
2984681556.9862575531
2357459672.3985548019
2078005600.8669481277
7066732.7622849271
11069499235.7785682678
556359479376.3325195312
1461098716.9697525501
-2308310966.9781360626
-5019218746.9184617996
443766162103.7028808594
181113437893.8307495117
-490374378.5686571598
7063971.0586894797
-48924276.5092860460
7861310904.3390417099
1066231080315.9924316406
295431372855.2434082031
118287950.5428045243
2028564574.9142982960
-9399.6354253081
220428816.9451288879
4821335.4029544489
2024156.4742178905
750568080.4159834385
-33156.1705841731
1017892477.7635293007
2208051.1533501516
5179201.2849354427
2790704032.0452537537
75.2147469965
3349094466.0829796791
1571059.2297263327
2174092.8492134260
1748147385.5369944572
-14177.8508331194
2373161656.3651351929
1423957.0930241868
4925586.2087895153
-2172651918.9444322586
507682529.4322947264
4434953640.8180341721
851935850114.7767333984
100789892637.8824615479
471033513.8269760013
-403422653.9089677930
1624063214.5576367378
3911910572.3422398567
714834773942.6473388672
91898065361.1068267822
-116268569.9873838574
-271937848.7554195523
1380172029.8468968868
-2632124468.1047091484
965756626112.8680419922
95274084207.2779083252
-659469089.3596522808
347936289.1571143270
-205978826.2932732701
-4728747205.2029447556
408383846292.9391479492
149147007870.4492492676
345993473.2333044410
-589450136.4647046328
3244731066.2942457199
5647539802.8905115128
916042607046.5694580078
227654905956.6137084961
-176714274.7456054688
656791213.9770321846
-317422235.2354339957
415198.2059107265
24992341.3023929298
14309697980.2633991241
7955259866.3603658676
1030512361.9652000666
-5555815625.0384483337
296916402.0618435740
1157047310296.2539062500
257200119373.7542724609
-671115532.2501833439
43948496.5676449016
102757099.5335849673
9583088473.8449001312
433319742632.7747192383
155702217045.9289245605
285875442.2797009945
5449140762.8729457855
183454023.1417733431
4124174.5217621420
12197945.4656673633
81159834585.4064178467
146170646823.0669860840
752773393.3492861986
-1702390656.5245106220
4673244097.2766704559
961963679461.8007812500
130643738748.2311248779
-268915762.4190438986
34406737.4198032841
69570312.6757539660
8413324120.2371978760
1019269101812.8292236328
35952711437.0091857910
583524222.7744926214
2490811132.4927234650
-17433.2350891660
1451632032.2114574909
5074407.1508086324
3486063.8330725092
971318666.5957087278
-5233.0356954021
-588021470.8753678799
1771474.5486248226
3867712.6595324962
2079692214.7453060150
-34932.2026431729
711358711.0542014837
3474444.4849658920
4363144.6376241259
451888274.9874097705
-22814.4773960049
991596217.0373829603
3346350.3389702118
1695705.8434304602
999725144.9465793371
-19507.7279693860
1078461828.3156218529
1780467.0080589941
1468756.7625007099
2054286844.9362454414
106062286.6869441122
9010221160.8980522156
339847022448.9578247070
230773262052.9458312988
-452734185.8698656559
564959446.4138085842
2948935666.6864409447
1532699986.3056910038
58713025481.7880325317
-58067767.5897671282
481242671677.5486450195
3012528699.0278997421
26598038083.5585556030
410673669.9420860410
535630524790.8726806641
4145691391.1332921982
7259981228032.9912109375
1741672565.2545454502
723081061.5663633347
-161500505.1051237881
615031466.6608312130
-649487045.6558648348
26343369413.3163490295
-13147435.1792724393
946082997657.8669433594
1970630302.7278237343
-69105600.8733077943
841378.4134392000
32459497.2384263948
34377811761.1046676636
212154955.9336194396
29429880.9218517430
598411678.9826147556
1621445464.8257126808
680419346509.3846435547
100025812244.5052947998
452240872.7360540628
2842213575.6492991447
-4864512074.7276773453
-1146000215.6679954529
1316931363762.4042968750
101351802208.5968933105
-600451916.0197433233
-690279126.1150740385
-4788657349.1568765640
10190546462.6146373749
486252546176.8314819336
114201511485.5872497559
63537114.0154410228
1469143409.1287095547
129815343.6799259633
8279233.9499017056
17906241.6523341835
62986683156.7240066528
2319847005.8748335838
454127878.8431224227
-1701211287.3940808773
3514822142.0766229630
553321173927.8857421875
126957321244.0896148682
374874022.9632076621
2697917350.0313425064
-496412154.8844618797
8575541012.6312751770
239156660051.3282470703
173455570865.0539550781
30539704.2735911012
727402236.4219204187
-427861220.2123215795
6469240688.8040523529
46205277297.5052719116
53250069499.9146804810
-51137200.3777906150
-363552296.3413190842
108513529.1487448961
-1876955428.5137562752
614638536725.3587646484
127788228075.3237609863
-286007351.0617191195
878852957.6546747684
-3599330742.7664165497
4611180608.2225284576
1058668822450.9628906250
268366340921.9665832520
279774997.0814606547
-188495130.4507223964
-30353.6633373508
85391843.4991273433
2014286.0827749274
1668230.9205739833
3236324956.7104864120
-5193039544.6793680191
10205203653.8417453766
257899159724.7161865234
155546763928.3750610352
104879726.2525613308
-1878789187.0719239712
762336196.3458200693
-11882016891.8481330872
509610790344.5983276367
216191623825.4215698242
-436486608.3119835854
778523413.4389079809
1955172064.8520591259
-608038750.6481386423
58617763542.8635711670
-45575898.0502543673
1049588266528.5520019531
-109788718.7790955305
1106943927.4650170803
1860180520.0972414017
32532347749.9140281677
-19886689.0857473873
633550691258.0887451172
-1425265286.4024112225
6035642607.2794065475
563927426.3739858866
1639350238111.1464843750
170528287.9001856148
342763089547.1613159180
1319461085.2922673225
-148858893.9852343202
2350542898.7534928322
84381658586.7948303223
118940952538.7042694092
-439273206.3909405470
-654259792.0484898090
5303624743.5821485519
1616030747.2747664452
1015723149433.2513427734
249987691476.9629211426
118235001.6268455535
145020315.7179619372
3501907745.1801047325
-1084124412.2845947742
545943496442.8702392578
55856263.5771030039
34779731820.0200805664
1482409471.2284359932
212893194.1409367323
1339433227.3579306602
11930762.7436555885
39836518823.5248031616
75867631725.4632263184
-289118118.2074541450
712346232.8171468973
-3299915514.6092829704
272666470335.6661987305
179884648266.9206848145
-526874326.4278475642
43724436.6679264158
-43846774.0696780235
1068811165.0850207806
221141056202.9478759766
110445113529.2048034668
24913317.6569113918
1035328235.3727151155
-20106.0834640371
2874422407.2792477608
2334002.0140878847
727809.0753146368
434420697.2528096437
-10198.8847347573
-653541200.9098759890
2251621.1764437812
1232548.1782414534
-3741233996.4606533051
-50456681.9708386064
1324082699.2759714127
905011598982.4736328125
131448467097.8160705566
136394368.0653924942
372641967.5744307637
-4000112246.2895216942
1736772751.4648008347
983988543076.6553955078
156605981372.2673950195
-138673040.3693343997
-755468669.1418646574
2424405484.7647027969
-1779619405.7587819099
337900781907.5753784180
264429418269.0298461914
-324357694.2199151516
2210690002.6482734680
706468251.0414798260
127105.6475924928
14024784.1508602276
2891970891.1759529114
22201859426.7711372375
1401740024.6177270412
-6158818262.2367067337
784419844.5310297012
686122744098.9750976562
156569425890.6155700684
-722915224.0395752192
31936215.8261975981
-259862770.4415469766
506648905.3859460354
943841400001.4893798828
8572780464.2968568802
513050657.3249027729
984248376.0721398592
-3816894900.2535676956
7424981809.4081058502
1002991782326.6181640625
73602751117.6246948242
-456135735.5502640605
1697232515.6698772907
-22584.7788475320
-441102902.9437153339
2900061.1958391331
3969564.5113574788
2790602879.4801344872
724171585.6753265858
-110163558.2850181162
94440635.1105883271
11547409447.2127456665
231360493408.2438659668
-1078723826.5276899338
-978156998.3743889332
151693339.2314855754
29900864.2567474321
86156803645.2719421387
729247044713.1275634766
1936694866.6328203678
643539310.4719350338
-4382693048.1664266586
753241939960.3975830078
143562694039.5509948730
126441704.8523909003
4978292.4670249196
-499833367.0812955499
695797942.1557407379
178961226327.0350036621
160888928961.6202392578
663046145.4074232578
30547291.6431202404
3891884975.8215699196
1287082157.4184000492
954478575490.9803466797
16675092.9330865964
244575201908.2274169922
990.0000000000
82.0000000000
31.0000000000
198689368175.0646057129
445.0000000000
80520805201.6741027832
-141029872037.6950988770
8105477619.5039720535
31547569117.9533576965
3198152710991.7714843750
-2842730804.0253200531
12968795149138.7832031250
10606573400.2721862793
-2188718887.0852179527
34406591552.3588943481
6355776913871.9091796875
177404003667.0234985352
554486855390.7669677734
19519894917.2747802734
56472026.2669396624
38635657730.7334136963
1887355917235.1584472656
110097861996.9056854248
385490419460.1972045898
3164349888.1963200569
3088701423.6168999672
4166298789.2121238708
544713259764.3362426758
308965518287.0346069336
150748613962.9120178223
15944062500.7188854218
-4416449597.3340377808
18995753460.2965087891
997585825682.8668212891
741909741.3320999146
390873957695.9287109375
-12024964579.8271598816
10725202.8104004022
8155954633.7560548782
408021969139.3484497070
206795685290.0650634766
-5846413501.3844738007
-205450393.3579001427
12110171504.0214309692
716328087731.7484130859
1014048582.9959998131
798200838035.6136474609
-1496674272.4056878090
-1689520177.8235182762
24205517873.6699752808
264530140777.6013488770
72827229227.8813476562
13930095532.1930713654
-1882253471.8142144680
10914006942.9880867004
545345285001.4247436523
121969729772.5890655518
295.0000000000
653.0000000000
211.0000000000
264953425699.2692871094
189474294090.1696166992
-2458477608.1952323914
-19265960790.5617332458
29104319354.0506591797
12257295987805.3300781250
1114144412.3102805614
2131188165442.6108398438
-1972688795.2145533562
-1635453090.6955521107
7793404736.5188207626
5686123322287.8710937500
-245684937.3825643063
349598989148.3574218750
44207946371.3137817383
3428266976.5795869827
-896503231.7492368221
6113605531944.4257812500
546784233206.9500732422
840767301615.4020996094
46926101024.8821258545
-64304594070.8408126831
93750194169.6409301758
2060383530765.4477539062
521697853.6048426032
935623034932.8070068359
6.0000000000
576.0000000000
2.0000000000
362824886011.6690063477
379.0000000000
89576638531.4499511719
4404650357.6611585617
-20952495668.0043258667
-25387527369.0437507629
523946691694.3748779297
22426802.4215735979
794079097424.4449462891
10827217168.2345981598
-19658327393.8046722412
2624690646.6857323647
579690365536.0917968750
128983237.8057842106
128066836805.9472503662
653.0000000000
219.0000000000
252.0000000000
10269005775.0419998169
651.0000000000
3338199749.8464155197
213.0000000000
606.0000000000
123.0000000000
1476327318485.1000976562
702.0000000000
41032080750.4302062988
8226307370.4341621399
-3527545560.7811956406
13223618758.0311050415
6106169685923.0839843750
367692040755.8574829102
496466438459.7104492188
3734031627.3290328979
180972094.7085042298
3860308578.9842948914
119040061754.8737945557
42850075268.2221145630
9652044146.6366996765
-1218841874.2819225788
-10352946930.2255706787
224334562583.6050720215
35672062769.3313980103
10509153108.9657554626
6353485366.9302997589
-24942542779.4135093689
708522750644.7862548828
1085238272.8033001423
1148786046756.1638183594
233413329.6274994016
10935812107.6090602875
1066068935.8989112377
3933257891967.1113281250
2467282598.6006751060
194646694224.8169250488
-1688347261.8028693199
-49342479398.4591903687
626099771.4873132706
1414039284903.0234375000
1174795212.5260801315
1099657016299.8193359375
562291409.1756680012
1316044978.5040800571
942274820.2328760624
1051426365539.0391845703
1598865621.7286019325
1289020631014.4287109375
1234116282.9560217857
-52226222344.4340209961
-3553785722.5520691872
1309814356213.9128417969
335673551.0150768161
249426634013.6536254883
-2840005812.5816445351
1223900021.4660000801
1962514611.2997758389
765657887500.9492187500
182015926.2265055776
997066633199.6656494141
801.0000000000
918.0000000000
864.0000000000
262872448549.6329040527
151.0000000000
196099842780.5759887695
852.0000000000
715.0000000000
992.0000000000
1147269720844.7580566406
727.0000000000
343021309111.9672851562
33886344640.1877479553
-991860085.5432738066
23567379369.7688522339
496077116688.2799072266
191797487719.7868041992
7989388608202.5166015625
11623692407.5120868683
-7523884543.5987167358
22991231902.8246078491
932079695899.8166503906
1162288632346.1347656250
33844757243.4388008118
-3680971876.5105290413
-3395853330.6640052795
673241252797.3935546875
336620899480.3717651367
9482373674.1545295715
8383148059.8567562103
-1513600772.9751138687
793765619287.7911376953
7070258668.1342992783
3038163640074.9555664062
326.0000000000
634.0000000000
128.0000000000
1500667824200.1948242188
443.0000000000
5155246572.4230499268
969488054.1731100082
-772331909.6460094452
13679244355.5584106445
106448458869.4444122314
192722388108.0528869629
1326289639.7802960873
2310339603.5203976631
1049.0004360340
651937.0326024999
1060822.3323828750
-292322243.9543877840
-271702097.8285976052
-25641.7591400692
1706929.5381238770
2972107.7059984137
832.0000000000
461.0000000000
919.0000000000
1947238498290.2998046875
650.0000000000
208030033472.8823242188
207164852.2752639949
2464792098.2357001305
759.0217447124
3280539.5962712583
2203836.9813265936
1515622975.1250824928
1079520083.9836544991
9267622193.8254413605
558884895783.4272460938
1358005181.4784319401
174407308922.7298889160
-4459638559.2974462509
-250151842.9228986204
5674704252.6484489441
271003843397.5132751465
301324965388.2631835938
8190535486.4131040573
43545284.4235445112
-10142736972.2791271210
112113929632.5364837646
261851566454.4365234375
2744315838.2450647354
5339680182.8134660721
-5682.6684122797
10023707.5877660308
5371222.6653979104
2174958023.3282899857
5640273595.8036317825
21138.2558600923
6963402.5812481726
1256816.2489873299
2191377510.2593884468
4373194562.7615547180
-17978.5966588754
6978501.3404097809
4986907.2918254612
2221913740.3405299187
4623733880.7776203156
-79917.2401749876
4937161.0174201587
2636112.4207112207
1421047374.6098191738
1620832898.8123006821
-20089.5556115574
5239823.2012752164
1133659.5421685060
-2065731335.3150601387
-678629294.7292710543
-10288770693.1673336029
335378400558.8543701172
386446214670.5996704102
1830519809.4063980579
1509633641.1817946434
17412.7446258788
4438180.6928638611
297043.4332215104
874.0000000000
66.0000000000
996.0000000000
2253532805187.7573242188
583.0000000000
140707906446.1598510742
494450801.6024650335
6666470275.7978696823
393390255.3064061403
505420816823.8489379883
467100229.9540183544
684594784907.9868164062
403.0000000000
490.0000000000
673.0000000000
223645881730.4840087891
683.0000000000
399591739919.8497924805
19996663255.7158508301
-2328143273.5978159904
-5461723003.3346557617
395492361235.9347534180
154562455358.6936340332
5593484346639.3281250000
-3537718941.0193629265
-13692411312.7693557739
28961739189.1048851013
1446541510027.5856933594
1311830324.5185558796
787610428973.7629394531
123000277.3492650986
-6632058292.7620429993
18010505733.2704887390
1248598013228.0600585938
1546962485.5516662598
448565444551.4584350586
7048894.5559950015
1873656422.2986590862
1757946737.0024199486
3616885017.5573630333
30784931.0674810931
589751378595.7403564453
-1730953.7345496293
1399685177.0181221962
-1800987446.0502080917
30051804455.9324035645
29508062.5020781942
233335917871.0013427734
-525922515.2687876225
-9291413124.4078121185
1219354031.8641011715
1259872081453.1713867188
1175465183.1256902218
408710226804.2633666992
5803804731.3993453979
-7479465125.6885719299
-4896097706.0236654282
805620776895.9742431641
1082247683562.6723632812
9096253063101.6992187500
-13439172354.5359115601
-38936826211.6543502808
10766260086.0453605652
897858596668.8385009766
221134103.8341444135
839781042834.8425292969
11737391795.2697849274
74726695.1323302984
-14073327948.2501716614
421020194412.2226562500
140793090588.6759643555
10296464570.8697509766
181518372.9148685634
17575738.4674078412
103429606.6252661943
51084788573.8650741577
1172037061216.8049316406
67.0000000000
234.0000000000
49.0000000000
429914890503.9868164062
296.0000000000
213503801047.3663330078
27556135133.0487976074
-1595011368.3717634678
8000938559.4695539474
2710559557648.4291992188
45877861865.6749572754
318641569614.3583374023
7177073227.8764343262
-2978537201.8331546783
10591887052.2034683228
246179386551.1498718262
345729488739.3636474609
6619473857.7343711853
-585176554.8104110956
22944417642.8817710876
520541935742.0648803711
469066408788.1652832031
20387589475.8273887634
2587642207.4827489853
-12333731942.0062351227
2248649864457.0874023438
1861268044.0491082668
887934636171.5255126953
-9348970056.9562625885
-1925784258.2152819633
27771459462.8571128845
313935930183.8670654297
595661204915.5097656250
1364238990.2672057152
12860074.7515572626
9672814571.2874794006
219458288763.1237487793
172879256105.2658386230
338.0000000000
359.0000000000
942.0000000000
347239207207.1664428711
530.0000000000
52804384384.3740005493
24393657220.9521675110
-1828994373.9060513973
32541811391.5603141785
154372088791.3534545898
546808813911.3920288086
9773430173.0897731781
12708938573.7297916412
2797622081.0610475540
594166117579.8408203125
511564808.6170603037
5181435902947.9648437500
1702876260.9712092876
1206621887.9889950752
9241915774.8698501587
-28605580.1261856556
10743280843.3725910187
160980661596.8529968262
117807394475.9689483643
3450434.8319390742
700993109.1245458126
1646687074.0076470375
2085642195796.5734863281
60681306964.7869110107
56140333.3333417028
791.0000000000
121.0000000000
318.0000000000
458846988661.6784667969
580.0000000000
292676242462.9105224609
-6822047891.8087263107
10884672960.8399810791
35917543406.1038970947
647856063119.6450195312
81478193.9350641817
682406905934.9085693359
-7027375525.1003541946
-31784529551.8302421570
-32273321107.5716362000
293994416560.9218139648
4973307.6499727797
170867989109.6119995117
500.0000000000
998.0000000000
107.0000000000
105499797026.2279968262
115.0000000000
19660932901.6446685791
36571383852.7231369019
2148563423.1292424202
42538920916.1442642212
192868658491.8935852051
99738419455.7890625000
590161219557.9420166016
34982475383.9135055542
7558077700.5722389221
8211798696.4447259903
735793795581.3747558594
288474760938.8001708984
-1339033031.1147215366
-23580370649.4620666504
11274607085.6741733551
1037844903263.8371582031
119682875629.2015991211
2098535895075.4431152344
-15775453657.5726680756
-1657565538.4797928333
28807206467.6139183044
924466139427.9796142578
1321762027212.3793945312
33487804227.5136337280
-6276261171.0932340622
-17440293348.8744506836
1708068634711.3520507812
204724630797.3303527832
2455354824691.6557617188
-653335258.2157391310
-6498889190.4727058411
9640796288.3953437805
1230030754844.9221191406
716015811976.8005371094
27093994000.8453102112
-131975140.5803546607
536848198.0759919882
5904743589.7437677383
616559727081.8951416016
3933972540262.4360351562
-45675571662.3316268921
1909879819.6366240978
29473005039.5919952393
1271887438570.7011718750
1001509349326.5308837891
-159677106213.8088073730
39784605471.3443374634
-2768816046.4296956062
1164263127.6393527985
11028299629718.9531250000
65634600634.3173065186
708257330360.4895019531
25568232307.8273963928
-3361544665.0623269081
29461810175.2476844788
753617878973.6573486328
338460115256.1246948242
1491847175795.3444824219
26966604539.8854866028
-16103292428.4385509491
22262715819.1782455444
717644558018.0140380859
450231150.2477015853
610242005277.1396484375
6144223815.8711595535
-1344208058.5927860737
-19341644571.8282585144
3238024588329.5468750000
48285713236.6259841919
297609869503.4067993164
2401942352.5239348412
-575065576.3774988651
734125.7805172800
5863132.1026495146
13092290391.7330722809
7172107135.2222480774
4246395.6440347200
836952473.9279998541
1221184570.1836938858
897586081863.8594970703
93590880213.5223999023
188126532.9143778384
2838908672.5321516991
-2382841151.9411134720
-4854736037.9184055328
737247373870.0625000000
286077980076.8332519531
-803116926.0392217636
3008824694.0063958168
783259892.6801449060
1703126479.8216848373
827114687139.6038818359
270155960018.6685485840
-594882157.7532370090
1147936073.4038834572
-1550146263.9785833359
-2871723800.8013892174
1140174666570.4372558594
227801865750.0261230469
-266770239.7019572258
-895725859.7869247198
-6990863193.8196640015
-1746316868.2924289703
669872431446.1586914062
194896514078.2844238281
-854935486.4656299353
-113345849.1560053378
958534626.8861775398
4932139663.3605451584
2095296883614.0278320312
1460439828.2176680565
715205215512.0816650391
1434258213.3526253700
-3746571939.8879404068
24229602.8183051609
570698156628.7028808594
233851388956.1616210938
-227660815.3336861432
-629715847.1121531725
7134570266.8511362076
2940390893.4875478745
746258265311.2647705078
152334185530.8966674805
511266029.3331216574
1861336025.0351049900
8649647906.7554492950
1025005491.4453616142
9263832905.8151283264
737083635.0468690395
327587091553.5078735352
1374679671.6023979187
393546835.2375073433
11598662028.3942241669
811929213957.1820068359
205671586870.0817260742
234340011.2950771153
-1114359997.0283584595
-29049.2946398900
3549356906.5826001167
6534820.8722785292
1155466.0459362965
-1886893135.8329000473
422304172.7905278206
-1640055480.7351539135
39516348.7251630351
28236180863.1944198608
44021544844.3697128296
759910602.5689162016
1328.5742778825
1671586244.2247180939
4229746.0483044023
744124.5408730117
154277686.2850673199
-21543.2402685366
-1368775756.2504136562
1257318.9074142431
1212567.2678711636
-1964052541.9038915634
-4060029454.8021616936
3735229323.9980144501
654422389908.6822509766
233925986038.4815979004
-743122158.8210643530
1220523739.6866784096
3502964829.5453238487
2651001122.3400197029
348863310374.0802001953
149864181229.8106689453
490400273.8344045877
701854486.2804156542
880217492.4791052341
-3505078755.5732455254
1066700711394.5390625000
85051930335.5808410645
-431889836.7963774800
956638409.3856793642
-2140294577.1700441837
-4129163678.0483803749
732589701902.5167236328
91053748532.7049102783
153648721.6406250298
43959261.7842955217
1298866390.7597639561
4348657765.5937700272
894820501481.7846679688
109220708239.5839996338
519513191.1998733282
-2830731858.4973163605
-1530346617.7977271080
504223717.6723109484
1358323727224.9150390625
280805297950.1425170898
-10067455.9783219546
-2671895278.9934983253
5696978095.4129590988
-3334905792.2556276321
564202214981.7607421875
83636169885.9939422607
1420160502.8447575569
1624430773.5646419525
-6339708118.2278041840
-2222599390.8708219528
541790961580.1771850586
324869937424.8425903320
-1325179814.3586325645
2529400888.1883659363
548404118.0058381557
7169945.9741994431
50257842.1759083942
23885864018.0720901489
7446719492.0227050781
533154118.5037813783
-4918975198.7196788788
3080321900.4495935440
1101861885571.9443359375
137625271806.2343444824
-304096486.2741411924
1104087072.1207962036
1159673294.7294158936
-371427148.2479490042
168251257499.6260070801
31318808458.5672073364
111167636.5334053636
1474503812.4454247952
-2275216856.0253052711
2538750662.3889865875
605995140011.9295654297
219314655653.1570129395
-585664681.2467912436
-1126129481.0028684139
-42628205.1351046637
7518024478.3881235123
901575204375.5935058594
409315254426.1098022461
1018006669.6492357254
1673824821.7932150364
-174484906.7946031094
-4883790676.3852577209
1468332798292.0368652344
115582070502.5786590576
-317388966.4399322867
1260285190.4379141331
-1626800397.7622079849
-6504849612.6383857727
276914360114.1357421875
73682796332.3004150391
-734488490.8635337353
312765678.5631769896
552952640.0702970028
-148182003.3073542416
-115255321.0961238742
88025610943.7526245117
14625689422.1789569855
-237946318.0839867294
200938854.6967574358
384707024.0773161650
334939157.7627278566
26928182621.1182632446
1373192276.2758767605
1858298655.2993180752
-6900741083.2600936890
6070454989.2322902679
296803528313.3054199219
332796762137.2992553711
-847691657.3574748039
54474495.3480917737
1101771440.5454180241
6226650925.1458196640
889696718629.8256835938
142199904911.0861816406
42677798.4409267381
211869323.6407554746
-2530078922.1954026222
3147234451.4767880440
1153507860027.2941894531
136454247925.4234008789
-204160079.3906421959
951665751.3442867994
-4429548651.9071569443
9189141839.8909683228
445089621365.7893066406
277337998817.0994873047
-316207111.2095525861
1646930195.1956667900
-3481646738.8653812408
2479947065.7662363052
886983288966.0313720703
255838708722.9620056152
-132547389.1726251096
422688028.8082137704
-197442947.9343690872
49526.6249595300
25196520.2596896105
13500987249.3681430817
20719902272.6724929810
244521745.3205370307
-4835315516.1367568970
-3953342533.5604462624
387951859120.4670410156
237001162514.0942382812
-80412478.8837292343
4320782.1411914397
886098996.3238459826
3001785084.6059451103
87766965955.5011901855
164807031324.5940856934
1623193.4890434910
-764803666.8422679901
-4711.7116325874
-336667265.8632096648
3141859.2517756359
2107850.1484144116
862792957.7085298300
-24437.0929259560
1590755340.0328423977
3017650.0630828724
2460633.3154770965
4596183275.2526292801
13504689.8303866591
777891662.3632789850
59010688.4305029809
1435823754.6851599216
74948365519.8858184814
9069645326.2273540497
320812051.0473412871
-735699660.6538538933
302579334.7995789051
91590872553.5679626465
597605315744.6204833984
472484351.8691231608
3910521733.9210896492
280835020.1197323799
-49083191.6980800182
36417176162.1873626709
536236003046.0372924805
1775663228.9962317944
-906182969.2876627445
2358039061.9714283943
179727142338.3638305664
76440801577.3720703125
-689844053.4439084530
37281548.3113186210
1088194796.2189836502
2266295285.5470261574
933765461092.5463867188
184983774418.5265502930
877539701.4659202099
-1002866754.1928093433
2565868899.8102951050
-1611710335.6689698696
2638534912295.2050781250
856462708.1822459698
26471298777.1672935486
1333084284.2650017738
-438596671.1628201604
3938388.0142244641
15327843.0632261802
36609949804.0068435669
8276172975.0961885452
2826123044.7560291290
523665413.6652545333
2044653.1725005750
19195068.6532624550
39419597170.2698593140
9206461006.4835529327
857969421.6034936905
-3101706814.9431238174
5808070304.4326066971
473934050741.7357177734
169710011603.1810913086
-151144141.7346737683
-177761351831.1488037109
-22772525665.3712692261
24354849346.4128265381
2855602885673.1284179688
-511331627.4038919210
5840955329203.5458984375
17.0000000000
800.0000000000
195.0000000000
127549489489.4745025635
811.0000000000
1838095475475.1140136719
273.0000000000
421.0000000000
732.0000000000
220451207207.1813049316
373.0000000000
2094573913913.5019531250
14860796350.7478065491
5041507627.8762159348
-3689505206.1569542885
1085256500976.0963134766
225258766.7469058633
2158148901220.8020019531
19842223505.0605850220
-861294728.1285271645
18048102580.8920059204
69172955901.6717987061
132987999049.5336608887
-266731412.7621298134
2425093867.9575538635
5607158912.7281503677
1048479597103.9205322266
348554133.7599607110
665410836821.3591308594
639043746.7247599363
13132594139.2604293823
1009138584.7228410244
41166306546.2463073730
256076451.3763999939
1265798610578.1633300781
1262073238.0128836632
5416490463.2246770859
5850217407.8526382446
5732881521489.0996093750
224505835.8635890186
25439903901.0654830933
-989322596.9907494783
-19751869079.9650878906
11037040431.4946861267
3359367896934.3027343750
1623242035.5431210995
272756314130.0296020508
1735589939.8404345512
-1625445081.0374171734
7551493836.6704244614
607692944099.2681884766
116665618475.2206268311
-224205516.0022256672
361510018.2135211825
-4412509440.8651466370
2092026378.8595786095
1086177658463.9254150391
203533620915.0426330566
-165690000.0196580589
53972588.1975125745
-4336029579.0596818924
3144364548.6143217087
1173770950049.2443847656
130039064687.7028045654
-169552862.8960205019
2102221744.9803640842
1171948250.8549568653
-590306759.5933243036
1876947170894.6093750000
516944243.3018159866
73926125559.9564361572
-403252523.4520381093
4667842373.8231763840
2013064541.5897681713
453278561915.3194580078
121907495748.9403533936
201289942.0274292529
1247383693.2238063812
386967818.7688189745
-316220.1141490250
8295946.5921242656
15589032264.6207733154
3887873584.5998668671
660413788.1173071861
-1810432480.7794494629
5700549091.8865041733
771688804825.0946044922
82642906894.1852264404
-122898839.8145887554
2961061658.8810677528
3773959023.8620862961
-979899740.0367343426
1170575665347.0939941406
872891020.9990410805
73372995253.2564544678
507528779.0429216623
2441152803.3247008324
4371892268.1746377945
454849300628.2479858398
146463209136.3590698242
-184727582.3251889944
-1964993713.3592994213
1310930172.8225903511
496799931.9836479425
2608591541979.7636718750
459992758.8702596426
22063069970.9444313049
690191537.8964202404
143368293.9558717608
-239084277.5925124288
-161008333.5908502936
27446912905.4672431946
5960481779.0928134918
965354519.9353970289
-1393926568.4728720188
4940849256.0486383438
979547143890.6748046875
101214567777.6986389160
-659700087.6773400307
19873684676.5683517456
-39769905136.7363052368
-5469023318.0725049973
1977626345013.8876953125
1007142473.0099465847
125010187380.6498870850
-228702213.1979444325
243617427.0026481450
1472810416.8630425930
985694388042.9526367188
537361699.2521492243
158411441755.0655822754
92.0000000000
31.0000000000
626.0000000000
1432644512509.9250488281
551.0000000000
85352016278.1467437744
8810611434.4826393127
7076680.7883055201
10680024923.8178405762
50347197586.0739974976
195481928052.4515686035
643.0000000000
197.0000000000
276.0000000000
5981227069.5362005234
495.0000000000
580856795633.9132080078
-9278616440.1395130157
-9188657892.9280548096
23931002130.2016143799
1528625091498.6750488281
625099262476.7010498047
24271680492.4505691528
-7951650020.1952171326
24563770610.9819908142
1423276215151.2138671875
480972651268.5957641602
10315963252320.2011718750
28869851535.3643608093
-8166083675.7808609009
35308865358.0365219116
625559868627.0065917969
1006067464968.8367919922
4681888291.2164831161
-2768328760.0600361824
-14556933865.3730621338
263763213853.9056701660
50124404864.6863327026
1786075338019.7751464844
-18106355714.6651878357
-5104970996.0525302887
8206484827.4020481110
343668677456.5601806641
668696477.7105959654
1135174838157.6276855469
5487648050.3957452774
4408146691.9580993652
7222608930.6872577667
553542846834.9592285156
221657587206.7502136230
279935503580.4072265625
47413338280.9480590820
15846252213.8596096039
-2436567984.3931035995
745695839103.7856445312
546442994.0432859659
462993080070.5115966797
34165940793.2918701172
-3124941745.6532449722
26343550517.7653961182
314226022651.9137573242
543329269751.3308105469
3662961622618.8002929688
-22302196431.9636306763
13969309451.0903759003
24749163942.5872383118
5152466967368.7382812500
573151244.1597931385
83854620997.1640167236
-5826593518.3727111816
-27706833193.6104431152
21112854987.0429687500
5626906191524.3427734375
-447121904.1229895353
1354071068096.6601562500
5846966871.0368232727
-292746833.8320738077
10644788561.1349372864
159929314762.0948486328
80911709420.3819122314
1223852721024.6684570312
10025100486.2207183838
-11703664193.0495243073
51973488135.3431549072
1077329638111.7949218750
347997589071.7312011719
8704174135352.2998046875
808.0000000000
664.0000000000
886.0000000000
116382065450.4759979248
817.0000000000
23749634861.5039901733
-3580896149.5288562775
-10749952166.2701148987
37206505942.0554656982
1616516262800.5334472656
598541207293.4979248047
359871588.6126860380
-11116615563.4880886078
14513707462.2283744812
1173302667586.6860351562
2411484.1313519999
-79499013959.9640808105
232.0000000000
58.0000000000
898.0000000000
123729954103.3733978271
257.0000000000
433007865.1739631295
3940968653.9340758324
7058472217.0877647400
5346437557.7540550232
422902145205.1227416992
703209552.4249973297
315492322674.6177368164
12426325744.9930248260
-195519637.7392810881
18185450992.4419250488
286099677056.2210693359
1780153.2407544022
352730380191.8402709961
1081627158.7495706081
1153945560.2637698650
-20432624480.9335250854
2056929581481.0913085938
1367777407.0354988575
1137432293797.8706054688
10078010327.6424846649
-231119195.0066188872
6381033354.6491870880
352411869958.1278076172
374050194418.1336059570
10725342325.2002124786
1620696046.6671848297
-5434099393.6157617569
337649142590.0459594727
110374923887.5678710938
293171680.3718160987
5381020116.8377084732
17871766800.1729965210
452879448103.3434448242
126577552325.3729705811
3083396518.0171918869
11985803560.8424797058
-2283349981.0956997871
1011116223028.6136474609
642180975.0892059803
881106802747.1453857422
3626216391.7325601578
-2301294683.0672702789
13229761654.5824337006
5724974441208.4238281250
2469073319.8001780510
1225773503766.6726074219
-17030327499.3468246460
11385315183.3576850891
31409102766.4582405090
729182852913.6540527344
557054540.7214514017
1329078289170.6474609375
-11609299193.7406330109
6496739609.1223564148
15386664008.9306621552
756414313411.2348632812
312933652.8916230202
1559565833510.1086425781
795908664.4688519239
267655300.7333484292
196730.7240861657
2439529.9145309702
3335274279.9209933281
25760267418.3240432739
7.0000000000
270.0000000000
524.0000000000
128529772140.9752960205
922.0000000000
1067654699583.1359863281
21518064950.6462974548
207653058.3352953196
18063603740.9681549072
104981421673.2915649414
31101582904.5609321594
753124055184.8358154297
339683401.0530848503
-9475641611.4198303223
29663535029.8963623047
15138780732246.8398437500
198544822360.0227966309
633438421669.1075439453
36253477210.1539306641
-57696118301.2069549561
46002788351.8881912231
9448142981450.9882812500
89726384822.9907226562
503780782929.8360595703
33352803194.6048927307
-101875574018.8830718994
76509161110.7784271240
1951622216070.0046386719
263648871.7666540146
257806016735.4057617188
42491690147.3007583618
-610145477.1062008142
-1273525454.4855298996
2616052147082.0595703125
148617573275.4957275391
1012435332984.0496826172
10311415453.1034202576
6688986091.8774776459
2914394435.1299505234
2303906493899.8652343750
1039282037.6541887522
784589725760.3990478516
19402621609.3142509460
14657988141.9278850555
14988251767.8845195770
6020870389289.2001953125
292420549.9664556384
301447475699.8043823242
30116523587.0620384216
-81501547.1095436662
-1961562331.7912533283
481693525624.9045410156
6975936.7145490218
393429895149.8316040039
2875877214.6274628639
-1957891524.9507410526
2595259796.2101054192
230673905139.2162780762
4727154.9610442910
229682979016.5063476562
-7438030509.6640424728
5292030715.3028345108
-3921750189.1441850662
1794556166738.4062500000
-64294530.4010199159
562011247078.6916503906
-10893173605.2081718445
22780167906.4864616394
12308625567.4629230499
1105987785666.3569335938
-501902494.9548839927
298709572250.0401611328
446.0000000000
953.0000000000
85.0000000000
85557552429.4526062012
683.0000000000
446761085272.9517822266
6658671.5239807107
1698614368.1191306114
1711761143.6864981651
31774584987.2367591858
69893363.3739606887
712393463833.8740234375
-11545.2443271495
530644168.4938259721
923298337.5101180077
33589490962.0747070312
87389358.2111157924
101171367502.4954986572
1179483810.9628620148
5303641539.4479875565
1978490567.5258831978
573732881000.7846679688
-264724735.4123338461
1188543322961.9868164062
16640173762.7754631042
-6126416502.4185123444
33414136192.0769844055
1249336529418.1420898438
1060902793861.4686279297
-1888988397.5479612350
-617524161.3419301510
27195209.4125097729
38031797789.0555114746
55161820.7140021995
923739078906.7595214844
1262949725.4293973446
-5076060067.8648281097
40211451558.2711944580
2169066925294.9763183594
649870792837.5961914062
344520672010.1120605469
2175715171.5201501846
29954717786.8334388733
1629070434.7939620018
1027922950741.5079345703
2652662673.3475260735
6865421698265.3544921875
1278798391.7114098072
-1276758456.7515807152
1251234696.2369000912
40609044880.2202987671
10912742.4385982007
434555853735.4367675781
4735524162.2846088409
16783769471.5950737000
1046654514.9450523853
1240195282310.5219726562
3956216325.3621406555
10884716120940.0253906250
34826774308.0515365601
6982284173.0287485123
18783077315.9516525269
2036306718159.4438476562
-137481684.8769412041
587182637433.4719238281
14828836555.0637226105
-2867871376.2990379333
10672022113.5567092896
664665129327.4157714844
472619665233.6298217773
36954024055.8805618286
-3278868741.8470654488
-4461648770.8498296738
5532280661486.2158203125
62062767834.7598037720
568850424383.0747070312
-13579493238.5881595612
-2955455149.8966546059
1293740250.7084405422
305724283999.9693603516
32321812825.4284286499
2671962483070.2875976562
327.0000000000
48.0000000000
71.0000000000
1151612309953.6379394531
350.0000000000
342396132663.9665527344
33355352705.3470993042
-28508467156.3841209412
2803978985.8689947128
1454116291760.1999511719
2224963592.1009602547
551514931531.5308837891
9134648145.5595378876
-194309246.1116307676
33801684183.9585113525
107791207084.7789459229
39312189868.0929870605
17920210621.5787620544
-1708845675.9109735489
3246544790.9554314613
373219400707.0617065430
170408879568.1718750000
1646329235.2534747124
-203490963.5579674542
912.0000000000
545.0000000000
222.0000000000
1168371740659.8239746094
57.0000000000
186303778067.1688842773
-2058308226.1575775146
-1728079071.2621719837
7126592721.2559633255
282745148459.0744628906
12481316109.0032234192
1076764966983.2376708984
7639385686.4400930405
2861769070.2077879906
-214304746.0163159072
1849229298334.2099609375
-410413746.7131975889
641914043298.0092773438
-10003375976.7242774963
2355248500.1601662636
6830362356.5609025955
168073133471.3092651367
3644324271.5008854866
957576298090.4936523438
-1074920110.6407551765
-2374421017.0716290474
-11780193781.9342308044
132939058593.9549102783
70850676.3781189173
124375891624.7945556641
11970972407.2416248322
-508466310.4145361781
11187538064.3131523132
225483059052.5427856445
106175501379.4457092285
-1362679988.1544141769
8284799739.7222881317
19547923114.7063179016
544672490828.9179687500
28998652250.7055320740
3791453851.9146237373
-19685816436.3976173401
35860081756.4968490601
1165397813652.4760742188
131251330.0311870128
93697354429.0165405273
138.0000000000
459.0000000000
277.0000000000
110891111561.2138977051
47.0000000000
57711775102.0303192139
50031642676.6664276123
-69301780572.2264099121
36147266094.8540191650
1524122616000.1735839844
77959548.7066409588
1104202092765.3015136719
26796274411.9418411255
12589267366.8997497559
4869481362.8817234039
5438601307.1893997192
708406010260.2940673828
24349916613270.7695312500
-9473833194.2974109650
-4882103992.9719333649
11949228206.2099971771
1031805112315.6606445312
503421430499.6026000977
451453368526.1493530273
28388618304.5134201050
-16151999857.2150001526
63571747612.1919174194
766746197694.8618164062
162033571.8216460049
103231399815.6496582031
23461323239.9275588989
-2463284334.6699228287
8842722654.1880702972
18223043594857.2773437500
430250914074.6895751953
962472471421.0461425781
30301212241.1628456116
-8844455557.3498935699
30833612993.6501884460
463193171991.7977294922
765105178748.9614257812
1231139554110.3017578125
34723279743.2768020630
-5366472694.6423282623
59929628131.7084808350
21927875795591.1914062500
456610473093.7258300781
565924240436.6948242188
3818653880.9909396172
-7605922189.5115232468
10009091108.2450714111
813141381539.1313476562
9826860792.3170585632
360026100345.2078857422
538303199.3713279963
2811318043.3406248093
7176482140.4361038208
778532314206.5197753906
358461098317.5598754883
324973619307.1426391602
-2040665240.7941012383
-37107393.8107349724
8796204284.8096332550
108531613941.1313171387
962771057.5668529272
1022624456543.7474365234
-3687477560.6163353920
-7769498160.4860954285
354997982.1255855560
290684522683.9491577148
834199474.5050690174
292934749629.6377563477
-2362378151.0725126266
-42092012886.8673095703
5721585305.7715072632
3042530758920.8149414062
-341532151.7203068137
640332799277.1391601562
446418162.9714890718
258803024.5880693793
5221185514.7011251450
717129564251.2840576172
240836644678.5479736328
8031236.6679879576
2013002687.0282361507
-283335692.1799995303
1373093.8912887773
26635137.9195538945
34118988944.3586235046
7068051920.2649755478
655819742.0251755714
-5429627545.7761583328
-2062561604.7713336945
1002472649022.9515380859
141580148311.3512268066
-339231498.8662503958
376718143.0390337706
6801678296.6227426529
-364434726.6567274928
1368409940750.9384765625
351565894.2794132233
358477230108.8063354492
836058957.6675467491
6458324734.2707509995
1223624650.4467380047
707204681076.4030761719
857557929.0366990566
197735292069.6620483398
1191906275.0015802383
2353824072.5955572128
1050896856.2031501532
1309182895892.3793945312
251727547457.9217529297
-400880291.8135240674
-933961199.1191633940
623404949.5971417427
2307892928.4645137787
870303974884.3874511719
342879513696.4653930664
-249529390.0027970374
990378037.9095488787
-716166081.7766104937
9023591788.2021255493
264327985840.7312927246
66501253779.6024246216
227831596.1571174562
-594463313.9061650038
5344199892.9633007050
3233526071.1235561371
1341518314625.3847656250
119323864268.4694366455
-567127798.2027302980
2234004541.1007294655
-779449638.9230686426
8268694899.2843637466
332602843401.1431274414
128513716550.1838378906
-151334318.5920594633
-1590827981.7858183384
-1389209305.5721855164
490565823.6993475556
534460618999.5294189453
469849746.5603370070
203998359417.8878479004
-129329157.3670442551
53407508.8248647749
827769.8827849920
17530736.0021925308
20087862536.2382812500
3880101041.9042296410
761309993.9292122126
618082662.5567506552
227766657.4896379113
205988342.0737624466
56525665353.3051223755
7543180311.2341413498
1122094723.4184792042
-4836675827.9198732376
5421549831.9280824661
339633786632.2397460938
278082064788.6422729492
5978061.9408913068
-644292845.0891761780
-4009365881.2011356354
22147103826.8822555542
2644396576815.3081054688
1223238238.4151260853
220634890919.2405395508
3391656147.1075501442
2406488245.0995750427
6540114373.3635759354
218919342651.3643493652
626870164661.3614501953
355020438952.1390991211
36798238052.1781692505
-646180573.5099720955
9621965454.1242752075
890283459230.4752197266
-20399409.8667756803
1939696851989.5051269531
-6205257766.1804437637
-2063106856.8260965347
-9541938983.4981632233
475807580788.0145263672
385762214447.7294311523
-8552152493.8612003326
-2755295245.4186902046
29450913866.1050758362
486527968986.6323242188
318347275702.7107543945
-453158176.1478499770
-924771423.0599162579
172.0000000000
956.0000000000
477.0000000000
331015914098.1290283203
738.0000000000
480500090796.6065063477
817532239.3866169453
-707506275.1533416510
56773881.6299629435
-33527285575.1818313599
2565284692.4886798859
1072077312786.8358154297
-59360135.4013722688
254758022548.3824768066
572498861.6317768097
4636611386.6989974976
8477475026.1583757401
1412381054529.0478515625
576848994.1217824221
1153235504467.9028320312
-193807956.8528489769
-18558008650.1125297546
22801505875.8834419250
6599485145707.2646484375
2456544086.7867021561
122552115595.3066558838
1227286942.0453484058
-4949953855.7285060883
10489321540.3509044647
2039717976069.3918457031
966200661.1529611349
299326485809.1077880859
351423864.5053174496
1485142995.7810969353
17004096051.0971393585
3735525318723.7939453125
416201251.8515320420
147778254754.6536560059
201027742.6964642107
4916182287.8185644150
23048855513.0636482239
1910960051496.0539550781
-52003136.5498499870
227060002323.4571533203
7107866318.2938251495
3778411450.2498378754
7005388962.4406661987
1000308203018.1302490234
1050966696565.0289306641
335525472334.6187133789
10316722322.5389842987
-3384192410.9066376686
17957894509.6997833252
156070155337.2174377441
171187880086.1616821289
4617338751.0852394104
-28217706779.0273056030
-12436767182.4592800140
5141157184149.8291015625
598665545.2217916250
203187146850.4470825195
5897614451.9717254639
-1102869185.0932755470
-8292203055.5096111298
227762137154.5979309082
102244869517.4354400635
1881231840.1009302139
7620995616.1443681717
3720766529.7761693001
514410293528.7559814453
600968739.7909495831
885497000682.6190185547
735.0000000000
44.0000000000
700.0000000000
454747140982.4400634766
853.0000000000
119177170761.4671173096
-19161797421.2788658142
-24817029944.0250740051
29163603417.3311538696
773939001534.1972656250
1006890478.8112800121
1622580544525.5483398438
33278358802.2809524536
-5482371773.8358964920
13160108452.0411014557
9429653347765.1933593750
195667785538.2090454102
827947111322.6666259766
17858311081.4013786316
-1617771183.2181637287
3675171695.8104038239
1982492437350.1560058594
1199102771.0177280903
860698163000.5739746094
7289306266.0450601578
1572168987.3021647930
-29905721.7777628191
188117222277.2851257324
767232360390.1542968750
425927200681.6187133789
-1029714436.7209514380
6907542072.2592792511
7385964667.4471635818
1133594722895.4240722656
431111315245.6630859375
284272728574.8944091797
42757464999.7528305054
6703055210.7346134186
1767937966.8800749779
778525641.0252999067
2183559313677.2333984375
7414146374411.8232421875
4928035824.2056922913
-411309777.1679240465
6131758347.5557031631
177911426149.1470031738
222501662098.8317565918
10878287592.7948093414
-4637166719.8817815781
-6120721372.6318693161
6862273904533.6728515625
147278007997.0065307617
813811975509.6181640625
24825374465.8846397400
-1523672295.9538598061
3157517293.3746881485
640579749227.7656250000
531455469567.0184936523
6278433110.0492668152
-65495746.1563167572
41373866818.7786178589
764292778258.9738769531
1039662962725.6453857422
10867070740.7650947571
-9609040780.4092617035
30560561777.8997459412
9318261569374.3574218750
173292843105.1236267090
591606121111.3723144531
26558781797.2581291199
-4505911372.7459077835
18322009412.7824172974
487712934715.6135864258
525203733164.2638549805
6610033106.8047590256
-1350066691.6834490299
-7193822989.7663764954
457298616991.7545776367
45195528.6712263972
232700899560.4419555664
16281986283.9073963165
-47782678027.1962509155
-13783051785.8272075653
760929829560.3511962891
96168776.3712984025
1173703803524.6625976562
109583588.1714864820
5418459020.4541997910
-1373628424.0533118248
1178468253017.4797363281
340591925.0116747022
21530654235.0579986572
2994686648.3706784248
9083648157.8442401886
38659001048.5031890869
1631616283459.1433105469
1603065052.9262981415
437058184160.6510620117
24214372519.1575508118
-3651486813.8531670570
13787222594.1090183258
1072361206754.8336181641
12902828635.6870155334
256403423062.2085571289
-828159041.1009798050
-1164689952.5131418705
11352801399.4488468170
72168471208.6822967529
80740232186.4509124756
8077649071.4667701721
3475583769.7420678139
-27578870438.9641075134
1808092333744.6821289062
264371799939.1745910645
293843442968.8748168945
-13893774221.5724411011
-3390767382.4262199402
2302082534.3657112122
228881226907.0852050781
202505356943.3950500488
13783483675.3135566711
3443996161.6329789162
-4067047307.2275295258
969946593214.7579345703
102697078.5113701969
869491949030.0086669922
20402443332.5144844055
-2135175649.4208486080
12811363173.3222675323
198429749400.7549743652
337543136935.1959228516
33289929468.7097663879
-1924469246.7709434032
4086251820.8816690445
1247324205828.3505859375
924292958052.4125976562
4514085492875.3066406250
38598625977.1579742432
-2660847214.7201352119
21834067465.1205902100
1235171467167.3090820312
205198753262.0722961426
11369525318070.5820312500
-2893478627.6235852242
-6693740402.3227138519
49942459525.3650817871
2119874213864.9284667969
602056949247.2890625000
2036631407.3177590370
-11365070793.3851776123
7379669751.7833166122
1628976075615.6706542969
28403582844.9227752686
1816998938802.0549316406
4.0000000000
953.0000000000
503.0000000000
191919372926.8572082520
584.0000000000
402960978873.6428222656
-2260687746.9602370262
2499232657.2707786560
62853317.6229769662
10149572569.0075702667
-11365626.5125503223
381421470840.5518188477
6437027134.6750001907
17002312410.0662384033
422351594.2058420181
347684267855.5864868164
4218168513.3559021950
8112814505624.0498046875
-2489651597.6678986549
10580280763.9196033478
9351782276.0177917480
667577634870.8037109375
814800171.5671898127
559422213071.4750976562
321979733.9267060161
22203085346.1661415100
632609443.7831250429
460487221295.6237792969
1562819519.4294998646
976267322728.8045654297
3522909392.8745994568
-5740857912.4311294556
39137117740.7005157471
1376091033726.6738281250
579954448034.5894775391
8942100697087.2910156250
-6429543136.2056608200
-11209449514.0177574158
30996246630.7192878723
2408609960663.6142578125
478457622.4544829726
999318718437.1357421875
23333674383.6103134155
-1578742766.2739140987
29126986631.9800071716
474247307340.9758300781
411891865376.5639648438
5045472992.6511249542
-2554048950.0800943375
31243458831.0614852905
426131801244.0355224609
475934045993.3896484375
6626173300.6246089935
-1003211085.0459966660
12128795341.0416030884
482834887885.6027221680
401435207372.3929443359
2738337238.7351827621
-3110400365.4178361893
9405201814.5675506592
514861524866.1915283203
310248638.7322788239
822607496906.0489501953
52.0000000000
21.0000000000
402.0000000000
75417438177.8370056152
674.0000000000
195367205108.2518920898
2044926274.5950598717
635650661.7115752697
863173929.9251509905
31221625944.3155937195
-61964931.7678974941
677891796127.0938720703
7337518478.2701196671
15672121139.4967556000
372557926.7451736927
1035665703434.9298095703
3602204191.5144233704
2604324675910.5844726562
12202225359.7127799988
892627626.2369475365
-1163685729.5597951412
594757005192.7172851562
653115142.6605556011
2461298014659.3164062500
-160386121671.6241455078
-65517115896.8174057007
43149109652.5427398682
1822800836416.9169921875
-1661554508.7964684963
5236893521602.5078125000
968.0000000000
532.0000000000
716.0000000000
263841244199.1529235840
958.0000000000
2163971696651.1809082031
14584076907.3732852936
-1933683619.0567224026
13700235040.3465595245
6281258821155.9902343750
1374175800258.7050781250
593593827890.5697021484
-284875425903.7026977539
-15710565744.8016624451
73023347708.1806945801
2226663461875.8520507812
-2472938694.4645962715
14080894826645.7832031250
11179633622.3059177399
-659334445.0310002565
-19772358797.6353263855
1055218926228.8720703125
601827641182.3323974609
-1330550105.0423750877
-3837212330.2704944611
-35418061269.8459167480
325846794887.6035766602
3915126890.2192583084
4222600150173.6367187500
-2286758030.4166932106
-1415774307.8694064617
2743714636.7539982796
2502346738634.8457031250
49539197743.3512191772
430261449952.6046752930
-6256322253.9275598526
-432600195.6205955744
16296108955.7163410187
216734479821.0732727051
362364930795.3195800781
29662272889.8496437073
-128263641.1546781957
21498385855.4626312256
2098044839182.8781738281
2178014344.0086741447
1130132729178.0803222656
25143555119.5253791809
-2449827500.6897459030
27308424307.5753250122
320299074040.5775756836
349696662879.9608764648
7327049090.7489995956
-513315103.7750378251
33445539201.4838829041
310213779024.2842407227
258811526422.6984252930
594128511.1609419584
4191186036.4477577209
18329279292.4735374451
29035172182.3829956055
129530424113.8931121826
2512711146.9731798172
-6120908784.5107622147
6179145380.5452718735
112474187904.4868469238
470310336414.6529541016
16320370521.5707645416
10685826840.1127853394
-3355226628.4796848297
27103346961.8721694946
34200767888.5521049500
873302449041.7430419922
6002036088.7230920792
-7046833175.0467185974
-1221843937.2107617855
510027233916.5951538086
223053928.4468729496
211070013410.4262695312
52157244.5063947812
-903597672.8732976913
11030734328.1858520508
31074006886.5605163574
24813061.8235187195
13198172792.0905780792
182.0000000000
275.0000000000
431.0000000000
17464032925.7068786621
166.0000000000
70963054943.3951110840
20684025028.4908485413
-2901147210.7368035316
1009170980.8073031902
303689845921.5607910156
848528330542.7098388672
-38151710696.5210113525
-109360051800.0620422363
-10949236641.7278404236
406883237427.6021728516
2725853898040.6674804688
-12150328185407.5429687500
45833140388.1603927612
-597766972.8575887680
34565020906.5784759521
836534979272.0496826172
789848205064.8000488281
14291307053278.8320312500
42531558761.2670593262
-6523141313.9488210678
15853169616.5369300842
917644838859.1198730469
701698288522.3403320312
32489457180.2694511414
-91697760420.9203796387
27847501208.0717163086
17726290066135.5546875000
1750640114548.3342285156
545376334858.6574096680
-4865066163.0545434952
-4545238965.2860078812
-12833168.2164072692
2951957943373.8212890625
13369873524.6811923981
650344034376.3299560547
10020263823.8562374115
764678507.7887016535
-555133684.6216698885
970626730525.7224121094
482979281794.5131225586
368842452126.8651123047
-711291683.0842212439
4774239865.6865758896
3734842833.9770398140
688929605673.4130859375
1769216676.6147763729
193081856434.4466247559
-508797116.6887025833
4038652712.1578817368
3891492799.8844861984
1162046491451.7644042969
535121532.6235634089
1151961310510.4711914062
1382570746.2962501049
-37810323491.5571746826
7173472924.9621248245
1193020663516.4250488281
1828576738.0712022781
102683378090.1007232666
-1948306522.0625073910
501963981.1417647600
14351281335.6486358643
1526492225608.2912597656
52239219.0941210315
403584955375.2406616211
-473995436.7584958673
567622021.4698148966
4519266055.5116472244
402089857316.6273193359
404071518.4464150071
270060829830.9205932617
-2219634440.7500219345
3247799547.7673611641
5300292552.9526834488
423067906480.9733276367
229920397.5346570313
285236150097.6548461914
-101033347.6398283839
10441219814.5470180511
2177565302.9572772980
4726560511664.6718750000
1216507359.0306911469
278590870571.3453369141
-332412780.7443867922
2301471174.9244060516
321059283.1091495752
2678803428904.6401367188
518963692.5416500568
350623273924.3985595703
7893262794.7035045624
6424798835.0477743149
5376450455.3242244720
963366077105.9030761719
432138588935.6874389648
365938435516.4420776367
12708029468.4599609375
-28963320842.7501029968
1860124327.1136140823
721367824653.5815429688
2140120736.9361031055
768528913019.3273925781
1816996429.9277570248
1139567150.1267199516
1133.4598158187
1583984.3923449717
967808.2193340913
725.0000000000
738.0000000000
837.0000000000
93476245607.2055053711
863.0000000000
144043654228.2227783203
325172326.0817599893
551649118.4087265730
628.1580614627
2062592.0798426853
-265463.1157499639
-585405704.3319085836
-510762248.3283430338
5834.6549566364
3709348.1357647148
2270785.9469537335
90418719.0634240061
12541134501.0388793945
379949524.2874500155
94868498522.9694976807
1814564187.8977220058
2155500163065.7614746094
7062189427.4503622055
-146694365.9509763718
-20524250535.6551437378
2235264808987.1772460938
171299528.4772199392
914592139148.7130126953
1173261829.2598538399
290965671.5360307693
1182412149.2324078083
-59885259282.9917602539
7685835655.0372838974
2106544290516.7636718750
686234652.8147376776
155381925158.9271240234
603847042.8550817966
-43529616199.9110717773
12347228193.3610534668
2478326405197.8081054688
210073700.8476742208
144001800102.7372436523
-744651660.0952384472
-2352781800.9232845306
8018424623.5977087021
4975116512471.7822265625
297014181.0904354453
99754264755.5758514404
-1537537646.0592720509
5967158382.6643486023
4683537159.7777252197
215180804508.4271545410
853433594.1702786684
235331868148.3684692383
-236051702.7471512854
-52646144451.3049850464
-456095238.9152613282
5619067093944.2685546875
1095481010.9481585026
121934107215.6969604492
-2074041542.9953224659
-1097505247.1712360382
6191136235.8789587021
690288779912.8164062500
1018231977.6865531206
970819785237.9223632812
-2858827687.5367145538
5899356411.8059101105
747064892.3727169037
490229926922.9345703125
550841148.4369863272
284013971200.6499023438
12792630754.7954998016
-617091562.8320411444
13177024648.3413600922
3544740473040.0400390625
-35229447.9396884441
653229491715.4371337891
16866024167.6648769379
-1325926485.8645374775
8480509373.5601882935
188444018036.3164367676
337550916281.6591796875
2274071615.4910144806
-1590552765.3527526855
-675646143.0801262856
99815457584.6289672852
103157967519.4744873047
6493521608.1477479935
-4323087264.9331750870
43320223580.3119354248
1315002248036.5610351562
1289625663498.2145996094
34918832444.0232772827
-7767086013.4599628448
9521143261.9188003540
593742872208.4006347656
165164087818.7144470215
2604945198451.0327148438
1803602537.3427577019
1069688062.2883244753
3621223485.8269190788
1316924547421.8906250000
466200112.7535628080
1020288167307.4395751953
386183431.2962890267
4574922195.7081203461
660824668.7878738642
215570990457.4847412109
1266980887.1559350491
550197408861.9807128906
286744648.6619529724
-31799817672.4363708496
27153122244.5944175720
366091481492.6220092773
1847963676.3897500038
814632727009.8073730469
-14264481676.8096008301
-5473041226.8130960464
17606483323.4873924255
1842454458489.6113281250
286566350038.6937866211
1007593646868.9787597656
18066383368.5497245789
2521836079.7505550385
17025648071.1123199463
40263478807.7888107300
69191679037.3839569092
2684954101642.7622070312
2527162736.7668104172
-1497870157.8591084480
26569785433.9632034302
443571077823.8920898438
302646204210.5881958008
103.0000000000
515.0000000000
752.0000000000
119710219329.9000091553
907.0000000000
8559903316.6009454727
14985935359.1366176605
8065206690.2889823914
28134067141.5290718079
1421721717303.0441894531
1316140616.4003510475
1367526802360.0339355469
5157284537.1468734741
-9093012496.5576038361
-19031036792.7236061096
1332577372033.8781738281
-29281302.9105840102
946498673695.7780761719
29984961761.5041580200
-3295730682.9137673378
-3162976420.9711232185
212918894271.2583007812
116954452280.1489105225
5830177808.4838657379
-1264530179.4525001049
14659124490.7599506378
420645304383.1914062500
243159108405.6065063477
161.0000000000
880.0000000000
538.0000000000
322618873067.3765869141
192.0000000000
116324697573.3680725098
23590794484.9700431824
-924108066.8216233253
-1562166260.0788116455
196452509618.9786376953
33694240353.8216514587
995469083603.7017822266
23963217801.1632423401
-5424108982.2724885941
8356522799.3600730896
2820884154594.3144531250
825706519.6738489866
1290981156514.7910156250
2394817844.3463907242
-3424833939.9918684959
-1399316060.6654443741
288573975307.0487060547
388195825626.2166748047
-3015661933.0310964584
-6334857946.6978101730
48367742013.0239257812
8385595290721.8691406250
727382045618.7749023438
421698746625.6721801758
-3857473895.9540376663
-4123120361.4548401833
27860223558.1903724670
20429437928223.2578125000
58996168105.1385498047
1391126229084.5979003906
5998471369.9046735764
-10804120553.1910228729
17621059680.7808151245
873771667317.6427001953
606618065269.0261230469
14772154601.9882850647
-72929103747.9226074219
8444799861.0578918457
593965944162.0227050781
46053797.4683559015
305981018002.8135986328
16576412643.0658893585
-895825739.9141777754
7669985420.9966793060
196941854748.9381408691
216413093053.3391723633
426.0000000000
839.0000000000
566.0000000000
308022498498.4623413086
22.0000000000
799609249249.0920410156
1492285989.3670961857
-3880740122.0704898834
5065355932.2216148376
734950328576.0953369141
1083964527.1644182205
674240268882.9425048828
886.0000000000
38.0000000000
87.0000000000
192656840840.8182067871
539.0000000000
1015855775775.5759277344
-188775581530.6353759766
11447563398.0048294067
32580965976.3195533752
1734903105629.0036621094
682896585.8038477898
5290607692286.0986328125
-920546467.1027910709
-2347493203.2982201576
24039572183.5829200745
1732537549123.1513671875
235517641499.3932189941
391688397891.9525146484
-13425331549.2975769043
-6884399541.6875886917
25849797008.4614677429
1046488748423.4970703125
-645779138.3839260340
174850035714.1445617676
939.0000000000
429.0000000000
276.0000000000
163573557684.2726135254
333.0000000000
145551122803.8576049805
11425367596.1115665436
3837961633.6721596718
28227466554.9014205933
3118713982689.8803710938
2494554073.8873171806
1680130566448.2851562500
-6042578326.6232547760
653867013.5435910225
26865157601.2570724487
208003389304.0579528809
421864776542.0093383789
311.0000000000
64.0000000000
400.0000000000
343303615874.2807617188
243.0000000000
106549522162.3026580811
-66583880535.8989791870
-3152864743.0246400833
96204608977.2250671387
3026029113032.6928710938
1787855866.5256998539
9712334244738.4316406250
2051782860.4845435619
497434726.9726363420
-21493427144.1911849976
20281567236288.2539062500
621371398077.8964843750
306771696329.5756225586
6214946189.2562875748
-1210707072.6623430252
4102655006.0044288635
9110163880180.4921875000
987459182756.9483642578
547718540180.6506958008
17860137367.9377861023
-2760236037.1172261238
14951314901.8568611145
1197552398637.9384765625
943935044.5657215118
2338027914656.7641601562
12589307813.1328334808
-1029146880.6684658527
2300211400.9104795456
205719882414.1110229492
123264358871.2412261963
394.0000000000
490.0000000000
609.0000000000
51019795795.7898025513
445.0000000000
611022162162.0419921875
16050628071.3525886536
16415175.9982907586
4683997598.8191900253
183253972101.4150085449
12229178854.9313011169
-40847639.9751574695
1679044791.6116168499
7020730915.6227722168
677608107256.3814697266
-155319309.4031346142
1913140519470.7036132812
13270018075.1988048553
-521824956.6123366356
1014606763.0378319025
107781703226.8251800537
193507928831.7073364258
-8499289787.6521282196
3650462730.1983985901
19152700852.4849815369
740910568149.8350830078
1340390462033.3508300781
24833636823.9489212036
4684373115.5283613205
-4088876706.9872999191
942710756795.6507568359
620521250591.1182861328
37551387970.5030670166
2766652760.0838871002
12563915755.8050289154
471004792921.6174316406
528848912594.9422607422
3069040715730.6977539062
19413312889.2911262512
3202822941.5119204521
9999212562.8713512421
649600099572.8045654297
222067573588.8746337891
48484965123.7644119263
-14331850781.7553482056
-22448867297.2240905762
1548066911697.2622070312
571673087.5068569183
172102584988.7852478027
-323112860.0728195906
1488576013.0229699612
9852623959.0193595886
413677662039.0301513672
113457880.3049214035
471502403465.1242675781
515.0000000000
502.0000000000
857.0000000000
236648549272.9540100098
467.0000000000
483822713764.6748046875
12500001393.7648811340
-726741582.4004617929
3476098272.8607196808
99826956452.1379394531
106389354984.7690277100
2968793890927.5302734375
444.0000000000
457.0000000000
939.0000000000
449926721460.2384033203
295.0000000000
155190935422.3200683594
-2794177632.0342836380
4835324845.0619869232
15151245015.2200527191
458425793580.9412231445
663477303719.4041748047
-8675098271.1224346161
-2687827923.6028137207
26545863257.5826034546
553526442135.4235839844
296417762827.3818969727
9936124958.5993041992
-2482107362.4139475822
-18429695187.9585800171
404503930653.0928955078
128924134361.8972320557
19509083001.6879043579
4540818888.0338935852
18993843146.7188339233
149178113487.3737487793
204409468320.8516540527
-6912376987.6912050247
-8332212663.6357097626
-15026766817.0030803680
25216865933.3204536438
196191901560.8363647461
4666974070.0362997055
1683387260.8717260361
13246867081.0623931885
34733841359.9948959351
36202347900.9356613159
591845286083.3129882812
438387523.0378724337
1251127971.1501626968
987466210.0167171955
115667271617.6860198975
7022926.4344368381
115940307935.7593383789
-8365602273.3793668747
-91922486751.4483184814
-10015789804.1891860962
757622134052.8240966797
109525775.0871440023
1110042768383.0910644531
85139870.9763274789
-878435816.4429898262
80654174176.9097290039
22302738548568.4023437500
1046110625359.0024414062
438743382622.3063964844
-345570682.4718910456
-14285538077.4562892914
8122113961.4332418442
941194844776.7448730469
77016050919.4084167480
390416325764.9624023438
19026133550.9287910461
131756474441.7738342285
-17613621387.1124725342
-773078851595.5537109375
3352726396231.7368164062
248562823317.6982116699
2057783653.0660452843
2435387366.6686453819
2804556812.6446971893
82565020080.6094055176
650133438031.0327148438
205096420345.5686645508
-1996280230.1656682491
2017311748.8809101582
6144118933.1614437103
441954639872.5811767578
567191946819.7120361328
320205199029.3303833008
-667091221.9078046083
-39590857530.0006408691
-1056389933.5945152044
1174977493899.5141601562
1246990357.5545895100
504964712627.8403320312
-1275762619.0761597157
-15495117625.2332496643
-1344212141.4124615192
4942226968952.7265625000
327333425.9954831004
102880793668.2443695068
-1200278060.4466338158
-7470463310.5343770981
6395676175.7768154144
182924216765.2296142578
116100538.3330569118
154627923324.3236389160
282183824.6803019047
-16053291419.9777660370
6257752380.1461009979
5616186651357.8095703125
817943061.7155940533
298075761895.2105102539
-884138695.9972654581
-47504589401.4419250488
20386825685.9679756165
4663805352298.9560546875
-685697191.1044585705
109912838565.0602722168
-2264680070.5035824776
4094071667.9361968040
9495666054.5820064545
904900554577.6177978516
450529630.4206950068
935175274892.3942871094
25950001384.1837615967
1508802197.9098110199
16758769639.5104408264
178058748313.3880615234
181372758830.5452575684
6182402546715.3876953125
31343199020.0407867432
3206235071.6748728752
19251042960.7067108154
673251000594.8845214844
46202781250.0105514526
1731700638166.9638671875
10431046338.6076698303
4701283057.7141742706
15375638169.4874019623
32783685516.8049697876
6113583.6881414922
204165701859.0575561523
4428423406.7199678421
-23915324962.6416320801
2693619068.5846085548
3645533273957.4531250000
324366315.7155215740
860618850309.6188964844
2701186315.3068814278
-713621024.9396803379
-47220.9192017518
7948540.5859047594
4388038.9264117545
-959009673.9239884615
9587915432.2004661560
28676270599.0089340210
1578320171521.4057617188
760989155.3000214100
685894995925.0080566406
1046457726.8697425127
1056499631.8311474323
-19630.6923078786
1467325.6738386436
3614958.9265141543
579.0000000000
393.0000000000
83.0000000000
1131818619525.4565429688
155.0000000000
221675602612.3048706055
-936115468.0540049076
2941136053.2554087639
5009538913.1652307510
115584182249.8974151611
143488518.5202288032
168697630834.8782958984
447855217.8610220551
2993357206.0092802048
101709564.9631020129
1045379601536.9570312500
819654551.4426560402
1056406684859.9279785156
2538361820.3142786026
3455994782.5824918747
-62688.3444510940
7007720.5362676010
3093048.7435032092
280404518.5886732340
1346796982.0632328987
-17806.0139723691
4194218.9918582668
3531509.3387744376
-31994701501.8813934326
707805344.5371735096
13904275374.4226760864
1246907538042.2470703125
1219738377.7400979996
1603362589049.7521972656
-3220630020.4334712029
2943549517.6938238144
3904925404.6676139832
480371272347.4772949219
593997645.6914314032
1654643316483.5820312500
538.0000000000
789.0000000000
15.0000000000
97884078938.9427947998
258.0000000000
754658715619.8430175781
450.0000000000
689.0000000000
693.0000000000
194779959786.2006225586
734.0000000000
144203427222.3403930664
996.0000000000
868.0000000000
288.0000000000
1281179003553.8920898438
539.0000000000
132416885486.9952392578
24741950199.5433425903
12954448595.9118957520
5527479655.8005456924
983359872255.7883300781
-1137707289.0172500610
289241791711.0499877930
30667690961.9235763550
-1535611553.3663418293
30679682828.5894546509
65803559161.7868881226
286836944226.2647094727
1262512013.2270145416
-46890719196.6141204834
1078232556.6686820984
1902054365640.3691406250
832848297.2400320768
301540973299.8551635742
-591698137.6561725140
-1385671373.3220188618
9051372635.0027999878
3605402678329.9418945312
218311091.7147255838
510736270742.1743774414
1326264610.7853722572
-16323464458.0293312073
7636971761.4897232056
3026523878768.5000000000
2123235745.4032900333
407561343908.4605102539
34361106124.6061630249
94024089.3681269884
660968125.4318799973
411571890480.5613403320
238490020369.3172607422
2966880002329.4677734375
-9359861263.6523914337
6089677004.4760837555
10758527661.7741794586
1040300679119.0819091797
2597624211.0525054932
1110734294971.2033691406
-1034244157.3859939575
14630916350.7715892792
24594454377.0021324158
785892109947.2509765625
978021364.5816570520
715688906735.0654296875
7437198111.6257791519
10291065639.5961170197
11130132314.7551212311
1232581668585.7705078125
327275002.0247398615
235849224435.4698181152
21421412463.9119148254
-13036870680.0128402710
-13395308520.9989204407
1929722747661.8967285156
-129927511.9189495742
319554178080.3053588867
186.0000000000
649.0000000000
183.0000000000
1529481499643.6354980469
513.0000000000
169629234635.2145690918
845.0000000000
967.0000000000
80.0000000000
1445085359121.9760742188
707.0000000000
262007825796.2157592773
655.0000000000
140.0000000000
873.0000000000
1440032613111.0600585938
245.0000000000
263220824989.7164306641
-7512732977.8938407898
8832046999.1790122986
23135792914.2649574280
870818694129.5048828125
84364443.8333701193
772704545968.5910644531
7487192311.6457862854
-1022062625.5111886263
-820004812.8666883707
288987138900.6015625000
72253293514.4243774414
3257945707202.4770507812
1241738280.4116685390
1514859806.0177035332
36624400606.7841033936
-1202522361.9683918953
-661174352.0986762047
1237615129764.4499511719
990244778274.8883056641
94508683933.8694000244
1154994921.7261133194
16167993187.4082984924
1062433717565.4957275391
364272177290.3189086914
11157880979003.6757812500
52582787223.5773391724
7156072310.0988950729
54498571997.1606826782
4055209952153.5253906250
383557305215.3056030273
1420631994904.8911132812
-3063127438.2786264420
-1890022886.1622281075
9582866697.4510498047
1447571775283.2341308594
177503386127.6973266602
189922609016.4936828613
1667260115.6172525883
-8155412628.0964899063
9728369571.1032333374
506533679823.2097167969
-21859502.3476979025
144656953571.9992370605
-5508035669.9657526016
-826399408.7592064142
4371258305.3607006073
170675859436.7094116211
272184676553.4719238281
14202040902.3436756134
-1116078760.6827044487
-10964934752.9325485229
318152098847.0609741211
502641247775.3157348633
-7995967342.4827413559
-2261969236.3143539429
-9221750569.2430019379
318868085222.8232421875
34250137.5894259959
823049641956.6439208984
28445122401.9403877258
621848909.7648328543
2828175642.1439266205
467405319102.2436523438
41480346205.9402465820
1470281858233.0063476562
20440143455.6414680481
5590612762.2351493835
22881613289.1716880798
993226901816.6718750000
-346428319.3486736417
2730094810113.5161132812
19620719408.3719635010
-517421099.2867051959
11008571542.5519313812
1445825992002.6352539062
685294710528.8057861328
6661259506558.9892578125
-12050938875.8225669861
677732186.9497588873
10387854067.8147430420
87057935335.6734619141
130666367324.4113464355
1005061430.4397510290
1242585190.0690889359
689383979.6633806229
4603871919.5253276825
3946953807.5474724770
280515795975.3514404297
175153059.9394055903
1193750048662.6989746094
11194304487.4758071899
267021313.0047199428
32288404292.8168106079
2296374274000.1655273438
54559505.0194970593
677186751212.9970703125
19337184414.1878204346
5906756505.5379171371
44076641158.9169540405
674259926034.8656005859
511426175168.0203857422
9708348312680.5000000000
-9535578389.8994483948
-1163870768.3680572510
-11477241445.8547515869
267902391195.3921203613
285480494443.1756591797
6659934387.5056886673
393506217.4691557288
24387555179.6664314270
190689862735.6843872070
50616290372.1862182617
2370860752713.3842773438
-8391983362.6222572327
1130579849.7841553688
4644606032.3311004639
377053547307.7957153320
161196362529.1265258789
2370957117.8380374908
2988024557.1962151527
15591690632.1409759521
324449603649.8562622070
432045793532.5610961914
705.0000000000
8.0000000000
218.0000000000
683474154615.5700683594
367.0000000000
78220945013.4134674072
391.0000000000
867.0000000000
977.0000000000
771548332583.4351806641
955.0000000000
157753532812.7429809570
47740927256.6319961548
37378355176.7889633179
-11550533793.1049747467
1030527733209.0533447266
137848101.2658300102
1573405910856.4228515625
447051811.0227668285
6222933603.7787981033
6310543822.4594430923
5901820666166.7724609375
780761911111.0487060547
761306042640.1789550781
35748307487.3395309448
52925231538.0131225586
67991805784.6971511841
1688280439308.1843261719
605343056.3199174404
314006394473.2422485352
9567351218.5645523071
1325125742.5939369202
18650185516.2968063354
3401903513322.6669921875
346843168532.1017456055
411446451793.3256835938
-12272727290.8638496399
1970018623.5720589161
22069300147.5981826782
7825309769894.7246093750
2304979754.5358433723
550426677218.8546142578
297835791.6414880753
1701607543.5570063591
-683144539.8750792742
142509725842.1943969727
192065566056.0133666992
7135753856523.1523437500
746097888.6666961908
391973350.0584398508
13647.6055234983
1552849.0400473883
2480765.2358008088
13849993195.4324703217
6196271097.6601924896
33654051530.5425033569
3620685173573.8588867188
1223645606.0893566608
861426337149.3730468750
910.0000000000
693.0000000000
852.0000000000
2496056529392.5043945312
53.0000000000
68534454432.8694610596
-17975833505.0826797485
17142950543.1436824799
-6030819361.1086025238
1355146328279.5595703125
58777655.4760472029
557800746959.2443847656
9083713845.1077384949
20034475.6547986008
13228755391.1535110474
285269405905.6525268555
63690302230.6558151245
7185182613.4398269653
-4048194403.8622531891
-2272498390.8177695274
132867346833.5543060303
62748841904.9491348267
1756843501.4884433746
1433024176.9010839462
5865185246.5420055389
519956725841.2930297852
453213064.1373162270
1499471150143.4772949219
175.0000000000
570.0000000000
547.0000000000
219659167758.5480041504
715.0000000000
32004545835.2576293945
5804488856.0003099442
-23267735396.1446075439
-5459157846.8926782608
805812947156.3681640625
683340646.6454559565
711792490700.1899414062
7816487021.8483648300
-1403744300.3526964188
36466877383.1287689209
218324633664.1464843750
141154046094.1188659668
21161063241.0252609253
-11780074880.7789001465
2579263292.1789131165
77905661045.4304046631
11261488008.4856414795
269597780460.1887512207
464.0000000000
554.0000000000
134.0000000000
128581911460.0845947266
928.0000000000
34948963408.4025421143
28922134303.0125045776
-6138571969.4644689560
32537943330.9875259399
839003895430.4898681641
20836635.4797285013
1192783178422.5063476562
-1957565032.5527777672
5117757776.8740406036
1717356380.2576954365
1057642740409.3242187500
1655241422.3032526970
1520952982836.0007324219
-488721993.6891987324
3822199811.6140971184
5328282614.4800977707
195506360709.9544372559
793490001.3814023733
740113980701.4512939453
521151856.9993730783
18412044403.6161003113
844191017.5580503941
308552246088.5776367188
1185159405.6188764572
1822517347501.4807128906
1238141815.8166444302
-3888293319.7979111671
4795530768.7218399048
5262191603650.2871093750
1862090249.0559370518
54281080626.5062179565
-807471818.3392142057
8141490837.0254001617
-443182603.2813525200
2733728711339.0170898438
683148688.2377146482
175053853155.6090698242
586067104.9139766693
-33167984590.5903739929
436661127.7520105839
3212585736388.6093750000
1807592522.5761959553
521236795646.7665405273
28996784469.1443824768
-35902395450.5171966553
3971014396.8157324791
172885262205.0083312988
103371782171.8939056396
8176987576173.2597656250
-14740247386.7794876099
-7708743323.9853000641
24361395972.2882766724
535424231050.5628051758
89701601667.4859313965
2808888366293.7773437500
8164653336.5801687241
7043787185.5077619553
-9067397455.6139736176
1152503335372.1816406250
1274266745022.9187011719
15737722970.9128284454
466624919.2531058788
944412871.2811480761
348147404549.8726196289
359380173819.3512573242
1336512380.6432571411
1070847386.3459208012
1304337256.7875757217
-164456412.5177623034
9397524.4020449799
978946944.3698040247
21114850663.7889785767
2012018075879.0363769531
5569030401.2993402481
5086150854.7020130157
9783072050.9158687592
8640664071974.5703125000
81901406587.6393127441
394754565764.0728149414
2711030393.1317052841
2191267207.2355251312
18104277618.6151809692
4983178269698.4228515625
383852331.2264829278
1032548857119.4093017578
2065163328.8238399029
1819163801.0921366215
-11962.5397184190
7712875.0905997036
1497931.3844278473
1027877703.0182025433
1915655346.5172677040
-30933.0721956243
2445751.2194810375
3579247.2703863918
539581732.3433793783
895286174.4144468307
-7409.8768059159
3660877.1561375367
3302608.7539244127
219063651.9899846911
329150735.4768044353
-14584.7340430894
836225.4061345255
1625070.3946969912
-13908543218.4269123077
-13747482229.6876678467
23706549374.9292869568
1589305626982.0129394531
1303594021.4690759182
136904993146.9529113770
10344869737.5150699615
-1063780430.3074517250
15751708879.9896907806
122560687754.5886688232
8486299.2030753493
137857541156.0621337891
648902385.2736513615
-2828964891.5174460411
2816525982.5586795807
176867860750.1697692871
474365225.9854805470
982335092905.6616210938
647.0000000000
880.0000000000
648.0000000000
157398926543.8999938965
129.0000000000
620924147030.3645019531
199787665.2731402814
-822961149.7455911636
12134057590.8798866272
561965566911.3026123047
470667584.2600824237
1152507773027.1015625000
779137735.8533999920
371029847.5371003747
2483119061.7144002914
2105401808.8759527206
1261497119.2653059959
635288338.7365200520
835807528824.2714843750
966672905733.0112304688
702.0000000000
593.0000000000
460.0000000000
730847388433.3916015625
56.0000000000
323413567270.0221557617
28640644349.4806442261
8907047899.3401088715
-22681703861.3046607971
376695039862.3048095703
1100511856330.6472167969
14881266626155.4062500000
9968086271.3352146149
-2837768127.3433437347
2560741754.1254124641
222140586135.4573669434
352660720471.3211059570
17785766186.5203666687
-1166139162.3439841270
2113458173.9799077511
230648186347.2890319824
258738093959.7393188477
2212803398.4835600853
-4340234386.2349863052
18013435258.0837974548
3939774198426.0610351562
489502771.6809714437
1143224125387.9726562500
14889186053.5083370209
6019240720.5467567444
29321450168.6430320740
4321303797334.5732421875
496877376.3191409707
551301031859.7558593750
-1419173542.7144773006
-2857239942.7620401382
7980121874.4761438370
238704348973.1894531250
-201321581.4603666067
967818531867.1735839844
787968882.8723983765
11806436066.5774879456
-16030103272.8427639008
505280730071.4365844727
476434072909.5114746094
59558646511.7015151978
15413012715.1784286499
2102988671.6777825356
16938484359.3915653229
6243334689122.2500000000
487030894.4055952430
1082542623294.2811279297
2273249141.7205977440
-113417832.0866075307
-2906721341.1765227318
5857870958538.4326171875
572083318.8718408346
793046456650.0699462891
6365856665.6068410873
4732379000.1621847153
4986960322.3021955490
4676761486119.2070312500
178676370003.8240051270
25215076718.8700027466
839.0000000000
938.0000000000
878.0000000000
134947203363.3539428711
244.0000000000
506082546210.2126464844
9504603472.3929901123
-376304845.1969032884
-3892409608.7859091759
3542027884511.5131835938
32399294850.6577110291
723684907415.4945068359
50428807688.3647308350
-21270075824.4862861633
66888136850.3215255737
90793499088.4986419678
545166941.8455114365
2337257921884.3452148438
-27049595341.9266204834
10307089345.5894546509
40511342387.4851989746
1066271445868.3756103516
494694974525.5890502930
10799383273362.3417968750
756043883.7501220703
478555135.2758498788
15036552944.8070640564
696403111638.7087402344
-12993088.1349075940
417743826940.2310180664
23957639376.7361831665
-1043253223.6406950951
5342457632.1065578461
447488455282.5346069336
186789669627.8207397461
4391616903.0867853165
-322937946.4461134672
-5301965005.3214139938
137915031096.9257507324
122469413174.7065429688
-4198311085.6700558662
5190858448.2707748413
18079647221.8615150452
1783620067949.4687500000
3375832026.8534197807
497457324581.2982788086
-6542867557.0299367905
12524798125.7968807220
-10365843236.0100421906
965631360964.6020507812
253104971.2341515124
424917008910.4122314453
27229127911.0243759155
3662122209.4706206322
2125853083.3760230541
1942358718040.4614257812
45049917171.3764343262
212690490148.3196716309
15617807356.6233806610
6217811475.4974327087
-6074966937.4202852249
1471237244791.9206542969
267313565427.7105712891
2614785562.8604531288
-18224341718.2282638550
-5834454210.1049509048
1319973333448.8029785156
92696340.1210594028
618097939312.0185546875
716.0000000000
742.0000000000
687.0000000000
327704533722.2933959961
894.0000000000
33795191097.1972694397
21357101248.3641357422
22016354401.9710273743
16275196607.3435249329
1690872835624.6677246094
617787114.3348906040
344012364882.1333618164
306.0000000000
677.0000000000
760.0000000000
2170157802899.4831542969
620.0000000000
292029555835.3821411133
78.0000000000
629.0000000000
513.0000000000
467379006009.7300415039
344.0000000000
32144478627.7851028442
5147345596.7526826859
7728131478.5145521164
9345948196.8905296326
4548039587358.9560546875
-256811106.6485016644
602003454222.7551269531
9495752521.0972785950
6191402122.8695173264
-17274219043.2795600891
1096251552104.6196289062
93949623.7569600046
268125322083.0118103027
12002106337.1103553772
1231289565.4148650169
17820786933.2760925293
369447144331.4223632812
97058876367.4708709717
6668573590.4846010208
-5886428379.3861398697
-4672000156.0496644974
323587359690.5234375000
110671627377.1183319092
-22299406809.3776512146
291516609.6149469018
508934903.5936578512
1476844779603.9077148438
-6990223.0794365024
109558077997.7595062256
283241166.3415836096
821405512.8235995770
2744191573.4237160683
157029246173.9062500000
40599346226.0540466309
-3448958338.6100745201
775.0000000000
176.0000000000
218.0000000000
55083964819.0039978027
622.0000000000
27414540243.1359710693
-34407739330.6636962891
-5413381460.3614339828
-11905147822.8058948517
-101953505925.3930358887
1203219.5927353499
924848251147.6501464844
-19275645458.4317436218
13883070109.5116901398
54529102868.7590637207
920204601653.0582275391
-1023009328.2037091255
2024151639159.0412597656
-28232715315.2513961792
-12771517589.5890464783
23814035104.5703468323
930288570752.7348632812
-369006668.3660110235
537750792049.8253173828
26534335889.7686920166
-353033873.5565896630
15870906139.4703121185
457815079394.3822631836
96962814060.1535186768
4829574186760.6787109375
24028237070.8376998901
20133354253.4010467529
19233915837.0884399414
2072091383282.7966308594
1210362251.4269263744
648890329904.6766357422
35897482994.3194885254
-23297523005.8496704102
-5028885513.4896678925
5518327684965.5947265625
-499725643.3549271822
543984030900.4530029297
8320065779.6877307892
-1792747883.7601032257
37252135781.5922546387
5071964612165.3193359375
124917021907.2129364014
225557022437.5757751465
55696665448.6619415283
242048567.3361327052
33991027036.5376892090
2271308712237.5991210938
486121427831.9474487305
9535218600.4330043793
67038369558.0822753906
67681740623.0148086548
971781674027.4455566406
207771051.1832799911
1855060906664.7070312500
23072687839.4571800232
2690104002.4689965248
21520947302.6247138977
347252546483.6831665039
189850479170.9599609375
2969978813.9062771797
1703956881.9676742554
10372418331.3065872192
292382391839.0820312500
331445240852.9984741211
1173929345.8765509129
741407014.6118364334
13971494080.3100185394
12338721554.8254318237
-152424178.6681629419
-119544431.5094975829
84706257163.7328796387
843056174028.2348632812
304.0000000000
819.0000000000
94.0000000000
450288854805.5520019531
144.0000000000
321264595590.7588500977
-14357660803.8219890594
4996457443.7270202637
1956796246.0470054150
901920602713.8092041016
1247736372854.5893554688
-3417805373.2215323448
-3314066191.9077391624
10449309279.7411975861
1082733869895.7314453125
512801223477.9129028320
11306565161637.6445312500
9324506530.7832393646
220113375.0283020437
5911999687.8838872910
1539498354435.8957519531
374591618.2591224313
316537349438.5322875977
-9871782768.7623176575
-1016026677.7406982183
15394273758.1439170837
15922816306234.0937500000
327593522314.0341796875
-74246717866.3743286133
125.0000000000
656.0000000000
366.0000000000
1022173895549.2080078125
230.0000000000
781225285507.9337158203
-1691546223.0893514156
6372060945.2056417465
2240587866.8834528923
451012310484.0354003906
-121157402.3115236014
483476522652.6132812500
-3678328152.5694761276
141927564.5094485283
4692578770.6409511566
92778999396.2338409424
100990214984.6694946289
891.0000000000
511.0000000000
570.0000000000
135797812350.5073242188
833.0000000000
429310275990.3516845703
30631194821.9306869507
1298005986.0502839088
-6972950941.0202817917
728627373670.8665771484
178195741837.4729003906
67976089659.3110961914
34839751350.8373641968
-1329666041.7307512760
39252523341.8142242432
2422446837162.4248046875
932022857.7501465082
452677769082.4519042969
15264713891.4957599640
-627429290.2773898840
-14655684561.6277599335
586199051075.9436035156
526538159651.5057983398
-14528673094.8289718628
57984199.5786311030
-1065615068.6901936531
8779736470636.9843750000
661924091248.5672607422
769977722805.1054687500
-1024529734.7848509550
34124121516.4504051208
3851175386.2186393738
4070395615975.7578125000
208267668397.9771728516
218214907062.7828674316
-19008932711.6364097595
5782904013.4493942261
-8397527978.0933427811
1431104269190.6716308594
216605760.4109196067
3095140844976.3779296875
99.0000000000
937.0000000000
450.0000000000
634090771103.8426513672
941.0000000000
45509336398.6581649780
30267599633.3557586670
2118953206.1091420650
-19666310178.1859664917
13958947453276.5058593750
805565463002.9990234375
614468614304.5003662109
8031394865.7434816360
-1083834342.5451703072
24850382615.4064865112
410515522542.9179077148
-29849411.2990049981
429964915497.9401855469
-6907996551.4862937927
1130991382.6016883850
-13870289665.0673313141
424057334920.5591430664
250441267731.1511230469
-7973887043.9143657684
52569373237.4926528931
17791302005.3243980408
1234678158732.9460449219
6451981.2878373004
584668380406.5051269531
6735632214.7504997253
19097431315.0799255371
15938474273.7463493347
1614467543520.7165527344
21429256337.3153953552
243745831402.1850585938
29096063958.6174697876
1326522775.8843736649
2028400666.5528216362
472521682648.1914672852
324963573746.9686279297
1062996712.4839453697
1501049530.1011242867
869.0000000000
597.0000000000
174.0000000000
78583052405.7624969482
47.0000000000
29209799281.9135284424
-7435149370.0028982162
491892223.7819167972
23474179465.6209983826
175636259146.0120239258
41508809026.8671798706
5701418618971.1972656250
-3990439832.4446191788
8848567606.3540573120
25140497674.6923751831
1582308001028.1718750000
-625119971.3748108149
315952350787.0093994141
7724350062.1478710175
4600938049.0829296112
37484543520.2852478027
6039680870664.4892578125
410078153.2772976756
781962445335.3881835938
-8066562870.8950576782
5217253489.9249773026
26640631575.3225860596
7460382967088.4794921875
324907435930.9373168945
12379939180.2395782471
20375207358.3948936462
-1106747470.3891115189
4028175313.6533331871
179501035682.2651062012
83357864610.5782623291
164.0000000000
735.0000000000
300.0000000000
146776779664.9668273926
101.0000000000
155391843249.1311950684
-1410059599.4724092484
5477374030.2442655563
5549491548.0340986252
482546177150.1076049805
62374855.5122322887
-136344794908.3797302246
-1540855093.0090742111
119019668.5246696472
5810097455.6529045105
437472288018.8193969727
108495597.1381171942
411841376715.9776000977
630.0000000000
515.0000000000
417.0000000000
246421439779.7635192871
167.0000000000
55930872972.2094116211
44267134646.2916412354
-2308157484.0987958908
23193170059.7029266357
98973797682.9490203857
219709666445.4338684082
345038121616.0968627930
-1147026482.9490489960
-304962006.5963502526
-15121073043.2344436646
504233747854.0903930664
37483968450.7642822266
7313467203702.6875000000
-1221665107.9798002243
-41692419793.8914947510
5182616853.0301332474
265663830591.6642761230
378906729.5143359303
786529612971.1033935547
41446315227.9056701660
6192277829.6907806396
7487840219.5863533020
841792194643.7567138672
546729672161.3604125977
1307881347626.1479492188
20429442356.0621337891
7799138339.8885583878
-6069181129.1234340668
475308403816.7933349609
1030617817811.6961669922
8732863399.6804885864
40395302609.7189941406
4892121279.2848463058
519975111800.7112426758
214034235049.1898803711
499799688106.0844116211
25039068494.5923728943
107551114104.3834533691
25135241057.2845497131
19498045741987.2421875000
153023577718.8667907715
1654549916844.8183593750
40175803437.7485504150
1407130176.8476009369
23726124370.7370796204
210557066417.4883117676
461623804234.9296264648
13076672896041.9589843750
27862846752.6281738281
2929032875.7312536240
16105044195.5434398651
506612445982.8424682617
443755157603.4509887695
6022069416528.4511718750
30456106062.6350173950
7732888149.3138160706
1639642217.9961774349
2358493187780.5024414062
3598367589.3834700584
1123487371807.5576171875
8358225007.9402408600
-32175014939.4028930664
30775578770.7497100830
460792584734.8060913086
24432672.9040552005
426388875282.1837158203
6617402882.3570671082
879015213.1832967997
-60265831.9494036436
160896441893.4277038574
248135722048.0408020020
-257098523.8052678406
-360380633.8327153325
19143282493.5684738159
4907684537.8576202393
-18149566877.5213584900
1844562574110.3215332031
2030928911.7746071815
1704585637069.3127441406
-7971899800.1117897034
2875535293.3783674240
41679781231.6323699951
1040354196997.2760009766
460871514698.1201782227
417614605469.9631347656
15481611388.6088218689
813087245.7172787189
7444658572.5870466232
230762422956.3777770996
417339107355.8714599609
-14703801272.3500480652
10568749813.9942207336
13901083717.8454284668
320743288922.2554321289
529952620.0939316154
13811846929.9392108917
-5487546167.9950246811
41548046740.6513671875
5307915530.5918979645
659798289965.4913330078
159749220.3265582025
639134764564.9498291016
200.0000000000
8.0000000000
751.0000000000
262299286114.2134704590
747.0000000000
172610642900.1774291992
1464018797.7451720238
5130755065.2816877365
18900312370.4036712646
1137317740935.6230468750
119172243.3771176934
222314852492.0025024414
25413377373.1090698242
2111105822.7336156368
7545705310.7130060196
383279758075.0867919922
174749549961.5057678223
2260636362.2591023445
93403601994.0947570801
-833134585.1019009352
725372696801.2854003906
122488259.0350395143
102014473398.0373229980
14406792819.0197963715
2298528644.7482914925
6161868666.7577600479
230404720311.7554016113
85268048745.3938751221
955040342.3276534081
950055972.7256050110
30.0000000000
670.0000000000
542.0000000000
386926432928.0606689453
53.0000000000
78175639097.5577239990
702.0000000000
205.0000000000
56.0000000000
2576639394126.2124023438
912.0000000000
246651277400.6814880371
34829986717.5537490845
3436828192.5761222839
6072391462.1559724808
248029506290.3672180176
355180293157.8258666992
-9679938777.9666061401
56770298321.4623031616
9822371189.7422466278
1943458298955.8125000000
456798154853.1483764648
323132378742.3760375977
22559866552.3132629395
3736439626.7029418945
-4322200889.1323699951
183877451555.1213989258
57632865.4466516152
265080558763.3073425293
10704252310.3843345642
7398464879.8468465805
-8673235091.8369140625
888985703749.4497070312
42939047.8811241016
361762761191.9143066406
2463097957.8777513504
-373451764.2820864916
3289418894.3120498657
57585353664.4053192139
197769346456.3525390625
14896183112.7311820984
-575151119.0469299555
7900296135.6049222946
238978171677.8581237793
151030591203.9305725098
534.0000000000
935.0000000000
632.0000000000
317150756574.7092285156
543.0000000000
116195447909.3975372314
6262961694.8503923416
5728563762.7435922623
15347724461.0357494354
240883638136.7089538574
55998899.2845399976
1422133606263.7421875000
32245193660.4397697449
-5654421109.5865516663
6692035663.8365087509
305944785296.2406005859
299675691445.7838134766
3982404778544.6479492188
3826204631.5318217278
133843179.4436603338
-3251960203.8689517975
729593594984.9245605469
47679994912.2789382935
3790279114144.3286132812
27415825528.5274696350
7738913722.3309984207
19753408699.9486007690
886930706283.4798583984
19518083221.1185188293
303453419849.3116455078
13188638548.9359607697
-63926599842.5593566895
-2863990283.8421692848
79790978212.3257751465
1503819765731.6284179688
15963222829488.7089843750
23407053361.7600288391
-30818004915.1581077576
-2281177016.0790328979
364747418030.0057373047
460534114575.9197387695
11575768981372.1835937500
-20134104385.0001754761
7274857572.5747575760
20101284202.5882148743
1041836473085.3603515625
-182241376.7647910416
1507688122274.2053222656
33753035100.2641716003
3563736323.0569343567
-5046489574.4168138504
149156752283.5848083496
549136825656.3353881836
-2710466328.5370588303
648337080.3694554567
22905164130.1374015808
364649348711.3799438477
124389578947.0328674316
10799025719.8138389587
245752999.4934397936
22109022169.0024642944
422003417327.2319335938
-109573383.6202872992
514827752847.5230102539
1541618686.2463762760
-353088571.2185114622
2100274049.6184840202
49527382377.7859191895
117834841580.6039733887
-1347906615.2499227524
3418761602.6646676064
1507834770.2731785774
925206210594.0139160156
283130174.8088084459
265688669892.7731628418
5469455221.0213203430
4253484245.5420875549
10809486346.2559165955
244838286613.9125366211
18609796.3676390387
155056076819.2149047852
42.0000000000
412.0000000000
207.0000000000
246399520851.9489746094
926.0000000000
27712884127.8800277710
367.0000000000
880.0000000000
104.0000000000
757685796661.8486328125
703.0000000000
103191005074.5643615723
-5826068611.8985280991
9021210799.2393531799
1293690301.6395559311
421066454154.3262939453
1112759004.4635479450
984227842857.3717041016
10045860793.1963806152
3587073403.8551898003
-9860378780.7770977020
507941273153.7236938477
413495635.0682123899
224994520557.3117065430
5151041580.3402423859
-19663705792.0414047241
10667926337.5094051361
972400053579.2509765625
6231517.1528160004
806951247138.6035156250
-4457590367.1984300613
867659964.0744861364
17629551858.8117370605
238111426590.4557495117
729950155611.7509765625
10019796394.0678291321
3465600112.5965161324
5971798894.4176378250
188502794570.0963134766
308393315175.8932495117
-9289210183.9428100586
638030151.8690557480
8101744486.8585920334
437318195051.4014282227
118069765576.1873016357
6425777393.0134887695
2457756457.6448535919
12479418835.1142005920
18020904532.1077690125
11007430.7659328412
39819513953.4744567871
898.0000000000
673.0000000000
908.0000000000
67376775396.1606216431
88.0000000000
8127947319.6229047775
30413029716.3806610107
4816055093.5407705307
13082173195.1906738281
1311275813851.0546875000
316308442.2892799973
429242057391.2206420898
201.0000000000
543.0000000000
806.0000000000
578394768320.1129150391
851.0000000000
20172261355.4877281189
